key,0,1,2,3,4,5,6,7,8,9,10,11,12,13,14,15,16,17,18,19,20,21,22,23,24
#,Name,ActionTimeline[0],ActionTimeline[1],ActionTimeline[2],ActionTimeline[3],ActionTimeline[4],ActionTimeline[5],ActionTimeline[6],,,,EmoteCategory,EmoteMode,,,HasCancelEmote,DrawsWeapon,,Order,TextCommand,Icon,LogMessage{Targeted},LogMessage{Untargeted},UnlockLink,
int32,str,ActionTimeline,ActionTimeline,ActionTimeline,ActionTimeline,ActionTimeline,ActionTimeline,ActionTimeline,bit&01,bit&02,bit&04,EmoteCategory,EmoteMode,bit&08,bit&10,bit&20,bit&40,bit&80,uint16,TextCommand,Image,LogMessage,LogMessage,uint32,uint16
0,"","","","","","","","",True,True,True,"","EmoteMode#0",False,False,False,False,False,0,"",,"","",0,1
1,"Surprised","emote/amazed","","emote/u_amazed","emote/u_amazed","emote/u_amazed","","",True,True,True,"General","EmoteMode#0",False,True,False,False,False,5016,"/surprised","ui/icon/246000/246201.tex","<Clickable(<If(Equal(ObjectParameter(1),ObjectParameter(2)))>you<Else/><If(PlayerParameter(7))><SheetEn(ObjStr,2,PlayerParameter(7),1,1)/><Else/>ObjectParameter(2)</If></If>)/> <If(Equal(ObjectParameter(1),ObjectParameter(2)))>look<Else/>looks</If> at <If(Equal(ObjectParameter(1),ObjectParameter(3)))><If(PlayerParameter(8))><SheetEn(ObjStr,2,PlayerParameter(8),1,1)/><Else/>you</If><Else/><If(PlayerParameter(8))><SheetEn(ObjStr,2,PlayerParameter(8),1,1)/><Else/>ObjectParameter(3)</If></If> in surprise.","<Clickable(<If(Equal(ObjectParameter(1),ObjectParameter(2)))>you<Else/><If(PlayerParameter(7))><SheetEn(ObjStr,2,PlayerParameter(7),1,1)/><Else/>ObjectParameter(2)</If></If>)/> <If(Equal(ObjectParameter(1),ObjectParameter(2)))>look<Else/>looks</If> surprised!",0,1
2,"Angry","emote/angry","","emote/add_angry","emote/add_angry","emote/add_angry","","",True,True,True,"General","EmoteMode#0",False,True,False,False,False,5010,"/angry","ui/icon/246000/246202.tex","<Clickable(<If(Equal(ObjectParameter(1),ObjectParameter(2)))>you<Else/><If(PlayerParameter(7))><SheetEn(ObjStr,2,PlayerParameter(7),1,1)/><Else/>ObjectParameter(2)</If></If>)/> <If(Equal(ObjectParameter(1),ObjectParameter(2)))>are<Else/>is</If> frustrated with <If(Equal(ObjectParameter(1),ObjectParameter(3)))><If(PlayerParameter(8))><SheetEn(ObjStr,2,PlayerParameter(8),1,1)/><Else/>you</If><Else/><If(PlayerParameter(8))><SheetEn(ObjStr,2,PlayerParameter(8),1,1)/><Else/>ObjectParameter(3)</If></If>.","<Clickable(<If(Equal(ObjectParameter(1),ObjectParameter(2)))>you<Else/><If(PlayerParameter(7))><SheetEn(ObjStr,2,PlayerParameter(7),1,1)/><Else/>ObjectParameter(2)</If></If>)/> <If(Equal(ObjectParameter(1),ObjectParameter(2)))>are<Else/>is</If> frustrated.",0,1
3,"Furious","emote/angry_st","","emote/add_angry_st","emote/add_angry_st","emote/add_angry_st","","",True,True,True,"General","EmoteMode#0",False,True,False,False,False,5003,"/furious","ui/icon/246000/246203.tex","<Clickable(<If(Equal(ObjectParameter(1),ObjectParameter(2)))>you<Else/><If(PlayerParameter(7))><SheetEn(ObjStr,2,PlayerParameter(7),1,1)/><Else/>ObjectParameter(2)</If></If>)/> <If(Equal(ObjectParameter(1),ObjectParameter(2)))>motion<Else/>motions</If> angrily at <If(Equal(ObjectParameter(1),ObjectParameter(3)))><If(PlayerParameter(8))><SheetEn(ObjStr,2,PlayerParameter(8),1,1)/><Else/>you</If><Else/><If(PlayerParameter(8))><SheetEn(ObjStr,2,PlayerParameter(8),1,1)/><Else/>ObjectParameter(3)</If></If>.","<Clickable(<If(Equal(ObjectParameter(1),ObjectParameter(2)))>you<Else/><If(PlayerParameter(7))><SheetEn(ObjStr,2,PlayerParameter(7),1,1)/><Else/>ObjectParameter(2)</If></If>)/> <If(Equal(ObjectParameter(1),ObjectParameter(2)))>look<Else/>looks</If> very angry.",0,1
4,"Blush","emote/blush","","","","","","",False,False,False,"General","EmoteMode#0",False,True,False,False,False,1006,"/blush","ui/icon/246000/246204.tex","<Clickable(<If(Equal(ObjectParameter(1),ObjectParameter(2)))>you<Else/><If(PlayerParameter(7))><SheetEn(ObjStr,2,PlayerParameter(7),1,1)/><Else/>ObjectParameter(2)</If></If>)/> <If(Equal(ObjectParameter(1),ObjectParameter(2)))>see<Else/>sees</If> <If(Equal(ObjectParameter(1),ObjectParameter(3)))><If(PlayerParameter(8))><SheetEn(ObjStr,2,PlayerParameter(8),1,1)/><Else/>you</If><Else/><If(PlayerParameter(8))><SheetEn(ObjStr,2,PlayerParameter(8),1,1)/><Else/>ObjectParameter(3)</If></If> and <If(Equal(ObjectParameter(1),ObjectParameter(2)))>blush<Else/>blushes</If> with embarrassment.","<Clickable(<If(Equal(ObjectParameter(1),ObjectParameter(2)))>you<Else/><If(PlayerParameter(7))><SheetEn(ObjStr,2,PlayerParameter(7),1,1)/><Else/>ObjectParameter(2)</If></If>)/> <If(Equal(ObjectParameter(1),ObjectParameter(2)))>blush<Else/>blushes</If> with embarrassment.",0,1
5,"Bow","emote/bow","","","","","","",False,False,False,"General","EmoteMode#0",False,True,False,False,False,1,"/bow","ui/icon/246000/246205.tex","<Clickable(<If(Equal(ObjectParameter(1),ObjectParameter(2)))>you<Else/><If(PlayerParameter(7))><SheetEn(ObjStr,2,PlayerParameter(7),1,1)/><Else/>ObjectParameter(2)</If></If>)/> <If(Equal(ObjectParameter(1),ObjectParameter(2)))>bow<Else/>bows</If> courteously to <If(Equal(ObjectParameter(1),ObjectParameter(3)))><If(PlayerParameter(8))><SheetEn(ObjStr,2,PlayerParameter(8),1,1)/><Else/>you</If><Else/><If(PlayerParameter(8))><SheetEn(ObjStr,2,PlayerParameter(8),1,1)/><Else/>ObjectParameter(3)</If></If>.","<Clickable(<If(Equal(ObjectParameter(1),ObjectParameter(2)))>you<Else/><If(PlayerParameter(7))><SheetEn(ObjStr,2,PlayerParameter(7),1,1)/><Else/>ObjectParameter(2)</If></If>)/> <If(Equal(ObjectParameter(1),ObjectParameter(2)))>bow<Else/>bows</If>.",0,1
6,"Cheer","emote/cheer","","emote/u_cheer","emote/u_cheer","emote/u_cheer","","",True,True,True,"General","EmoteMode#0",False,True,False,False,False,2004,"/cheer","ui/icon/246000/246206.tex","<Clickable(<If(Equal(ObjectParameter(1),ObjectParameter(2)))>you<Else/><If(PlayerParameter(7))><SheetEn(ObjStr,2,PlayerParameter(7),1,1)/><Else/>ObjectParameter(2)</If></If>)/> <If(Equal(ObjectParameter(1),ObjectParameter(2)))>cheer<Else/>cheers</If> <If(Equal(ObjectParameter(1),ObjectParameter(3)))><If(PlayerParameter(8))><SheetEn(ObjStr,2,PlayerParameter(8),1,1)/><Else/>you</If><Else/><If(PlayerParameter(8))><SheetEn(ObjStr,2,PlayerParameter(8),1,1)/><Else/>ObjectParameter(3)</If></If> on!","<Clickable(<If(Equal(ObjectParameter(1),ObjectParameter(2)))>you<Else/><If(PlayerParameter(7))><SheetEn(ObjStr,2,PlayerParameter(7),1,1)/><Else/>ObjectParameter(2)</If></If>)/> <If(Equal(ObjectParameter(1),ObjectParameter(2)))>let<Else/>lets</If> out a cheer.",0,1
7,"Clap","emote/clap","","emote/j_clap","emote/s_clap","emote/u_clap","","",True,True,True,"General","EmoteMode#0",False,True,False,False,False,2002,"/clap","ui/icon/246000/246207.tex","<Clickable(<If(Equal(ObjectParameter(1),ObjectParameter(2)))>you<Else/><If(PlayerParameter(7))><SheetEn(ObjStr,2,PlayerParameter(7),1,1)/><Else/>ObjectParameter(2)</If></If>)/> <If(Equal(ObjectParameter(1),ObjectParameter(2)))>clap<Else/>claps</If> for <If(Equal(ObjectParameter(1),ObjectParameter(3)))><If(PlayerParameter(8))><SheetEn(ObjStr,2,PlayerParameter(8),1,1)/><Else/>you</If><Else/><If(PlayerParameter(8))><SheetEn(ObjStr,2,PlayerParameter(8),1,1)/><Else/>ObjectParameter(3)</If></If>.","<Clickable(<If(Equal(ObjectParameter(1),ObjectParameter(2)))>you<Else/><If(PlayerParameter(7))><SheetEn(ObjStr,2,PlayerParameter(7),1,1)/><Else/>ObjectParameter(2)</If></If>)/> <If(Equal(ObjectParameter(1),ObjectParameter(2)))>clap<Else/>claps</If>.",0,1
8,"Beckon","emote/comeon","","","","","","",False,False,False,"General","EmoteMode#0",False,True,False,False,False,5101,"/beckon","ui/icon/246000/246208.tex","<Clickable(<If(Equal(ObjectParameter(1),ObjectParameter(2)))>you<Else/><If(PlayerParameter(7))><SheetEn(ObjStr,2,PlayerParameter(7),1,1)/><Else/>ObjectParameter(2)</If></If>)/> <If(Equal(ObjectParameter(1),ObjectParameter(2)))>beckon<Else/>beckons</If> to <If(Equal(ObjectParameter(1),ObjectParameter(3)))><If(PlayerParameter(8))><SheetEn(ObjStr,2,PlayerParameter(8),1,1)/><Else/>you</If><Else/><If(PlayerParameter(8))><SheetEn(ObjStr,2,PlayerParameter(8),1,1)/><Else/>ObjectParameter(3)</If></If>.","<Clickable(<If(Equal(ObjectParameter(1),ObjectParameter(2)))>you<Else/><If(PlayerParameter(7))><SheetEn(ObjStr,2,PlayerParameter(7),1,1)/><Else/>ObjectParameter(2)</If></If>)/> <If(Equal(ObjectParameter(1),ObjectParameter(2)))>beckon<Else/>beckons</If> to no one in particular.",0,1
9,"Comfort","emote/comfort","","emote/u_comfort","emote/u_comfort","emote/u_comfort","","",True,True,True,"General","EmoteMode#0",False,True,False,False,False,1007,"/comfort","ui/icon/246000/246209.tex","<Clickable(<If(Equal(ObjectParameter(1),ObjectParameter(2)))>you<Else/><If(PlayerParameter(7))><SheetEn(ObjStr,2,PlayerParameter(7),1,1)/><Else/>ObjectParameter(2)</If></If>)/> <If(Equal(ObjectParameter(1),ObjectParameter(2)))>console<Else/>consoles</If> <If(Equal(ObjectParameter(1),ObjectParameter(3)))><If(PlayerParameter(8))><SheetEn(ObjStr,2,PlayerParameter(8),1,1)/><Else/>you</If><Else/><If(PlayerParameter(8))><SheetEn(ObjStr,2,PlayerParameter(8),1,1)/><Else/>ObjectParameter(3)</If></If>.","<Clickable(<If(Equal(ObjectParameter(1),ObjectParameter(2)))>you<Else/><If(PlayerParameter(7))><SheetEn(ObjStr,2,PlayerParameter(7),1,1)/><Else/>ObjectParameter(2)</If></If>)/> <If(Equal(ObjectParameter(1),ObjectParameter(2)))>make<Else/>makes</If> a consoling gesture.",0,1
10,"Cry","emote/cry","","emote/u_cry","emote/u_cry","emote/u_cry","","",True,True,True,"General","EmoteMode#0",False,True,False,False,False,5002,"/cry","ui/icon/246000/246210.tex","<Clickable(<If(Equal(ObjectParameter(1),ObjectParameter(2)))>you<Else/><If(PlayerParameter(7))><SheetEn(ObjStr,2,PlayerParameter(7),1,1)/><Else/>ObjectParameter(2)</If></If>)/> <If(Equal(ObjectParameter(1),ObjectParameter(2)))>weep<Else/>weeps</If> in sorrow before <If(Equal(ObjectParameter(1),ObjectParameter(3)))><If(PlayerParameter(8))><SheetEn(ObjStr,2,PlayerParameter(8),1,1)/><Else/>you</If><Else/><If(PlayerParameter(8))><SheetEn(ObjStr,2,PlayerParameter(8),1,1)/><Else/>ObjectParameter(3)</If></If>.","<Clickable(<If(Equal(ObjectParameter(1),ObjectParameter(2)))>your<Else/><If(Equal(ObjectParameter(1),ObjectParameter(2)))>you<Else/><If(PlayerParameter(7))><SheetEn(ObjStr,2,PlayerParameter(7),1,1)/><Else/>ObjectParameter(2)</If></If>'s</If>)/> eyes brim over with tears.",0,1
11,"Dance","emote/dance","","","","","","",False,False,False,"General","EmoteMode#0",False,True,False,False,False,1040,"/dance","ui/icon/246000/246211.tex","<Clickable(<If(Equal(ObjectParameter(1),ObjectParameter(2)))>you<Else/><If(PlayerParameter(7))><SheetEn(ObjStr,2,PlayerParameter(7),1,1)/><Else/>ObjectParameter(2)</If></If>)/> <If(Equal(ObjectParameter(1),ObjectParameter(2)))>dance<Else/>dances</If> sprightly for <If(Equal(ObjectParameter(1),ObjectParameter(3)))><If(PlayerParameter(8))><SheetEn(ObjStr,2,PlayerParameter(8),1,1)/><Else/>you</If><Else/><If(PlayerParameter(8))><SheetEn(ObjStr,2,PlayerParameter(8),1,1)/><Else/>ObjectParameter(3)</If></If>.","<Clickable(<If(Equal(ObjectParameter(1),ObjectParameter(2)))>you<Else/><If(PlayerParameter(7))><SheetEn(ObjStr,2,PlayerParameter(7),1,1)/><Else/>ObjectParameter(2)</If></If>)/> <If(Equal(ObjectParameter(1),ObjectParameter(2)))>dance<Else/>dances</If> happily.",0,1
12,"Doubt","emote/doubt","","","","","","",False,False,False,"General","EmoteMode#0",False,True,False,False,False,5018,"/doubt","ui/icon/246000/246212.tex","<Clickable(<If(Equal(ObjectParameter(1),ObjectParameter(2)))>you<Else/><If(PlayerParameter(7))><SheetEn(ObjStr,2,PlayerParameter(7),1,1)/><Else/>ObjectParameter(2)</If></If>)/> <If(Equal(ObjectParameter(1),ObjectParameter(2)))>question<Else/>questions</If> <If(Equal(ObjectParameter(1),ObjectParameter(3)))><If(PlayerParameter(8))><SheetEn(ObjStr,2,PlayerParameter(8),1,1)/><Else/>you</If><Else/><If(PlayerParameter(8))><SheetEn(ObjStr,2,PlayerParameter(8),1,1)/><Else/>ObjectParameter(3)</If></If>.","<Clickable(<If(Equal(ObjectParameter(1),ObjectParameter(2)))>you<Else/><If(PlayerParameter(7))><SheetEn(ObjStr,2,PlayerParameter(7),1,1)/><Else/>ObjectParameter(2)</If></If>)/> <If(Equal(ObjectParameter(1),ObjectParameter(2)))>look<Else/>looks</If> doubtful.",0,1
13,"Doze","emote/doze","","emote/j_doze","emote/s_doze","emote/u_doze","","",True,True,True,"General","EmoteMode#0",False,True,False,False,False,5107,"/doze","ui/icon/246000/246213.tex","<Clickable(<If(Equal(ObjectParameter(1),ObjectParameter(2)))>you<Else/><If(PlayerParameter(7))><SheetEn(ObjStr,2,PlayerParameter(7),1,1)/><Else/>ObjectParameter(2)</If></If>)/> <If(Equal(ObjectParameter(1),ObjectParameter(2)))>fall<Else/>falls</If> asleep beside <If(Equal(ObjectParameter(1),ObjectParameter(3)))><If(PlayerParameter(8))><SheetEn(ObjStr,2,PlayerParameter(8),1,1)/><Else/>you</If><Else/><If(PlayerParameter(8))><SheetEn(ObjStr,2,PlayerParameter(8),1,1)/><Else/>ObjectParameter(3)</If></If>.","<Clickable(<If(Equal(ObjectParameter(1),ObjectParameter(2)))>you<Else/><If(PlayerParameter(7))><SheetEn(ObjStr,2,PlayerParameter(7),1,1)/><Else/>ObjectParameter(2)</If></If>)/> <If(Equal(ObjectParameter(1),ObjectParameter(2)))>doze<Else/>dozes</If> off quietly.",0,1
14,"Fume","emote/fume","","","","","","",False,False,False,"General","EmoteMode#0",False,True,False,False,False,5004,"/fume","ui/icon/246000/246214.tex","<Clickable(<If(Equal(ObjectParameter(1),ObjectParameter(2)))>you<Else/><If(PlayerParameter(7))><SheetEn(ObjStr,2,PlayerParameter(7),1,1)/><Else/>ObjectParameter(2)</If></If>)/> <If(Equal(ObjectParameter(1),ObjectParameter(2)))>express<Else/>expresses</If> <If(Equal(ObjectParameter(1),ObjectParameter(2)))>your<Else/><If(PlayerParameter(7))><If(<Sheet(BNpcName,PlayerParameter(7),6)/>)>her<Else/>his</If><Else/><If(PlayerParameter(5))>her<Else/>his</If></If></If> annoyance with <If(Equal(ObjectParameter(1),ObjectParameter(3)))><If(PlayerParameter(8))><SheetEn(ObjStr,2,PlayerParameter(8),1,1)/><Else/>you</If><Else/><If(PlayerParameter(8))><SheetEn(ObjStr,2,PlayerParameter(8),1,1)/><Else/>ObjectParameter(3)</If></If>.","<Clickable(<If(Equal(ObjectParameter(1),ObjectParameter(2)))>you<Else/><If(PlayerParameter(7))><SheetEn(ObjStr,2,PlayerParameter(7),1,1)/><Else/>ObjectParameter(2)</If></If>)/> <If(Equal(ObjectParameter(1),ObjectParameter(2)))>curse<Else/>curses</If> the Twelve.",0,1
15,"Goodbye","emote/goodbye","","emote/u_goodbye","emote/u_goodbye","emote/u_goodbye","","",True,True,True,"General","EmoteMode#0",False,True,False,False,False,6,"/goodbye","ui/icon/246000/246215.tex","<Clickable(<If(Equal(ObjectParameter(1),ObjectParameter(2)))>you<Else/><If(PlayerParameter(7))><SheetEn(ObjStr,2,PlayerParameter(7),1,1)/><Else/>ObjectParameter(2)</If></If>)/> <If(Equal(ObjectParameter(1),ObjectParameter(2)))>bid<Else/>bids</If> farewell to <If(Equal(ObjectParameter(1),ObjectParameter(3)))><If(PlayerParameter(8))><SheetEn(ObjStr,2,PlayerParameter(8),1,1)/><Else/>you</If><Else/><If(PlayerParameter(8))><SheetEn(ObjStr,2,PlayerParameter(8),1,1)/><Else/>ObjectParameter(3)</If></If>.","<Clickable(<If(Equal(ObjectParameter(1),ObjectParameter(2)))>you<Else/><If(PlayerParameter(7))><SheetEn(ObjStr,2,PlayerParameter(7),1,1)/><Else/>ObjectParameter(2)</If></If>)/> <If(Equal(ObjectParameter(1),ObjectParameter(2)))>bid<Else/>bids</If> farewell.",0,1
16,"Wave","emote/goodbye_st","","emote/j_goodbye_st","emote/s_goodbye_st","emote/u_goodbye_st","","",True,True,True,"General","EmoteMode#0",False,True,False,False,False,7,"/wave","ui/icon/246000/246216.tex","<Clickable(<If(Equal(ObjectParameter(1),ObjectParameter(2)))>you<Else/><If(PlayerParameter(7))><SheetEn(ObjStr,2,PlayerParameter(7),1,1)/><Else/>ObjectParameter(2)</If></If>)/> <If(Equal(ObjectParameter(1),ObjectParameter(2)))>wave<Else/>waves</If> to <If(Equal(ObjectParameter(1),ObjectParameter(3)))><If(PlayerParameter(8))><SheetEn(ObjStr,2,PlayerParameter(8),1,1)/><Else/>you</If><Else/><If(PlayerParameter(8))><SheetEn(ObjStr,2,PlayerParameter(8),1,1)/><Else/>ObjectParameter(3)</If></If>.","<Clickable(<If(Equal(ObjectParameter(1),ObjectParameter(2)))>you<Else/><If(PlayerParameter(7))><SheetEn(ObjStr,2,PlayerParameter(7),1,1)/><Else/>ObjectParameter(2)</If></If>)/> <If(Equal(ObjectParameter(1),ObjectParameter(2)))>wave<Else/>waves</If>.",0,1
17,"Huh","emote/huh","","emote/j_huh","emote/s_huh","emote/u_huh","","",True,True,True,"General","EmoteMode#0",False,True,False,False,False,5012,"/huh","ui/icon/246000/246217.tex","<Clickable(<If(Equal(ObjectParameter(1),ObjectParameter(2)))>you<Else/><If(PlayerParameter(7))><SheetEn(ObjStr,2,PlayerParameter(7),1,1)/><Else/>ObjectParameter(2)</If></If>)/> <If(Equal(ObjectParameter(1),ObjectParameter(2)))>fail<Else/>fails</If> to understand <If(Equal(ObjectParameter(1),ObjectParameter(3)))><If(PlayerParameter(8))><SheetEn(ObjStr,2,PlayerParameter(8),1,1)/><Else/>you</If><Else/><If(PlayerParameter(8))><SheetEn(ObjStr,2,PlayerParameter(8),1,1)/><Else/>ObjectParameter(3)</If></If>.","<Clickable(<If(Equal(ObjectParameter(1),ObjectParameter(2)))>you<Else/><If(PlayerParameter(7))><SheetEn(ObjStr,2,PlayerParameter(7),1,1)/><Else/>ObjectParameter(2)</If></If>)/> <If(Equal(ObjectParameter(1),ObjectParameter(2)))>look<Else/>looks</If> stumped.",0,1
18,"Joy","emote/joy","","emote/u_joy","emote/u_joy","emote/u_joy","","",True,True,True,"General","EmoteMode#0",False,True,False,False,False,1002,"/joy","ui/icon/246000/246218.tex","<Clickable(<If(Equal(ObjectParameter(1),ObjectParameter(2)))>you<Else/><If(PlayerParameter(7))><SheetEn(ObjStr,2,PlayerParameter(7),1,1)/><Else/>ObjectParameter(2)</If></If>)/> <If(Equal(ObjectParameter(1),ObjectParameter(2)))>motion<Else/>motions</If> joyfully to <If(Equal(ObjectParameter(1),ObjectParameter(3)))><If(PlayerParameter(8))><SheetEn(ObjStr,2,PlayerParameter(8),1,1)/><Else/>you</If><Else/><If(PlayerParameter(8))><SheetEn(ObjStr,2,PlayerParameter(8),1,1)/><Else/>ObjectParameter(3)</If></If>.","<Clickable(<If(Equal(ObjectParameter(1),ObjectParameter(2)))>you<Else/><If(PlayerParameter(7))><SheetEn(ObjStr,2,PlayerParameter(7),1,1)/><Else/>ObjectParameter(2)</If></If>)/> <If(Equal(ObjectParameter(1),ObjectParameter(2)))>motion<Else/>motions</If> joyfully.",0,1
19,"Kneel","emote/kneel","","","","","","",False,False,False,"General","EmoteMode#0",False,True,False,False,False,8,"/kneel","ui/icon/246000/246219.tex","<Clickable(<If(Equal(ObjectParameter(1),ObjectParameter(2)))>you<Else/><If(PlayerParameter(7))><SheetEn(ObjStr,2,PlayerParameter(7),1,1)/><Else/>ObjectParameter(2)</If></If>)/> <If(Equal(ObjectParameter(1),ObjectParameter(2)))>kneel<Else/>kneels</If> before <If(Equal(ObjectParameter(1),ObjectParameter(3)))><If(PlayerParameter(8))><SheetEn(ObjStr,2,PlayerParameter(8),1,1)/><Else/>you</If><Else/><If(PlayerParameter(8))><SheetEn(ObjStr,2,PlayerParameter(8),1,1)/><Else/>ObjectParameter(3)</If></If>.","<Clickable(<If(Equal(ObjectParameter(1),ObjectParameter(2)))>you<Else/><If(PlayerParameter(7))><SheetEn(ObjStr,2,PlayerParameter(7),1,1)/><Else/>ObjectParameter(2)</If></If>)/> <If(Equal(ObjectParameter(1),ObjectParameter(2)))>kneel<Else/>kneels</If> respectfully.",0,1
20,"Chuckle","emote/laugh","","emote/j_laugh","emote/s_laugh","emote/u_laugh","","",True,True,True,"General","EmoteMode#0",False,True,False,False,False,1000,"/chuckle","ui/icon/246000/246220.tex","<Clickable(<If(Equal(ObjectParameter(1),ObjectParameter(2)))>you<Else/><If(PlayerParameter(7))><SheetEn(ObjStr,2,PlayerParameter(7),1,1)/><Else/>ObjectParameter(2)</If></If>)/> <If(Equal(ObjectParameter(1),ObjectParameter(2)))>laugh<Else/>laughs</If> at <If(Equal(ObjectParameter(1),ObjectParameter(3)))><If(PlayerParameter(8))><SheetEn(ObjStr,2,PlayerParameter(8),1,1)/><Else/>you</If><Else/><If(PlayerParameter(8))><SheetEn(ObjStr,2,PlayerParameter(8),1,1)/><Else/>ObjectParameter(3)</If></If>.","<Clickable(<If(Equal(ObjectParameter(1),ObjectParameter(2)))>you<Else/><If(PlayerParameter(7))><SheetEn(ObjStr,2,PlayerParameter(7),1,1)/><Else/>ObjectParameter(2)</If></If>)/> <If(Equal(ObjectParameter(1),ObjectParameter(2)))>laugh<Else/>laughs</If>.",0,1
21,"Laugh","emote/laugh_st","","emote/j_laugh_st","emote/s_laugh_st","emote/u_laugh_st","","",True,True,True,"General","EmoteMode#0",False,True,False,False,False,1001,"/laugh","ui/icon/246000/246221.tex","<Clickable(<If(Equal(ObjectParameter(1),ObjectParameter(2)))>you<Else/><If(PlayerParameter(7))><SheetEn(ObjStr,2,PlayerParameter(7),1,1)/><Else/>ObjectParameter(2)</If></If>)/> <If(Equal(ObjectParameter(1),ObjectParameter(2)))>burst<Else/>bursts</If> out laughing at <If(Equal(ObjectParameter(1),ObjectParameter(3)))><If(PlayerParameter(8))><SheetEn(ObjStr,2,PlayerParameter(8),1,1)/><Else/>you</If><Else/><If(PlayerParameter(8))><SheetEn(ObjStr,2,PlayerParameter(8),1,1)/><Else/>ObjectParameter(3)</If></If>.","<Clickable(<If(Equal(ObjectParameter(1),ObjectParameter(2)))>you<Else/><If(PlayerParameter(7))><SheetEn(ObjStr,2,PlayerParameter(7),1,1)/><Else/>ObjectParameter(2)</If></If>)/> <If(Equal(ObjectParameter(1),ObjectParameter(2)))>burst<Else/>bursts</If> out laughing.",0,1
22,"Lookout","emote/lookout","","emote/add_lookout","emote/add_lookout","emote/add_lookout","","",True,True,True,"General","EmoteMode#0",False,True,False,False,False,5111,"/lookout","ui/icon/246000/246222.tex","<Clickable(<If(Equal(ObjectParameter(1),ObjectParameter(2)))>you<Else/><If(PlayerParameter(7))><SheetEn(ObjStr,2,PlayerParameter(7),1,1)/><Else/>ObjectParameter(2)</If></If>)/> <If(Equal(ObjectParameter(1),ObjectParameter(2)))>scan<Else/>scans</If> the area around <If(Equal(ObjectParameter(1),ObjectParameter(3)))><If(PlayerParameter(8))><SheetEn(ObjStr,2,PlayerParameter(8),1,1)/><Else/>you</If><Else/><If(PlayerParameter(8))><SheetEn(ObjStr,2,PlayerParameter(8),1,1)/><Else/>ObjectParameter(3)</If></If>.","<Clickable(<If(Equal(ObjectParameter(1),ObjectParameter(2)))>you<Else/><If(PlayerParameter(7))><SheetEn(ObjStr,2,PlayerParameter(7),1,1)/><Else/>ObjectParameter(2)</If></If>)/> <If(Equal(ObjectParameter(1),ObjectParameter(2)))>look<Else/>looks</If> around.",0,1
23,"Me","emote/me","","emote/u_me","emote/u_me","emote/u_me","","",True,True,True,"General","EmoteMode#0",False,True,False,False,False,5113,"/me","ui/icon/246000/246223.tex","<Clickable(<If(Equal(ObjectParameter(1),ObjectParameter(2)))>you<Else/><If(PlayerParameter(7))><SheetEn(ObjStr,2,PlayerParameter(7),1,1)/><Else/>ObjectParameter(2)</If></If>)/> <If(Equal(ObjectParameter(1),ObjectParameter(2)))>motion<Else/>motions</If> to <If(Equal(ObjectParameter(1),ObjectParameter(2)))>yourself<Else/><If(PlayerParameter(7))><If(<Sheet(BNpcName,PlayerParameter(7),6)/>)>herself<Else/>himself</If><Else/><If(PlayerParameter(5))>herself<Else/>himself</If></If></If>.","<Clickable(<If(Equal(ObjectParameter(1),ObjectParameter(2)))>you<Else/><If(PlayerParameter(7))><SheetEn(ObjStr,2,PlayerParameter(7),1,1)/><Else/>ObjectParameter(2)</If></If>)/> <If(Equal(ObjectParameter(1),ObjectParameter(2)))>motion<Else/>motions</If> to <If(Equal(ObjectParameter(1),ObjectParameter(2)))>yourself<Else/><If(PlayerParameter(7))><If(<Sheet(BNpcName,PlayerParameter(7),6)/>)>herself<Else/>himself</If><Else/><If(PlayerParameter(5))>herself<Else/>himself</If></If></If>.",0,1
24,"No","emote/no","","emote/add_no","emote/add_no","emote/add_no","","",True,True,True,"General","EmoteMode#0",False,True,False,False,False,5000,"/no","ui/icon/246000/246224.tex","<Clickable(<If(Equal(ObjectParameter(1),ObjectParameter(2)))>you<Else/><If(PlayerParameter(7))><SheetEn(ObjStr,2,PlayerParameter(7),1,1)/><Else/>ObjectParameter(2)</If></If>)/> <If(Equal(ObjectParameter(1),ObjectParameter(2)))>disagree<Else/>disagrees</If> with <If(Equal(ObjectParameter(1),ObjectParameter(3)))><If(PlayerParameter(8))><SheetEn(ObjStr,2,PlayerParameter(8),1,1)/><Else/>you</If><Else/><If(PlayerParameter(8))><SheetEn(ObjStr,2,PlayerParameter(8),1,1)/><Else/>ObjectParameter(3)</If></If>.","<Clickable(<If(Equal(ObjectParameter(1),ObjectParameter(2)))>you<Else/><If(PlayerParameter(7))><SheetEn(ObjStr,2,PlayerParameter(7),1,1)/><Else/>ObjectParameter(2)</If></If>)/> <If(Equal(ObjectParameter(1),ObjectParameter(2)))>disagree<Else/>disagrees</If>.",0,1
25,"Deny","emote/no_st","","emote/u_no_st","emote/u_no_st","emote/u_no_st","","",True,True,True,"General","EmoteMode#0",False,True,False,False,False,5001,"/deny","ui/icon/246000/246225.tex","<Clickable(<If(Equal(ObjectParameter(1),ObjectParameter(2)))>you<Else/><If(PlayerParameter(7))><SheetEn(ObjStr,2,PlayerParameter(7),1,1)/><Else/>ObjectParameter(2)</If></If>)/> <If(Equal(ObjectParameter(1),ObjectParameter(2)))>disagree<Else/>disagrees</If> vehemently with <If(Equal(ObjectParameter(1),ObjectParameter(3)))><If(PlayerParameter(8))><SheetEn(ObjStr,2,PlayerParameter(8),1,1)/><Else/>you</If><Else/><If(PlayerParameter(8))><SheetEn(ObjStr,2,PlayerParameter(8),1,1)/><Else/>ObjectParameter(3)</If></If>.","<Clickable(<If(Equal(ObjectParameter(1),ObjectParameter(2)))>you<Else/><If(PlayerParameter(7))><SheetEn(ObjStr,2,PlayerParameter(7),1,1)/><Else/>ObjectParameter(2)</If></If>)/> <If(Equal(ObjectParameter(1),ObjectParameter(2)))>disagree<Else/>disagrees</If> vehemently.",0,1
26,"Panic","emote/panic","","","","","","",False,False,False,"General","EmoteMode#0",False,True,False,False,False,5006,"/panic","ui/icon/246000/246226.tex","<Clickable(<If(Equal(ObjectParameter(1),ObjectParameter(2)))>you<Else/><If(PlayerParameter(7))><SheetEn(ObjStr,2,PlayerParameter(7),1,1)/><Else/>ObjectParameter(2)</If></If>)/> <If(Equal(ObjectParameter(1),ObjectParameter(2)))>look<Else/>looks</If> at <If(Equal(ObjectParameter(1),ObjectParameter(3)))><If(PlayerParameter(8))><SheetEn(ObjStr,2,PlayerParameter(8),1,1)/><Else/>you</If><Else/><If(PlayerParameter(8))><SheetEn(ObjStr,2,PlayerParameter(8),1,1)/><Else/>ObjectParameter(3)</If></If> and <If(Equal(ObjectParameter(1),ObjectParameter(2)))>panic<Else/>panics</If>!","<Clickable(<If(Equal(ObjectParameter(1),ObjectParameter(2)))>you<Else/><If(PlayerParameter(7))><SheetEn(ObjStr,2,PlayerParameter(7),1,1)/><Else/>ObjectParameter(2)</If></If>)/> <If(Equal(ObjectParameter(1),ObjectParameter(2)))>panic<Else/>panics</If>!",0,1
27,"Point","emote/point","","emote/u_point","emote/u_point","emote/u_point","","",True,True,True,"General","EmoteMode#0",False,True,False,False,False,5108,"/point","ui/icon/246000/246227.tex","<Clickable(<If(Equal(ObjectParameter(1),ObjectParameter(2)))>you<Else/><If(PlayerParameter(7))><SheetEn(ObjStr,2,PlayerParameter(7),1,1)/><Else/>ObjectParameter(2)</If></If>)/> <If(Equal(ObjectParameter(1),ObjectParameter(2)))>point<Else/>points</If> at <If(Equal(ObjectParameter(1),ObjectParameter(3)))><If(PlayerParameter(8))><SheetEn(ObjStr,2,PlayerParameter(8),1,1)/><Else/>you</If><Else/><If(PlayerParameter(8))><SheetEn(ObjStr,2,PlayerParameter(8),1,1)/><Else/>ObjectParameter(3)</If></If>.","<Clickable(<If(Equal(ObjectParameter(1),ObjectParameter(2)))>you<Else/><If(PlayerParameter(7))><SheetEn(ObjStr,2,PlayerParameter(7),1,1)/><Else/>ObjectParameter(2)</If></If>)/> <If(Equal(ObjectParameter(1),ObjectParameter(2)))>point<Else/>points</If>.",0,1
28,"Poke","emote/poke","","emote/u_poke","emote/u_poke","emote/u_poke","","emote_ajust/u_poke",True,True,True,"General","EmoteMode#0",False,True,False,False,False,5109,"/poke","ui/icon/246000/246228.tex","<Clickable(<If(Equal(ObjectParameter(1),ObjectParameter(2)))>you<Else/><If(PlayerParameter(7))><SheetEn(ObjStr,2,PlayerParameter(7),1,1)/><Else/>ObjectParameter(2)</If></If>)/> <If(Equal(ObjectParameter(1),ObjectParameter(2)))>poke<Else/>pokes</If> <If(Equal(ObjectParameter(1),ObjectParameter(3)))><If(PlayerParameter(8))><SheetEn(ObjStr,2,PlayerParameter(8),1,1)/><Else/>you</If><Else/><If(PlayerParameter(8))><SheetEn(ObjStr,2,PlayerParameter(8),1,1)/><Else/>ObjectParameter(3)</If></If>.","<Clickable(<If(Equal(ObjectParameter(1),ObjectParameter(2)))>you<Else/><If(PlayerParameter(7))><SheetEn(ObjStr,2,PlayerParameter(7),1,1)/><Else/>ObjectParameter(2)</If></If>)/> <If(Equal(ObjectParameter(1),ObjectParameter(2)))>make<Else/>makes</If> a poking gesture.",0,1
29,"Congratulate","emote/praise","","emote/u_praise","emote/u_praise","emote/u_praise","","",True,True,True,"General","EmoteMode#0",False,True,False,False,False,2003,"/congratulate","ui/icon/246000/246229.tex","<Clickable(<If(Equal(ObjectParameter(1),ObjectParameter(2)))>you<Else/><If(PlayerParameter(7))><SheetEn(ObjStr,2,PlayerParameter(7),1,1)/><Else/>ObjectParameter(2)</If></If>)/> <If(Equal(ObjectParameter(1),ObjectParameter(2)))>congratulate<Else/>congratulates</If> <If(Equal(ObjectParameter(1),ObjectParameter(3)))><If(PlayerParameter(8))><SheetEn(ObjStr,2,PlayerParameter(8),1,1)/><Else/>you</If><Else/><If(PlayerParameter(8))><SheetEn(ObjStr,2,PlayerParameter(8),1,1)/><Else/>ObjectParameter(3)</If></If>.","<Clickable(<If(Equal(ObjectParameter(1),ObjectParameter(2)))>you<Else/><If(PlayerParameter(7))><SheetEn(ObjStr,2,PlayerParameter(7),1,1)/><Else/>ObjectParameter(2)</If></If>)/> <If(Equal(ObjectParameter(1),ObjectParameter(2)))>offer<Else/>offers</If> congratulations.",0,1
30,"Psych","emote/psych","","","","","","",False,False,False,"General","EmoteMode#0",False,True,False,False,False,1008,"/psych","ui/icon/246000/246230.tex","<Clickable(<If(Equal(ObjectParameter(1),ObjectParameter(2)))>you<Else/><If(PlayerParameter(7))><SheetEn(ObjStr,2,PlayerParameter(7),1,1)/><Else/>ObjectParameter(2)</If></If>)/> <If(Equal(ObjectParameter(1),ObjectParameter(2)))>psych yourself<Else/>psychs <If(PlayerParameter(7))><If(<Sheet(BNpcName,PlayerParameter(7),6)/>)>herself<Else/>himself</If><Else/><If(PlayerParameter(5))>herself<Else/>himself</If></If></If> up alongside <If(Equal(ObjectParameter(1),ObjectParameter(3)))><If(PlayerParameter(8))><SheetEn(ObjStr,2,PlayerParameter(8),1,1)/><Else/>you</If><Else/><If(PlayerParameter(8))><SheetEn(ObjStr,2,PlayerParameter(8),1,1)/><Else/>ObjectParameter(3)</If></If>!","<Clickable(<If(Equal(ObjectParameter(1),ObjectParameter(2)))>you<Else/><If(PlayerParameter(7))><SheetEn(ObjStr,2,PlayerParameter(7),1,1)/><Else/>ObjectParameter(2)</If></If>)/> <If(Equal(ObjectParameter(1),ObjectParameter(2)))>psych yourself<Else/>psychs <If(PlayerParameter(7))><If(<Sheet(BNpcName,PlayerParameter(7),6)/>)>herself<Else/>himself</If><Else/><If(PlayerParameter(5))>herself<Else/>himself</If></If></If> up!",0,1
31,"Salute","emote/salute","","emote/u_salute","emote/u_salute","emote/u_salute","","",True,True,True,"General","EmoteMode#0",False,True,False,False,False,9,"/salute","ui/icon/246000/246231.tex","<Clickable(<If(Equal(ObjectParameter(1),ObjectParameter(2)))>you<Else/><If(PlayerParameter(7))><SheetEn(ObjStr,2,PlayerParameter(7),1,1)/><Else/>ObjectParameter(2)</If></If>)/> <If(Equal(ObjectParameter(1),ObjectParameter(2)))>salute<Else/>salutes</If> <If(Equal(ObjectParameter(1),ObjectParameter(3)))><If(PlayerParameter(8))><SheetEn(ObjStr,2,PlayerParameter(8),1,1)/><Else/>you</If><Else/><If(PlayerParameter(8))><SheetEn(ObjStr,2,PlayerParameter(8),1,1)/><Else/>ObjectParameter(3)</If></If>.","<Clickable(<If(Equal(ObjectParameter(1),ObjectParameter(2)))>you<Else/><If(PlayerParameter(7))><SheetEn(ObjStr,2,PlayerParameter(7),1,1)/><Else/>ObjectParameter(2)</If></If>)/> <If(Equal(ObjectParameter(1),ObjectParameter(2)))>salute<Else/>salutes</If>.",0,1
32,"Shocked","emote/shocked","","emote/u_shocked","emote/u_shocked","emote/u_shocked","","",True,True,True,"General","EmoteMode#0",False,True,False,False,False,5013,"/shocked","ui/icon/246000/246232.tex","<Clickable(<If(Equal(ObjectParameter(1),ObjectParameter(2)))>you<Else/><If(PlayerParameter(7))><SheetEn(ObjStr,2,PlayerParameter(7),1,1)/><Else/>ObjectParameter(2)</If></If>)/> <If(Equal(ObjectParameter(1),ObjectParameter(2)))>look<Else/>looks</If> at <If(Equal(ObjectParameter(1),ObjectParameter(3)))><If(PlayerParameter(8))><SheetEn(ObjStr,2,PlayerParameter(8),1,1)/><Else/>you</If><Else/><If(PlayerParameter(8))><SheetEn(ObjStr,2,PlayerParameter(8),1,1)/><Else/>ObjectParameter(3)</If></If> in shock!","<Clickable(<If(Equal(ObjectParameter(1),ObjectParameter(2)))>you<Else/><If(PlayerParameter(7))><SheetEn(ObjStr,2,PlayerParameter(7),1,1)/><Else/>ObjectParameter(2)</If></If>)/> <If(Equal(ObjectParameter(1),ObjectParameter(2)))>look<Else/>looks</If> shocked.",0,1
33,"Shrug","emote/shrug","","emote/u_shrug","emote/u_shrug","emote/u_shrug","","",True,True,True,"General","EmoteMode#0",False,True,False,False,False,5014,"/shrug","ui/icon/246000/246233.tex","<Clickable(<If(Equal(ObjectParameter(1),ObjectParameter(2)))>you<Else/><If(PlayerParameter(7))><SheetEn(ObjStr,2,PlayerParameter(7),1,1)/><Else/>ObjectParameter(2)</If></If>)/> <If(Equal(ObjectParameter(1),ObjectParameter(2)))>shrug<Else/>shrugs</If> at <If(Equal(ObjectParameter(1),ObjectParameter(3)))><If(PlayerParameter(8))><SheetEn(ObjStr,2,PlayerParameter(8),1,1)/><Else/>you</If><Else/><If(PlayerParameter(8))><SheetEn(ObjStr,2,PlayerParameter(8),1,1)/><Else/>ObjectParameter(3)</If></If>.","<Clickable(<If(Equal(ObjectParameter(1),ObjectParameter(2)))>you<Else/><If(PlayerParameter(7))><SheetEn(ObjStr,2,PlayerParameter(7),1,1)/><Else/>ObjectParameter(2)</If></If>)/> <If(Equal(ObjectParameter(1),ObjectParameter(2)))>shrug<Else/>shrugs</If>.",0,1
34,"Rally","emote/slap","","","","","","",False,False,False,"General","EmoteMode#0",False,True,False,False,False,1004,"/rally","ui/icon/246000/246234.tex","<Clickable(<If(Equal(ObjectParameter(1),ObjectParameter(2)))>you<Else/><If(PlayerParameter(7))><SheetEn(ObjStr,2,PlayerParameter(7),1,1)/><Else/>ObjectParameter(2)</If></If>)/> <If(Equal(ObjectParameter(1),ObjectParameter(2)))>try<Else/>tries</If> to cheer <If(Equal(ObjectParameter(1),ObjectParameter(3)))><If(PlayerParameter(8))><SheetEn(ObjStr,2,PlayerParameter(8),1,1)/><Else/>you</If><Else/><If(PlayerParameter(8))><SheetEn(ObjStr,2,PlayerParameter(8),1,1)/><Else/>ObjectParameter(3)</If></If> up.","<Clickable(<If(Equal(ObjectParameter(1),ObjectParameter(2)))>you<Else/><If(PlayerParameter(7))><SheetEn(ObjStr,2,PlayerParameter(7),1,1)/><Else/>ObjectParameter(2)</If></If>)/> <If(Equal(ObjectParameter(1),ObjectParameter(2)))>engage<Else/>engages</If> in general japery.",0,1
35,"Soothe","emote/soothe","","emote/u_soothe","emote/u_soothe","emote/u_soothe","","",True,True,True,"General","EmoteMode#0",False,True,False,False,False,1005,"/soothe","ui/icon/246000/246235.tex","<Clickable(<If(Equal(ObjectParameter(1),ObjectParameter(2)))>you<Else/><If(PlayerParameter(7))><SheetEn(ObjStr,2,PlayerParameter(7),1,1)/><Else/>ObjectParameter(2)</If></If>)/> <If(Equal(ObjectParameter(1),ObjectParameter(2)))>try<Else/>tries</If> to comfort <If(Equal(ObjectParameter(1),ObjectParameter(3)))><If(PlayerParameter(8))><SheetEn(ObjStr,2,PlayerParameter(8),1,1)/><Else/>you</If><Else/><If(PlayerParameter(8))><SheetEn(ObjStr,2,PlayerParameter(8),1,1)/><Else/>ObjectParameter(3)</If></If>.","<Clickable(<If(Equal(ObjectParameter(1),ObjectParameter(2)))>you<Else/><If(PlayerParameter(7))><SheetEn(ObjStr,2,PlayerParameter(7),1,1)/><Else/>ObjectParameter(2)</If></If>)/> <If(Equal(ObjectParameter(1),ObjectParameter(2)))>try<Else/>tries</If> to calm things down.",0,1
36,"Stagger","emote/stagger","","","","","","",False,False,False,"General","EmoteMode#0",False,True,False,False,False,5015,"/stagger","ui/icon/246000/246236.tex","<Clickable(<If(Equal(ObjectParameter(1),ObjectParameter(2)))>you<Else/><If(PlayerParameter(7))><SheetEn(ObjStr,2,PlayerParameter(7),1,1)/><Else/>ObjectParameter(2)</If></If>)/> <If(Equal(ObjectParameter(1),ObjectParameter(2)))>stagger<Else/>staggers</If> before <If(Equal(ObjectParameter(1),ObjectParameter(3)))><If(PlayerParameter(8))><SheetEn(ObjStr,2,PlayerParameter(8),1,1)/><Else/>you</If><Else/><If(PlayerParameter(8))><SheetEn(ObjStr,2,PlayerParameter(8),1,1)/><Else/>ObjectParameter(3)</If></If>.","<Clickable(<If(Equal(ObjectParameter(1),ObjectParameter(2)))>you<Else/><If(PlayerParameter(7))><SheetEn(ObjStr,2,PlayerParameter(7),1,1)/><Else/>ObjectParameter(2)</If></If>)/> <If(Equal(ObjectParameter(1),ObjectParameter(2)))>stagger<Else/>staggers</If>.",0,1
37,"Stretch","emote/stretch","","emote/u_stretch","emote/u_stretch","emote/u_stretch","","",True,True,True,"General","EmoteMode#0",False,True,False,False,False,5110,"/stretch","ui/icon/246000/246237.tex","<Clickable(<If(Equal(ObjectParameter(1),ObjectParameter(2)))>you<Else/><If(PlayerParameter(7))><SheetEn(ObjStr,2,PlayerParameter(7),1,1)/><Else/>ObjectParameter(2)</If></If>)/> <If(Equal(ObjectParameter(1),ObjectParameter(2)))>stretch<Else/>stretches</If> next to <If(Equal(ObjectParameter(1),ObjectParameter(3)))><If(PlayerParameter(8))><SheetEn(ObjStr,2,PlayerParameter(8),1,1)/><Else/>you</If><Else/><If(PlayerParameter(8))><SheetEn(ObjStr,2,PlayerParameter(8),1,1)/><Else/>ObjectParameter(3)</If></If>.","<Clickable(<If(Equal(ObjectParameter(1),ObjectParameter(2)))>you<Else/><If(PlayerParameter(7))><SheetEn(ObjStr,2,PlayerParameter(7),1,1)/><Else/>ObjectParameter(2)</If></If>)/> <If(Equal(ObjectParameter(1),ObjectParameter(2)))>stretch<Else/>stretches</If>.",0,1
38,"Sulk","emote/sulk","","","","","","",False,False,False,"General","EmoteMode#0",False,True,False,False,False,5009,"/sulk","ui/icon/246000/246238.tex","<Clickable(<If(Equal(ObjectParameter(1),ObjectParameter(2)))>you<Else/><If(PlayerParameter(7))><SheetEn(ObjStr,2,PlayerParameter(7),1,1)/><Else/>ObjectParameter(2)</If></If>)/> <If(Equal(ObjectParameter(1),ObjectParameter(2)))>look<Else/>looks</If> away from <If(Equal(ObjectParameter(1),ObjectParameter(3)))><If(PlayerParameter(8))><SheetEn(ObjStr,2,PlayerParameter(8),1,1)/><Else/>you</If><Else/><If(PlayerParameter(8))><SheetEn(ObjStr,2,PlayerParameter(8),1,1)/><Else/>ObjectParameter(3)</If></If>, sulking.","<Clickable(<If(Equal(ObjectParameter(1),ObjectParameter(2)))>you<Else/><If(PlayerParameter(7))><SheetEn(ObjStr,2,PlayerParameter(7),1,1)/><Else/>ObjectParameter(2)</If></If>)/> <If(Equal(ObjectParameter(1),ObjectParameter(2)))>wallow<Else/>wallows</If> in self-pity.",0,1
39,"Think","emote/think","","emote/u_think","emote/u_think","emote/u_think","","",True,True,True,"General","EmoteMode#0",False,True,False,False,False,5105,"/think","ui/icon/246000/246239.tex","<Clickable(<If(Equal(ObjectParameter(1),ObjectParameter(2)))>you<Else/><If(PlayerParameter(7))><SheetEn(ObjStr,2,PlayerParameter(7),1,1)/><Else/>ObjectParameter(2)</If></If>)/> <If(Equal(ObjectParameter(1),ObjectParameter(2)))>gaze<Else/>gazes</If> upon <If(Equal(ObjectParameter(1),ObjectParameter(3)))><If(PlayerParameter(8))><SheetEn(ObjStr,2,PlayerParameter(8),1,1)/><Else/>you</If><Else/><If(PlayerParameter(8))><SheetEn(ObjStr,2,PlayerParameter(8),1,1)/><Else/>ObjectParameter(3)</If></If> in deep reflection.","<Clickable(<If(Equal(ObjectParameter(1),ObjectParameter(2)))>you<Else/><If(PlayerParameter(7))><SheetEn(ObjStr,2,PlayerParameter(7),1,1)/><Else/>ObjectParameter(2)</If></If>)/> <If(Equal(ObjectParameter(1),ObjectParameter(2)))>seem<Else/>seems</If> lost in thought.",0,1
40,"Upset","emote/upset","","emote/add_upset","emote/u_upset","emote/u_upset","","",True,True,True,"General","EmoteMode#0",False,True,False,False,False,5007,"/upset","ui/icon/246000/246240.tex","<Clickable(<If(Equal(ObjectParameter(1),ObjectParameter(2)))>you<Else/><If(PlayerParameter(7))><SheetEn(ObjStr,2,PlayerParameter(7),1,1)/><Else/>ObjectParameter(2)</If></If>)/> <If(Equal(ObjectParameter(1),ObjectParameter(2)))>stare<Else/>stares</If> at <If(Equal(ObjectParameter(1),ObjectParameter(3)))><If(PlayerParameter(8))><SheetEn(ObjStr,2,PlayerParameter(8),1,1)/><Else/>you</If><Else/><If(PlayerParameter(8))><SheetEn(ObjStr,2,PlayerParameter(8),1,1)/><Else/>ObjectParameter(3)</If></If> in disgust.","<Clickable(<If(Equal(ObjectParameter(1),ObjectParameter(2)))>you<Else/><If(PlayerParameter(7))><SheetEn(ObjStr,2,PlayerParameter(7),1,1)/><Else/>ObjectParameter(2)</If></If>)/> <If(Equal(ObjectParameter(1),ObjectParameter(2)))>look<Else/>looks</If> disgusted.",0,1
41,"Welcome","emote/welcome","","emote/u_welcome","emote/u_welcome","emote/u_welcome","","",True,True,True,"General","EmoteMode#0",False,True,False,False,False,4,"/welcome","ui/icon/246000/246241.tex","<Clickable(<If(Equal(ObjectParameter(1),ObjectParameter(2)))>you<Else/><If(PlayerParameter(7))><SheetEn(ObjStr,2,PlayerParameter(7),1,1)/><Else/>ObjectParameter(2)</If></If>)/> <If(Equal(ObjectParameter(1),ObjectParameter(2)))>welcome<Else/>welcomes</If> <If(Equal(ObjectParameter(1),ObjectParameter(3)))><If(PlayerParameter(8))><SheetEn(ObjStr,2,PlayerParameter(8),1,1)/><Else/>you</If><Else/><If(PlayerParameter(8))><SheetEn(ObjStr,2,PlayerParameter(8),1,1)/><Else/>ObjectParameter(3)</If></If>.","<Clickable(<If(Equal(ObjectParameter(1),ObjectParameter(2)))>you<Else/><If(PlayerParameter(7))><SheetEn(ObjStr,2,PlayerParameter(7),1,1)/><Else/>ObjectParameter(2)</If></If>)/> <If(Equal(ObjectParameter(1),ObjectParameter(2)))>motion<Else/>motions</If> in welcome.",0,1
42,"Yes","emote/yes","","emote/add_yes","emote/add_yes","emote/add_yes","","",True,True,True,"General","EmoteMode#0",False,True,False,False,False,2000,"/yes","ui/icon/246000/246242.tex","<Clickable(<If(Equal(ObjectParameter(1),ObjectParameter(2)))>you<Else/><If(PlayerParameter(7))><SheetEn(ObjStr,2,PlayerParameter(7),1,1)/><Else/>ObjectParameter(2)</If></If>)/> <If(Equal(ObjectParameter(1),ObjectParameter(2)))>nod<Else/>nods</If> to <If(Equal(ObjectParameter(1),ObjectParameter(3)))><If(PlayerParameter(8))><SheetEn(ObjStr,2,PlayerParameter(8),1,1)/><Else/>you</If><Else/><If(PlayerParameter(8))><SheetEn(ObjStr,2,PlayerParameter(8),1,1)/><Else/>ObjectParameter(3)</If></If>.","<Clickable(<If(Equal(ObjectParameter(1),ObjectParameter(2)))>you<Else/><If(PlayerParameter(7))><SheetEn(ObjStr,2,PlayerParameter(7),1,1)/><Else/>ObjectParameter(2)</If></If>)/> <If(Equal(ObjectParameter(1),ObjectParameter(2)))>nod<Else/>nods</If>.",0,1
43,"Thumbs Up","emote/yes_st","","emote/u_yes_st","emote/u_yes_st","emote/u_yes_st","","",True,True,True,"General","EmoteMode#0",False,True,False,False,False,2001,"/thumbsup","ui/icon/246000/246243.tex","<Clickable(<If(Equal(ObjectParameter(1),ObjectParameter(2)))>you<Else/><If(PlayerParameter(7))><SheetEn(ObjStr,2,PlayerParameter(7),1,1)/><Else/>ObjectParameter(2)</If></If>)/> <If(Equal(ObjectParameter(1),ObjectParameter(2)))>agree<Else/>agrees</If> wholeheartedly with <If(Equal(ObjectParameter(1),ObjectParameter(3)))><If(PlayerParameter(8))><SheetEn(ObjStr,2,PlayerParameter(8),1,1)/><Else/>you</If><Else/><If(PlayerParameter(8))><SheetEn(ObjStr,2,PlayerParameter(8),1,1)/><Else/>ObjectParameter(3)</If></If>.","<Clickable(<If(Equal(ObjectParameter(1),ObjectParameter(2)))>you<Else/><If(PlayerParameter(7))><SheetEn(ObjStr,2,PlayerParameter(7),1,1)/><Else/>ObjectParameter(2)</If></If>)/> <If(Equal(ObjectParameter(1),ObjectParameter(2)))>agree<Else/>agrees</If> wholeheartedly.",0,1
44,"Examine Self","emote/make_act","","emote/u_make_act","emote/u_make_act","emote/u_make_act","","",True,True,True,"General","EmoteMode#0",False,True,False,False,False,5106,"/examineself","ui/icon/246000/246244.tex","<Clickable(<If(Equal(ObjectParameter(1),ObjectParameter(2)))>you<Else/><If(PlayerParameter(7))><SheetEn(ObjStr,2,PlayerParameter(7),1,1)/><Else/>ObjectParameter(2)</If></If>)/> <If(Equal(ObjectParameter(1),ObjectParameter(2)))>show yourself<Else/>shows <If(PlayerParameter(7))><If(<Sheet(BNpcName,PlayerParameter(7),6)/>)>herself<Else/>himself</If><Else/><If(PlayerParameter(5))>herself<Else/>himself</If></If></If> off to <If(Equal(ObjectParameter(1),ObjectParameter(3)))><If(PlayerParameter(8))><SheetEn(ObjStr,2,PlayerParameter(8),1,1)/><Else/>you</If><Else/><If(PlayerParameter(8))><SheetEn(ObjStr,2,PlayerParameter(8),1,1)/><Else/>ObjectParameter(3)</If></If>.","<Clickable(<If(Equal(ObjectParameter(1),ObjectParameter(2)))>you<Else/><If(PlayerParameter(7))><SheetEn(ObjStr,2,PlayerParameter(7),1,1)/><Else/>ObjectParameter(2)</If></If>)/> <If(Equal(ObjectParameter(1),ObjectParameter(2)))>admire yourself<Else/>admires <If(PlayerParameter(7))><If(<Sheet(BNpcName,PlayerParameter(7),6)/>)>herself<Else/>himself</If><Else/><If(PlayerParameter(5))>herself<Else/>himself</If></If></If>.",0,1
45,"Pose","emote/posing","","","","","","",False,False,False,"General","EmoteMode#0",False,True,False,False,False,5050,"/pose","ui/icon/246000/246245.tex","<Clickable(<If(Equal(ObjectParameter(1),ObjectParameter(2)))>you<Else/><If(PlayerParameter(7))><SheetEn(ObjStr,2,PlayerParameter(7),1,1)/><Else/>ObjectParameter(2)</If></If>)/> <If(Equal(ObjectParameter(1),ObjectParameter(2)))>strike<Else/>strikes</If> a pose for <If(Equal(ObjectParameter(1),ObjectParameter(3)))><If(PlayerParameter(8))><SheetEn(ObjStr,2,PlayerParameter(8),1,1)/><Else/>you</If><Else/><If(PlayerParameter(8))><SheetEn(ObjStr,2,PlayerParameter(8),1,1)/><Else/>ObjectParameter(3)</If></If>.","<Clickable(<If(Equal(ObjectParameter(1),ObjectParameter(2)))>you<Else/><If(PlayerParameter(7))><SheetEn(ObjStr,2,PlayerParameter(7),1,1)/><Else/>ObjectParameter(2)</If></If>)/> <If(Equal(ObjectParameter(1),ObjectParameter(2)))>strike<Else/>strikes</If> a pose.",0,1
46,"Blow Kiss","emote/blowkiss","","","","","","",False,False,False,"General","EmoteMode#0",False,True,False,False,False,1020,"/blowkiss","ui/icon/246000/246249.tex","<Clickable(<If(Equal(ObjectParameter(1),ObjectParameter(2)))>you<Else/><If(PlayerParameter(7))><SheetEn(ObjStr,2,PlayerParameter(7),1,1)/><Else/>ObjectParameter(2)</If></If>)/> <If(Equal(ObjectParameter(1),ObjectParameter(2)))>blow<Else/>blows</If> <If(Equal(ObjectParameter(1),ObjectParameter(3)))><If(PlayerParameter(8))><SheetEn(ObjStr,2,PlayerParameter(8),1,1)/><Else/>you</If><Else/><If(PlayerParameter(8))><SheetEn(ObjStr,2,PlayerParameter(8),1,1)/><Else/>ObjectParameter(3)</If></If> a kiss.","<Clickable(<If(Equal(ObjectParameter(1),ObjectParameter(2)))>you<Else/><If(PlayerParameter(7))><SheetEn(ObjStr,2,PlayerParameter(7),1,1)/><Else/>ObjectParameter(2)</If></If>)/> <If(Equal(ObjectParameter(1),ObjectParameter(2)))>blow<Else/>blows</If> a kiss.",0,1
47,"Grovel","emote/dogeza","","","","","","",False,False,False,"General","EmoteMode#0",False,True,False,False,False,5019,"/grovel","ui/icon/246000/246251.tex","<Clickable(<If(Equal(ObjectParameter(1),ObjectParameter(2)))>you<Else/><If(PlayerParameter(7))><SheetEn(ObjStr,2,PlayerParameter(7),1,1)/><Else/>ObjectParameter(2)</If></If>)/> <If(Equal(ObjectParameter(1),ObjectParameter(2)))>grovel<Else/>grovels</If> shamelessly before <If(Equal(ObjectParameter(1),ObjectParameter(3)))><If(PlayerParameter(8))><SheetEn(ObjStr,2,PlayerParameter(8),1,1)/><Else/>you</If><Else/><If(PlayerParameter(8))><SheetEn(ObjStr,2,PlayerParameter(8),1,1)/><Else/>ObjectParameter(3)</If></If>.","<Clickable(<If(Equal(ObjectParameter(1),ObjectParameter(2)))>you<Else/><If(PlayerParameter(7))><SheetEn(ObjStr,2,PlayerParameter(7),1,1)/><Else/>ObjectParameter(2)</If></If>)/> <If(Equal(ObjectParameter(1),ObjectParameter(2)))>grovel<Else/>grovels</If> shamelessly.",0,1
48,"Happy","emote/joy_st","","emote/u_joy_st","emote/u_joy_st","emote/u_joy_st","","",True,True,True,"General","EmoteMode#0",False,True,False,False,False,1003,"/happy","ui/icon/246000/246252.tex","<Clickable(<If(Equal(ObjectParameter(1),ObjectParameter(2)))>you<Else/><If(PlayerParameter(7))><SheetEn(ObjStr,2,PlayerParameter(7),1,1)/><Else/>ObjectParameter(2)</If></If>)/> <If(Equal(ObjectParameter(1),ObjectParameter(2)))>show<Else/>shows</If> <If(Equal(ObjectParameter(1),ObjectParameter(3)))><If(PlayerParameter(8))><SheetEn(ObjStr,2,PlayerParameter(8),1,1)/><Else/>you</If><Else/><If(PlayerParameter(8))><SheetEn(ObjStr,2,PlayerParameter(8),1,1)/><Else/>ObjectParameter(3)</If></If> <If(Equal(ObjectParameter(1),ObjectParameter(2)))>your<Else/><If(PlayerParameter(7))><If(<Sheet(BNpcName,PlayerParameter(7),6)/>)>her<Else/>his</If><Else/><If(PlayerParameter(5))>her<Else/>his</If></If></If> uncontainable jubilation!","<Clickable(<If(Equal(ObjectParameter(1),ObjectParameter(2)))>you<Else/><If(PlayerParameter(7))><SheetEn(ObjStr,2,PlayerParameter(7),1,1)/><Else/>ObjectParameter(2)</If></If>)/> <If(Equal(ObjectParameter(1),ObjectParameter(2)))>are<Else/>is</If> uncontainably jubilant!",0,1
49,"Disappointed","emote/orz","","emote/add_orz","emote/u_orz","emote/u_orz","","",True,True,True,"General","EmoteMode#0",False,True,False,False,False,5008,"/disappointed","ui/icon/246000/246253.tex","<Clickable(<If(Equal(ObjectParameter(1),ObjectParameter(2)))>you<Else/><If(PlayerParameter(7))><SheetEn(ObjStr,2,PlayerParameter(7),1,1)/><Else/>ObjectParameter(2)</If></If>)/> <If(Equal(ObjectParameter(1),ObjectParameter(2)))>show<Else/>shows</If> <If(Equal(ObjectParameter(1),ObjectParameter(3)))><If(PlayerParameter(8))><SheetEn(ObjStr,2,PlayerParameter(8),1,1)/><Else/>you</If><Else/><If(PlayerParameter(8))><SheetEn(ObjStr,2,PlayerParameter(8),1,1)/><Else/>ObjectParameter(3)</If></If> <If(Equal(ObjectParameter(1),ObjectParameter(2)))>your<Else/><If(PlayerParameter(7))><If(<Sheet(BNpcName,PlayerParameter(7),6)/>)>her<Else/>his</If><Else/><If(PlayerParameter(5))>her<Else/>his</If></If></If> utter disappointment.","<Clickable(<If(Equal(ObjectParameter(1),ObjectParameter(2)))>you<Else/><If(PlayerParameter(7))><SheetEn(ObjStr,2,PlayerParameter(7),1,1)/><Else/>ObjectParameter(2)</If></If>)/> <If(Equal(ObjectParameter(1),ObjectParameter(2)))>are<Else/>is</If> utterly disappointed.",0,1
50,"Sit","emote/sit","event_base/event_base_chair_start","","emote/sit","","","",False,False,False,"Special","EmoteMode#2",False,False,True,False,False,13001,"/lounge","ui/icon/246000/246256.tex","","",0,1
51,"Stand Up","event_base/event_base_chair_end","","","event_base/event_base_chair_end","","","",False,False,False,"Special","EmoteMode#2",True,False,False,False,False,0,"","ui/icon/246000/246254.tex","","",0,1
52,"Sit on Ground","emote/jmn","event_base/event_base_ground_start","emote/jmn","","","","",False,False,False,"Special","EmoteMode#1",False,False,True,False,False,13002,"/groundsit","ui/icon/246000/246254.tex","","",0,1
53,"Stand Up","event_base/event_base_ground_end","","event_base/event_base_ground_end","","","","",False,False,False,"Special","EmoteMode#1",True,False,False,False,False,0,"","ui/icon/246000/246254.tex","","",0,1
54,"Air Quotes","emote/airquotes","","emote/u_airquotes","emote/u_airquotes","emote/u_airquotes","","",True,True,True,"General","EmoteMode#0",False,True,False,False,False,5112,"/airquotes","ui/icon/246000/246263.tex","","",0,1
55,"Storm Salute","emote/salute_gca","","","","","","",False,False,False,"General","EmoteMode#0",False,True,False,False,False,10,"/gcsalute","ui/icon/246000/246246.tex","<Clickable(<If(Equal(ObjectParameter(1),ObjectParameter(2)))>you<Else/><If(PlayerParameter(7))><SheetEn(ObjStr,2,PlayerParameter(7),1,1)/><Else/>ObjectParameter(2)</If></If>)/> <If(Equal(ObjectParameter(1),ObjectParameter(2)))>give<Else/>gives</If> <If(Equal(ObjectParameter(1),ObjectParameter(3)))><If(PlayerParameter(8))><SheetEn(ObjStr,2,PlayerParameter(8),1,1)/><Else/>you</If><Else/><If(PlayerParameter(8))><SheetEn(ObjStr,2,PlayerParameter(8),1,1)/><Else/>ObjectParameter(3)</If></If> a Storm salute.","<Clickable(<If(Equal(ObjectParameter(1),ObjectParameter(2)))>you<Else/><If(PlayerParameter(7))><SheetEn(ObjStr,2,PlayerParameter(7),1,1)/><Else/>ObjectParameter(2)</If></If>)/> <If(Equal(ObjectParameter(1),ObjectParameter(2)))>give<Else/>gives</If> a Storm salute.",0,1
56,"Serpent Salute","emote/salute_gcb","","","","","","",False,False,False,"General","EmoteMode#0",False,True,False,False,False,10,"/gcsalute","ui/icon/246000/246247.tex","<Clickable(<If(Equal(ObjectParameter(1),ObjectParameter(2)))>you<Else/><If(PlayerParameter(7))><SheetEn(ObjStr,2,PlayerParameter(7),1,1)/><Else/>ObjectParameter(2)</If></If>)/> <If(Equal(ObjectParameter(1),ObjectParameter(2)))>give<Else/>gives</If> <If(Equal(ObjectParameter(1),ObjectParameter(3)))><If(PlayerParameter(8))><SheetEn(ObjStr,2,PlayerParameter(8),1,1)/><Else/>you</If><Else/><If(PlayerParameter(8))><SheetEn(ObjStr,2,PlayerParameter(8),1,1)/><Else/>ObjectParameter(3)</If></If> a Serpent salute.","<Clickable(<If(Equal(ObjectParameter(1),ObjectParameter(2)))>you<Else/><If(PlayerParameter(7))><SheetEn(ObjStr,2,PlayerParameter(7),1,1)/><Else/>ObjectParameter(2)</If></If>)/> <If(Equal(ObjectParameter(1),ObjectParameter(2)))>give<Else/>gives</If> a Serpent salute.",0,1
57,"Flame Salute","emote/salute_gcc","","","","","","",False,False,False,"General","EmoteMode#0",False,True,False,False,False,10,"/gcsalute","ui/icon/246000/246248.tex","<Clickable(<If(Equal(ObjectParameter(1),ObjectParameter(2)))>you<Else/><If(PlayerParameter(7))><SheetEn(ObjStr,2,PlayerParameter(7),1,1)/><Else/>ObjectParameter(2)</If></If>)/> <If(Equal(ObjectParameter(1),ObjectParameter(2)))>give<Else/>gives</If> <If(Equal(ObjectParameter(1),ObjectParameter(3)))><If(PlayerParameter(8))><SheetEn(ObjStr,2,PlayerParameter(8),1,1)/><Else/>you</If><Else/><If(PlayerParameter(8))><SheetEn(ObjStr,2,PlayerParameter(8),1,1)/><Else/>ObjectParameter(3)</If></If> a Flame salute.","<Clickable(<If(Equal(ObjectParameter(1),ObjectParameter(2)))>you<Else/><If(PlayerParameter(7))><SheetEn(ObjStr,2,PlayerParameter(7),1,1)/><Else/>ObjectParameter(2)</If></If>)/> <If(Equal(ObjectParameter(1),ObjectParameter(2)))>give<Else/>gives</If> a Flame salute.",0,1
58,"Pray","emote/pray","","emote/add_pray","emote/u_pray","emote/u_pray","","",True,True,True,"General","EmoteMode#0",False,True,False,False,False,1009,"/pray","ui/icon/246000/246264.tex","<Clickable(<If(Equal(ObjectParameter(1),ObjectParameter(2)))>you<Else/><If(PlayerParameter(7))><SheetEn(ObjStr,2,PlayerParameter(7),1,1)/><Else/>ObjectParameter(2)</If></If>)/> <If(Equal(ObjectParameter(1),ObjectParameter(2)))>pray<Else/>prays</If> before <If(Equal(ObjectParameter(1),ObjectParameter(3)))><If(PlayerParameter(8))><SheetEn(ObjStr,2,PlayerParameter(8),1,1)/><Else/>you</If><Else/><If(PlayerParameter(8))><SheetEn(ObjStr,2,PlayerParameter(8),1,1)/><Else/>ObjectParameter(3)</If></If>.","<Clickable(<If(Equal(ObjectParameter(1),ObjectParameter(2)))>you<Else/><If(PlayerParameter(7))><SheetEn(ObjStr,2,PlayerParameter(7),1,1)/><Else/>ObjectParameter(2)</If></If>)/> <If(Equal(ObjectParameter(1),ObjectParameter(2)))>pray<Else/>prays</If> solemnly.",0,1
59,"Imperial Salute","emote/salute_emp","","","","","","",False,False,False,"General","EmoteMode#0",False,True,False,False,False,11,"/imperialsalute","ui/icon/246000/246266.tex","<Clickable(<If(Equal(ObjectParameter(1),ObjectParameter(2)))>you<Else/><If(PlayerParameter(7))><SheetEn(ObjStr,2,PlayerParameter(7),1,1)/><Else/>ObjectParameter(2)</If></If>)/> <If(Equal(ObjectParameter(1),ObjectParameter(2)))>give<Else/>gives</If> <If(Equal(ObjectParameter(1),ObjectParameter(3)))><If(PlayerParameter(8))><SheetEn(ObjStr,2,PlayerParameter(8),1,1)/><Else/>you</If><Else/><If(PlayerParameter(8))><SheetEn(ObjStr,2,PlayerParameter(8),1,1)/><Else/>ObjectParameter(3)</If></If> an imperial salute.","<Clickable(<If(Equal(ObjectParameter(1),ObjectParameter(2)))>you<Else/><If(PlayerParameter(7))><SheetEn(ObjStr,2,PlayerParameter(7),1,1)/><Else/>ObjectParameter(2)</If></If>)/> <If(Equal(ObjectParameter(1),ObjectParameter(2)))>give<Else/>gives</If> an imperial salute.",23,1
60,"Visor","","","","","","","",True,True,True,"Special","EmoteMode#0",False,False,False,False,False,19999,"/visor","ui/icon/246000/246265.tex","","",0,1
61,"Visor","","","","","","","",True,True,True,"Special","EmoteMode#0",False,False,False,False,False,0,"","ui/icon/246000/246265.tex","","",0,1
62,"Megaflare","emote_sp/sp08","","","","","","",False,False,False,"Special","EmoteMode#0",False,True,False,False,False,12003,"/megaflare","ui/icon/246000/246327.tex","<Clickable(<If(Equal(ObjectParameter(1),ObjectParameter(2)))>you<Else/><If(PlayerParameter(7))><SheetEn(ObjStr,2,PlayerParameter(7),1,1)/><Else/>ObjectParameter(2)</If></If>)/> <If(Equal(ObjectParameter(1),ObjectParameter(2)))>cast<Else/>casts</If> Megaflare on <If(Equal(ObjectParameter(1),ObjectParameter(3)))><If(PlayerParameter(8))><SheetEn(ObjStr,2,PlayerParameter(8),1,1)/><Else/>you</If><Else/><If(PlayerParameter(8))><SheetEn(ObjStr,2,PlayerParameter(8),1,1)/><Else/>ObjectParameter(3)</If></If>. Nothing happens.","<Clickable(<If(Equal(ObjectParameter(1),ObjectParameter(2)))>you<Else/><If(PlayerParameter(7))><SheetEn(ObjStr,2,PlayerParameter(7),1,1)/><Else/>ObjectParameter(2)</If></If>)/> <If(Equal(ObjectParameter(1),ObjectParameter(2)))>cast<Else/>casts</If> Megaflare. Nothing happens.",379,1
63,"Crimson Lotus","emote/act_emot16","","","","","","",False,False,False,"General","EmoteMode#0",False,True,False,False,False,6009,"/crimsonlotus","ui/icon/246000/246328.tex","<Clickable(<If(Equal(ObjectParameter(1),ObjectParameter(2)))>you<Else/><If(PlayerParameter(7))><SheetEn(ObjStr,2,PlayerParameter(7),1,1)/><Else/>ObjectParameter(2)</If></If>)/> <If(Equal(ObjectParameter(1),ObjectParameter(2)))>perform<Else/>performs</If> the Crimson Lotus for <If(Equal(ObjectParameter(1),ObjectParameter(3)))><If(PlayerParameter(8))><SheetEn(ObjStr,2,PlayerParameter(8),1,1)/><Else/>you</If><Else/><If(PlayerParameter(8))><SheetEn(ObjStr,2,PlayerParameter(8),1,1)/><Else/>ObjectParameter(3)</If></If>.","<Clickable(<If(Equal(ObjectParameter(1),ObjectParameter(2)))>you<Else/><If(PlayerParameter(7))><SheetEn(ObjStr,2,PlayerParameter(7),1,1)/><Else/>ObjectParameter(2)</If></If>)/> <If(Equal(ObjectParameter(1),ObjectParameter(2)))>perform<Else/>performs</If> the Crimson Lotus.",378,1
64,"Charmed","emote_sp/sp09_loop","emote_sp/sp09_start","","","","","",False,False,False,"Special","EmoteMode#33",False,True,False,False,False,10021,"/charmed","ui/icon/246000/246329.tex","<Clickable(<If(Equal(ObjectParameter(1),ObjectParameter(2)))>you<Else/><If(PlayerParameter(7))><SheetEn(ObjStr,2,PlayerParameter(7),1,1)/><Else/>ObjectParameter(2)</If></If>)/> <If(Equal(ObjectParameter(1),ObjectParameter(2)))>succumb<Else/>succumbs</If> to <If(Equal(ObjectParameter(1),ObjectParameter(3)))>your<Else/><If(Equal(ObjectParameter(1),ObjectParameter(3)))><If(PlayerParameter(8))><SheetEn(ObjStr,2,PlayerParameter(8),1,1)/><Else/>you</If><Else/><If(PlayerParameter(8))><SheetEn(ObjStr,2,PlayerParameter(8),1,1)/><Else/>ObjectParameter(3)</If></If>'s</If> alluring embrace.","<Clickable(<If(Equal(ObjectParameter(1),ObjectParameter(2)))>you<Else/><If(PlayerParameter(7))><SheetEn(ObjStr,2,PlayerParameter(7),1,1)/><Else/>ObjectParameter(2)</If></If>)/> <If(Equal(ObjectParameter(1),ObjectParameter(2)))>are<Else/>is</If> charmed.",384,1
65,"Cheer On: Blue","emote_sp/sp10_loop","emote_sp/sp10_start","","","","","",False,False,False,"Special","EmoteMode#34",False,True,False,False,False,10022,"/cheeronblue","ui/icon/246000/246330.tex","<Clickable(<If(Equal(ObjectParameter(1),ObjectParameter(2)))>you<Else/><If(PlayerParameter(7))><SheetEn(ObjStr,2,PlayerParameter(7),1,1)/><Else/>ObjectParameter(2)</If></If>)/> <If(Equal(ObjectParameter(1),ObjectParameter(2)))>cheer<Else/>cheers</If> <If(Equal(ObjectParameter(1),ObjectParameter(3)))><If(PlayerParameter(8))><SheetEn(ObjStr,2,PlayerParameter(8),1,1)/><Else/>you</If><Else/><If(PlayerParameter(8))><SheetEn(ObjStr,2,PlayerParameter(8),1,1)/><Else/>ObjectParameter(3)</If></If> on.","<Clickable(<If(Equal(ObjectParameter(1),ObjectParameter(2)))>you<Else/><If(PlayerParameter(7))><SheetEn(ObjStr,2,PlayerParameter(7),1,1)/><Else/>ObjectParameter(2)</If></If>)/> <If(Equal(ObjectParameter(1),ObjectParameter(2)))>cheer<Else/>cheers</If> to the rhythm.",381,1
66,"Cheer Wave: Yellow","emote_sp/sp11_loop","emote_sp/sp11_start","","","","","",False,False,False,"Special","EmoteMode#35",False,True,False,False,False,10025,"/cheerwaveyellow","ui/icon/246000/246331.tex","<Clickable(<If(Equal(ObjectParameter(1),ObjectParameter(2)))>you<Else/><If(PlayerParameter(7))><SheetEn(ObjStr,2,PlayerParameter(7),1,1)/><Else/>ObjectParameter(2)</If></If>)/> <If(Equal(ObjectParameter(1),ObjectParameter(2)))>cheer<Else/>cheers</If> <If(Equal(ObjectParameter(1),ObjectParameter(3)))><If(PlayerParameter(8))><SheetEn(ObjStr,2,PlayerParameter(8),1,1)/><Else/>you</If><Else/><If(PlayerParameter(8))><SheetEn(ObjStr,2,PlayerParameter(8),1,1)/><Else/>ObjectParameter(3)</If></If> on.","<Clickable(<If(Equal(ObjectParameter(1),ObjectParameter(2)))>you<Else/><If(PlayerParameter(7))><SheetEn(ObjStr,2,PlayerParameter(7),1,1)/><Else/>ObjectParameter(2)</If></If>)/> <If(Equal(ObjectParameter(1),ObjectParameter(2)))>cheer<Else/>cheers</If> to the rhythm.",382,1
67,"Cheer Jump: Red","emote_sp/sp12_loop","emote_sp/sp12_start","","","","","",False,False,False,"Special","EmoteMode#36",False,True,False,False,False,10028,"/cheerjumpred","ui/icon/246000/246332.tex","<Clickable(<If(Equal(ObjectParameter(1),ObjectParameter(2)))>you<Else/><If(PlayerParameter(7))><SheetEn(ObjStr,2,PlayerParameter(7),1,1)/><Else/>ObjectParameter(2)</If></If>)/> <If(Equal(ObjectParameter(1),ObjectParameter(2)))>cheer<Else/>cheers</If> <If(Equal(ObjectParameter(1),ObjectParameter(3)))><If(PlayerParameter(8))><SheetEn(ObjStr,2,PlayerParameter(8),1,1)/><Else/>you</If><Else/><If(PlayerParameter(8))><SheetEn(ObjStr,2,PlayerParameter(8),1,1)/><Else/>ObjectParameter(3)</If></If> on.","<Clickable(<If(Equal(ObjectParameter(1),ObjectParameter(2)))>you<Else/><If(PlayerParameter(7))><SheetEn(ObjStr,2,PlayerParameter(7),1,1)/><Else/>ObjectParameter(2)</If></If>)/> <If(Equal(ObjectParameter(1),ObjectParameter(2)))>cheer<Else/>cheers</If> to the rhythm.",383,1
68,"Straight Face","facial/pose/base","","facial/pose/base","facial/pose/base","facial/pose/base","facial/pose/base","",True,True,True,"Expressions","EmoteMode#0",False,False,False,False,False,20001,"/straightface","ui/icon/246000/246101.tex","<Clickable(<If(Equal(ObjectParameter(1),ObjectParameter(2)))>you<Else/><If(PlayerParameter(7))><SheetEn(ObjStr,2,PlayerParameter(7),1,1)/><Else/>ObjectParameter(2)</If></If>)/> <If(Equal(ObjectParameter(1),ObjectParameter(2)))>make<Else/>makes</If> a straight face at <If(Equal(ObjectParameter(1),ObjectParameter(3)))><If(PlayerParameter(8))><SheetEn(ObjStr,2,PlayerParameter(8),1,1)/><Else/>you</If><Else/><If(PlayerParameter(8))><SheetEn(ObjStr,2,PlayerParameter(8),1,1)/><Else/>ObjectParameter(3)</If></If>.","<Clickable(<If(Equal(ObjectParameter(1),ObjectParameter(2)))>you<Else/><If(PlayerParameter(7))><SheetEn(ObjStr,2,PlayerParameter(7),1,1)/><Else/>ObjectParameter(2)</If></If>)/> <If(Equal(ObjectParameter(1),ObjectParameter(2)))>make<Else/>makes</If> a straight face.",0,1
69,"Smile","facial/pose/smile","","facial/pose/smile","facial/pose/smile","facial/pose/smile","facial/pose/smile","",True,True,True,"Expressions","EmoteMode#0",False,False,False,False,False,20002,"/smile","ui/icon/246000/246102.tex","<Clickable(<If(Equal(ObjectParameter(1),ObjectParameter(2)))>you<Else/><If(PlayerParameter(7))><SheetEn(ObjStr,2,PlayerParameter(7),1,1)/><Else/>ObjectParameter(2)</If></If>)/> <If(Equal(ObjectParameter(1),ObjectParameter(2)))>smile<Else/>smiles</If> at <If(Equal(ObjectParameter(1),ObjectParameter(3)))><If(PlayerParameter(8))><SheetEn(ObjStr,2,PlayerParameter(8),1,1)/><Else/>you</If><Else/><If(PlayerParameter(8))><SheetEn(ObjStr,2,PlayerParameter(8),1,1)/><Else/>ObjectParameter(3)</If></If>.","<Clickable(<If(Equal(ObjectParameter(1),ObjectParameter(2)))>you<Else/><If(PlayerParameter(7))><SheetEn(ObjStr,2,PlayerParameter(7),1,1)/><Else/>ObjectParameter(2)</If></If>)/> <If(Equal(ObjectParameter(1),ObjectParameter(2)))>smile<Else/>smiles</If>.",0,1
70,"Grin","facial/pose/smile_st","","facial/pose/smile_st","facial/pose/smile_st","facial/pose/smile_st","facial/pose/smile_st","",True,True,True,"Expressions","EmoteMode#0",False,False,False,False,False,20003,"/grin","ui/icon/246000/246103.tex","<Clickable(<If(Equal(ObjectParameter(1),ObjectParameter(2)))>you<Else/><If(PlayerParameter(7))><SheetEn(ObjStr,2,PlayerParameter(7),1,1)/><Else/>ObjectParameter(2)</If></If>)/> <If(Equal(ObjectParameter(1),ObjectParameter(2)))>beam<Else/>beams</If> with delight at <If(Equal(ObjectParameter(1),ObjectParameter(3)))><If(PlayerParameter(8))><SheetEn(ObjStr,2,PlayerParameter(8),1,1)/><Else/>you</If><Else/><If(PlayerParameter(8))><SheetEn(ObjStr,2,PlayerParameter(8),1,1)/><Else/>ObjectParameter(3)</If></If>.","<Clickable(<If(Equal(ObjectParameter(1),ObjectParameter(2)))>you<Else/><If(PlayerParameter(7))><SheetEn(ObjStr,2,PlayerParameter(7),1,1)/><Else/>ObjectParameter(2)</If></If>)/> <If(Equal(ObjectParameter(1),ObjectParameter(2)))>beam<Else/>beams</If> with delight.",0,1
71,"Smirk","facial/pose/bossy","","facial/pose/bossy","facial/pose/bossy","facial/pose/bossy","facial/pose/bossy","",True,True,True,"Expressions","EmoteMode#0",False,False,False,False,False,20007,"/smirk","ui/icon/246000/246104.tex","<Clickable(<If(Equal(ObjectParameter(1),ObjectParameter(2)))>you<Else/><If(PlayerParameter(7))><SheetEn(ObjStr,2,PlayerParameter(7),1,1)/><Else/>ObjectParameter(2)</If></If>)/> <If(Equal(ObjectParameter(1),ObjectParameter(2)))>smirk<Else/>smirks</If> confidently at <If(Equal(ObjectParameter(1),ObjectParameter(3)))><If(PlayerParameter(8))><SheetEn(ObjStr,2,PlayerParameter(8),1,1)/><Else/>you</If><Else/><If(PlayerParameter(8))><SheetEn(ObjStr,2,PlayerParameter(8),1,1)/><Else/>ObjectParameter(3)</If></If>.","<Clickable(<If(Equal(ObjectParameter(1),ObjectParameter(2)))>you<Else/><If(PlayerParameter(7))><SheetEn(ObjStr,2,PlayerParameter(7),1,1)/><Else/>ObjectParameter(2)</If></If>)/> <If(Equal(ObjectParameter(1),ObjectParameter(2)))>deliver<Else/>delivers</If> a confident smirk.",0,1
72,"Taunt","facial/pose/comeon","","facial/pose/comeon","facial/pose/comeon","facial/pose/comeon","facial/pose/comeon","",True,True,True,"Expressions","EmoteMode#0",False,False,False,False,False,20008,"/taunt","ui/icon/246000/246105.tex","<Clickable(<If(Equal(ObjectParameter(1),ObjectParameter(2)))>you<Else/><If(PlayerParameter(7))><SheetEn(ObjStr,2,PlayerParameter(7),1,1)/><Else/>ObjectParameter(2)</If></If>)/> <If(Equal(ObjectParameter(1),ObjectParameter(2)))>grin<Else/>grins</If> tauntingly at <If(Equal(ObjectParameter(1),ObjectParameter(3)))><If(PlayerParameter(8))><SheetEn(ObjStr,2,PlayerParameter(8),1,1)/><Else/>you</If><Else/><If(PlayerParameter(8))><SheetEn(ObjStr,2,PlayerParameter(8),1,1)/><Else/>ObjectParameter(3)</If></If>.","<Clickable(<If(Equal(ObjectParameter(1),ObjectParameter(2)))>you<Else/><If(PlayerParameter(7))><SheetEn(ObjStr,2,PlayerParameter(7),1,1)/><Else/>ObjectParameter(2)</If></If>)/> <If(Equal(ObjectParameter(1),ObjectParameter(2)))>put<Else/>puts</If> on a taunting grin.",0,1
73,"Shut Eyes","facial/pose/bow","","facial/pose/bow","facial/pose/bow","facial/pose/bow","facial/pose/bow","",True,True,True,"Expressions","EmoteMode#0",False,False,False,False,False,20009,"/shuteyes","ui/icon/246000/246106.tex","<Clickable(<If(Equal(ObjectParameter(1),ObjectParameter(2)))>you<Else/><If(PlayerParameter(7))><SheetEn(ObjStr,2,PlayerParameter(7),1,1)/><Else/>ObjectParameter(2)</If></If>)/> <If(Equal(ObjectParameter(1),ObjectParameter(2)))>close your<Else/>closes <If(PlayerParameter(7))><If(<Sheet(BNpcName,PlayerParameter(7),6)/>)>her<Else/>his</If><Else/><If(PlayerParameter(5))>her<Else/>his</If></If></If> eyes for <If(Equal(ObjectParameter(1),ObjectParameter(3)))><If(PlayerParameter(8))><SheetEn(ObjStr,2,PlayerParameter(8),1,1)/><Else/>you</If><Else/><If(PlayerParameter(8))><SheetEn(ObjStr,2,PlayerParameter(8),1,1)/><Else/>ObjectParameter(3)</If></If>.","<Clickable(<If(Equal(ObjectParameter(1),ObjectParameter(2)))>you<Else/><If(PlayerParameter(7))><SheetEn(ObjStr,2,PlayerParameter(7),1,1)/><Else/>ObjectParameter(2)</If></If>)/> <If(Equal(ObjectParameter(1),ObjectParameter(2)))>close your<Else/>closes <If(PlayerParameter(7))><If(<Sheet(BNpcName,PlayerParameter(7),6)/>)>her<Else/>his</If><Else/><If(PlayerParameter(5))>her<Else/>his</If></If></If> eyes.",0,1
74,"Sad","facial/pose/cry","","facial/pose/cry","facial/pose/cry","facial/pose/cry","facial/pose/cry","",True,True,True,"Expressions","EmoteMode#0",False,False,False,False,False,20010,"/sad","ui/icon/246000/246107.tex","<Clickable(<If(Equal(ObjectParameter(1),ObjectParameter(2)))>you<Else/><If(PlayerParameter(7))><SheetEn(ObjStr,2,PlayerParameter(7),1,1)/><Else/>ObjectParameter(2)</If></If>)/> <If(Equal(ObjectParameter(1),ObjectParameter(2)))>see<Else/>sees</If> <If(Equal(ObjectParameter(1),ObjectParameter(3)))><If(PlayerParameter(8))><SheetEn(ObjStr,2,PlayerParameter(8),1,1)/><Else/>you</If><Else/><If(PlayerParameter(8))><SheetEn(ObjStr,2,PlayerParameter(8),1,1)/><Else/>ObjectParameter(3)</If></If> and <If(Equal(ObjectParameter(1),ObjectParameter(2)))>your<Else/><If(PlayerParameter(7))><If(<Sheet(BNpcName,PlayerParameter(7),6)/>)>her<Else/>his</If><Else/><If(PlayerParameter(5))>her<Else/>his</If></If></If> eyes begin to well up.","<Clickable(<If(Equal(ObjectParameter(1),ObjectParameter(2)))>your<Else/><If(Equal(ObjectParameter(1),ObjectParameter(2)))>you<Else/><If(PlayerParameter(7))><SheetEn(ObjStr,2,PlayerParameter(7),1,1)/><Else/>ObjectParameter(2)</If></If>'s</If>)/> eyes begin to well up.",0,1
75,"Scared","facial/pose/fear","","facial/pose/fear","facial/pose/fear","facial/pose/fear","facial/pose/fear","",True,True,True,"Expressions","EmoteMode#0",False,False,False,False,False,20011,"/scared","ui/icon/246000/246108.tex","<Clickable(<If(Equal(ObjectParameter(1),ObjectParameter(2)))>you<Else/><If(PlayerParameter(7))><SheetEn(ObjStr,2,PlayerParameter(7),1,1)/><Else/>ObjectParameter(2)</If></If>)/> <If(Equal(ObjectParameter(1),ObjectParameter(2)))>stare<Else/>stares</If> at <If(Equal(ObjectParameter(1),ObjectParameter(3)))><If(PlayerParameter(8))><SheetEn(ObjStr,2,PlayerParameter(8),1,1)/><Else/>you</If><Else/><If(PlayerParameter(8))><SheetEn(ObjStr,2,PlayerParameter(8),1,1)/><Else/>ObjectParameter(3)</If></If> in fear.","<Clickable(<If(Equal(ObjectParameter(1),ObjectParameter(2)))>you<Else/><If(PlayerParameter(7))><SheetEn(ObjStr,2,PlayerParameter(7),1,1)/><Else/>ObjectParameter(2)</If></If>)/> <If(Equal(ObjectParameter(1),ObjectParameter(2)))>stare<Else/>stares</If> in fear.",0,1
76,"Amazed","facial/pose/freeze","","facial/pose/freeze","facial/pose/freeze","facial/pose/freeze","facial/pose/freeze","",True,True,True,"Expressions","EmoteMode#0",False,False,False,False,False,20012,"/amazed","ui/icon/246000/246109.tex","<Clickable(<If(Equal(ObjectParameter(1),ObjectParameter(2)))>your<Else/><If(Equal(ObjectParameter(1),ObjectParameter(2)))>you<Else/><If(PlayerParameter(7))><SheetEn(ObjStr,2,PlayerParameter(7),1,1)/><Else/>ObjectParameter(2)</If></If>'s</If>)/> eyes grow wide with awe upon seeing <If(Equal(ObjectParameter(1),ObjectParameter(3)))><If(PlayerParameter(8))><SheetEn(ObjStr,2,PlayerParameter(8),1,1)/><Else/>you</If><Else/><If(PlayerParameter(8))><SheetEn(ObjStr,2,PlayerParameter(8),1,1)/><Else/>ObjectParameter(3)</If></If>.","<Clickable(<If(Equal(ObjectParameter(1),ObjectParameter(2)))>your<Else/><If(Equal(ObjectParameter(1),ObjectParameter(2)))>you<Else/><If(PlayerParameter(7))><SheetEn(ObjStr,2,PlayerParameter(7),1,1)/><Else/>ObjectParameter(2)</If></If>'s</If>)/> eyes grow wide with awe.",0,1
77,"Ouch","facial/pose/ouch_st","","facial/pose/ouch_st","facial/pose/ouch_st","facial/pose/ouch_st","facial/pose/ouch_st","",True,True,True,"Expressions","EmoteMode#0",False,False,False,False,False,20013,"/ouch","ui/icon/246000/246110.tex","<Clickable(<If(Equal(ObjectParameter(1),ObjectParameter(2)))>you<Else/><If(PlayerParameter(7))><SheetEn(ObjStr,2,PlayerParameter(7),1,1)/><Else/>ObjectParameter(2)</If></If>)/> <If(Equal(ObjectParameter(1),ObjectParameter(2)))>cringe<Else/>cringes</If> with pain before <If(Equal(ObjectParameter(1),ObjectParameter(3)))><If(PlayerParameter(8))><SheetEn(ObjStr,2,PlayerParameter(8),1,1)/><Else/>you</If><Else/><If(PlayerParameter(8))><SheetEn(ObjStr,2,PlayerParameter(8),1,1)/><Else/>ObjectParameter(3)</If></If>.","<Clickable(<If(Equal(ObjectParameter(1),ObjectParameter(2)))>you<Else/><If(PlayerParameter(7))><SheetEn(ObjStr,2,PlayerParameter(7),1,1)/><Else/>ObjectParameter(2)</If></If>)/> <If(Equal(ObjectParameter(1),ObjectParameter(2)))>clench your<Else/>clenches <If(PlayerParameter(7))><If(<Sheet(BNpcName,PlayerParameter(7),6)/>)>her<Else/>his</If><Else/><If(PlayerParameter(5))>her<Else/>his</If></If></If> teeth in pain.",0,1
78,"Annoyed","facial/pose/spewing","","facial/pose/spewing","facial/pose/spewing","facial/pose/spewing","facial/pose/spewing","",True,True,True,"Expressions","EmoteMode#0",False,False,False,False,False,20014,"/annoyed","ui/icon/246000/246111.tex","<Clickable(<If(Equal(ObjectParameter(1),ObjectParameter(2)))>you<Else/><If(PlayerParameter(7))><SheetEn(ObjStr,2,PlayerParameter(7),1,1)/><Else/>ObjectParameter(2)</If></If>)/> <If(Equal(ObjectParameter(1),ObjectParameter(2)))>are<Else/>is</If> annoyed with <If(Equal(ObjectParameter(1),ObjectParameter(3)))><If(PlayerParameter(8))><SheetEn(ObjStr,2,PlayerParameter(8),1,1)/><Else/>you</If><Else/><If(PlayerParameter(8))><SheetEn(ObjStr,2,PlayerParameter(8),1,1)/><Else/>ObjectParameter(3)</If></If>.","<Clickable(<If(Equal(ObjectParameter(1),ObjectParameter(2)))>you<Else/><If(PlayerParameter(7))><SheetEn(ObjStr,2,PlayerParameter(7),1,1)/><Else/>ObjectParameter(2)</If></If>)/> <If(Equal(ObjectParameter(1),ObjectParameter(2)))>furrow your<Else/>furrows <If(PlayerParameter(7))><If(<Sheet(BNpcName,PlayerParameter(7),6)/>)>her<Else/>his</If><Else/><If(PlayerParameter(5))>her<Else/>his</If></If></If> brow.",0,1
79,"Alert","facial/pose/what","","facial/pose/what","facial/pose/what","facial/pose/what","facial/pose/what","",True,True,True,"Expressions","EmoteMode#0",False,False,False,False,False,20015,"/alert","ui/icon/246000/246112.tex","<Clickable(<If(Equal(ObjectParameter(1),ObjectParameter(2)))>you<Else/><If(PlayerParameter(7))><SheetEn(ObjStr,2,PlayerParameter(7),1,1)/><Else/>ObjectParameter(2)</If></If>)/> <If(Equal(ObjectParameter(1),ObjectParameter(2)))>sense<Else/>senses</If> something amiss with <If(Equal(ObjectParameter(1),ObjectParameter(3)))><If(PlayerParameter(8))><SheetEn(ObjStr,2,PlayerParameter(8),1,1)/><Else/>you</If><Else/><If(PlayerParameter(8))><SheetEn(ObjStr,2,PlayerParameter(8),1,1)/><Else/>ObjectParameter(3)</If></If>.","<Clickable(<If(Equal(ObjectParameter(1),ObjectParameter(2)))>you<Else/><If(PlayerParameter(7))><SheetEn(ObjStr,2,PlayerParameter(7),1,1)/><Else/>ObjectParameter(2)</If></If>)/> <If(Equal(ObjectParameter(1),ObjectParameter(2)))>sense<Else/>senses</If> something amiss.",0,1
80,"Worried","facial/pose/worry","","facial/pose/worry","facial/pose/worry","facial/pose/worry","facial/pose/worry","",True,True,True,"Expressions","EmoteMode#0",False,False,False,False,False,20016,"/worried","ui/icon/246000/246113.tex","<Clickable(<If(Equal(ObjectParameter(1),ObjectParameter(2)))>you<Else/><If(PlayerParameter(7))><SheetEn(ObjStr,2,PlayerParameter(7),1,1)/><Else/>ObjectParameter(2)</If></If>)/> <If(Equal(ObjectParameter(1),ObjectParameter(2)))>express your<Else/>expresses <If(PlayerParameter(7))><If(<Sheet(BNpcName,PlayerParameter(7),6)/>)>her<Else/>his</If><Else/><If(PlayerParameter(5))>her<Else/>his</If></If></If> worry with <If(Equal(ObjectParameter(1),ObjectParameter(3)))><If(PlayerParameter(8))><SheetEn(ObjStr,2,PlayerParameter(8),1,1)/><Else/>you</If><Else/><If(PlayerParameter(8))><SheetEn(ObjStr,2,PlayerParameter(8),1,1)/><Else/>ObjectParameter(3)</If></If>.","<Clickable(<If(Equal(ObjectParameter(1),ObjectParameter(2)))>you<Else/><If(PlayerParameter(7))><SheetEn(ObjStr,2,PlayerParameter(7),1,1)/><Else/>ObjectParameter(2)</If></If>)/> <If(Equal(ObjectParameter(1),ObjectParameter(2)))>are<Else/>is</If> overcome with worry.",0,1
81,"Big Grin","facial/pose/grin","","facial/pose/grin","facial/pose/grin","facial/pose/grin","facial/pose/grin","",True,True,True,"Expressions","EmoteMode#0",False,False,False,False,False,20023,"/biggrin","ui/icon/246000/246125.tex","<Clickable(<If(Equal(ObjectParameter(1),ObjectParameter(2)))>you<Else/><If(PlayerParameter(7))><SheetEn(ObjStr,2,PlayerParameter(7),1,1)/><Else/>ObjectParameter(2)</If></If>)/> <If(Equal(ObjectParameter(1),ObjectParameter(2)))>grin<Else/>grins</If> madly at <If(Equal(ObjectParameter(1),ObjectParameter(3)))><If(PlayerParameter(8))><SheetEn(ObjStr,2,PlayerParameter(8),1,1)/><Else/>you</If><Else/><If(PlayerParameter(8))><SheetEn(ObjStr,2,PlayerParameter(8),1,1)/><Else/>ObjectParameter(3)</If></If>.","<Clickable(<If(Equal(ObjectParameter(1),ObjectParameter(2)))>you<Else/><If(PlayerParameter(7))><SheetEn(ObjStr,2,PlayerParameter(7),1,1)/><Else/>ObjectParameter(2)</If></If>)/> <If(Equal(ObjectParameter(1),ObjectParameter(2)))>grin<Else/>grins</If> madly.",388,1
82,"Reflect","facial/pose/meditate","","facial/pose/meditate","facial/pose/meditate","facial/pose/meditate","facial/pose/meditate","",True,True,True,"Expressions","EmoteMode#0",False,False,False,False,False,20024,"/reflect","ui/icon/246000/246126.tex","<Clickable(<If(Equal(ObjectParameter(1),ObjectParameter(2)))>you<Else/><If(PlayerParameter(7))><SheetEn(ObjStr,2,PlayerParameter(7),1,1)/><Else/>ObjectParameter(2)</If></If>)/> <If(Equal(ObjectParameter(1),ObjectParameter(2)))>take<Else/>takes</If> a moment to reflect on <If(Equal(ObjectParameter(1),ObjectParameter(2)))>your<Else/><If(PlayerParameter(7))><If(<Sheet(BNpcName,PlayerParameter(7),6)/>)>her<Else/>his</If><Else/><If(PlayerParameter(5))>her<Else/>his</If></If></If> time with <If(Equal(ObjectParameter(1),ObjectParameter(3)))><If(PlayerParameter(8))><SheetEn(ObjStr,2,PlayerParameter(8),1,1)/><Else/>you</If><Else/><If(PlayerParameter(8))><SheetEn(ObjStr,2,PlayerParameter(8),1,1)/><Else/>ObjectParameter(3)</If></If>.","<Clickable(<If(Equal(ObjectParameter(1),ObjectParameter(2)))>you<Else/><If(PlayerParameter(7))><SheetEn(ObjStr,2,PlayerParameter(7),1,1)/><Else/>ObjectParameter(2)</If></If>)/> <If(Equal(ObjectParameter(1),ObjectParameter(2)))>take<Else/>takes</If> a moment of silence.",389,1
83,"Furrow","facial/pose/doubtful","","facial/pose/doubtful","facial/pose/doubtful","facial/pose/doubtful","facial/pose/doubtful","",True,True,True,"Expressions","EmoteMode#0",False,False,False,False,False,20025,"/furrow","ui/icon/246000/246127.tex","<Clickable(<If(Equal(ObjectParameter(1),ObjectParameter(2)))>you<Else/><If(PlayerParameter(7))><SheetEn(ObjStr,2,PlayerParameter(7),1,1)/><Else/>ObjectParameter(2)</If></If>)/> <If(Equal(ObjectParameter(1),ObjectParameter(2)))>furrow<Else/>furrows</If> <If(Equal(ObjectParameter(1),ObjectParameter(2)))>your<Else/><If(PlayerParameter(7))><If(<Sheet(BNpcName,PlayerParameter(7),6)/>)>her<Else/>his</If><Else/><If(PlayerParameter(5))>her<Else/>his</If></If></If> brow at <If(Equal(ObjectParameter(1),ObjectParameter(3)))><If(PlayerParameter(8))><SheetEn(ObjStr,2,PlayerParameter(8),1,1)/><Else/>you</If><Else/><If(PlayerParameter(8))><SheetEn(ObjStr,2,PlayerParameter(8),1,1)/><Else/>ObjectParameter(3)</If></If>.","<Clickable(<If(Equal(ObjectParameter(1),ObjectParameter(2)))>you<Else/><If(PlayerParameter(7))><SheetEn(ObjStr,2,PlayerParameter(7),1,1)/><Else/>ObjectParameter(2)</If></If>)/> <If(Equal(ObjectParameter(1),ObjectParameter(2)))>furrow<Else/>furrows</If> <If(Equal(ObjectParameter(1),ObjectParameter(2)))>your<Else/><If(PlayerParameter(7))><If(<Sheet(BNpcName,PlayerParameter(7),6)/>)>her<Else/>his</If><Else/><If(PlayerParameter(5))>her<Else/>his</If></If></If> brow.",0,1
84,"Scoff","facial/pose/wrysmile_cl","","facial/pose/wrysmile_cl","facial/pose/wrysmile_cl","facial/pose/wrysmile_cl","facial/pose/wrysmile_cl","",True,True,True,"Expressions","EmoteMode#0",False,False,False,False,False,20026,"/scoff","ui/icon/246000/246128.tex","<Clickable(<If(Equal(ObjectParameter(1),ObjectParameter(2)))>you<Else/><If(PlayerParameter(7))><SheetEn(ObjStr,2,PlayerParameter(7),1,1)/><Else/>ObjectParameter(2)</If></If>)/> <If(Equal(ObjectParameter(1),ObjectParameter(2)))>scoff<Else/>scoffs</If> at <If(Equal(ObjectParameter(1),ObjectParameter(3)))><If(PlayerParameter(8))><SheetEn(ObjStr,2,PlayerParameter(8),1,1)/><Else/>you</If><Else/><If(PlayerParameter(8))><SheetEn(ObjStr,2,PlayerParameter(8),1,1)/><Else/>ObjectParameter(3)</If></If>.","<Clickable(<If(Equal(ObjectParameter(1),ObjectParameter(2)))>you<Else/><If(PlayerParameter(7))><SheetEn(ObjStr,2,PlayerParameter(7),1,1)/><Else/>ObjectParameter(2)</If></If>)/> <If(Equal(ObjectParameter(1),ObjectParameter(2)))>scoff<Else/>scoffs</If>.",0,1
85,"Throw","emote_sp/throw_snow_no_vfx","","","","","","",False,False,False,"General","EmoteMode#0",False,True,False,False,False,5102,"/throw","ui/icon/246000/246250.tex","<Clickable(<If(Equal(ObjectParameter(1),ObjectParameter(2)))>you<Else/><If(PlayerParameter(7))><SheetEn(ObjStr,2,PlayerParameter(7),1,1)/><Else/>ObjectParameter(2)</If></If>)/> <If(Equal(ObjectParameter(1),ObjectParameter(2)))>hurl<Else/>hurls</If> something at <If(Equal(ObjectParameter(1),ObjectParameter(3)))><If(PlayerParameter(8))><SheetEn(ObjStr,2,PlayerParameter(8),1,1)/><Else/>you</If><Else/><If(PlayerParameter(8))><SheetEn(ObjStr,2,PlayerParameter(8),1,1)/><Else/>ObjectParameter(3)</If></If>.","<Clickable(<If(Equal(ObjectParameter(1),ObjectParameter(2)))>you<Else/><If(PlayerParameter(7))><SheetEn(ObjStr,2,PlayerParameter(7),1,1)/><Else/>ObjectParameter(2)</If></If>)/> <If(Equal(ObjectParameter(1),ObjectParameter(2)))>hurl<Else/>hurls</If> something.",24,1
86,"Snowball","emote_sp/throw_snow","","","","","","",False,False,False,"General","EmoteMode#0",False,True,False,False,False,0,"","ui/icon/246000/246250.tex","<Clickable(<If(Equal(ObjectParameter(1),ObjectParameter(2)))>you<Else/><If(PlayerParameter(7))><SheetEn(ObjStr,2,PlayerParameter(7),1,1)/><Else/>ObjectParameter(2)</If></If>)/> <If(Equal(ObjectParameter(1),ObjectParameter(2)))>hurl<Else/>hurls</If> a snowball at <If(Equal(ObjectParameter(1),ObjectParameter(3)))><If(PlayerParameter(8))><SheetEn(ObjStr,2,PlayerParameter(8),1,1)/><Else/>you</If><Else/><If(PlayerParameter(8))><SheetEn(ObjStr,2,PlayerParameter(8),1,1)/><Else/>ObjectParameter(3)</If></If>.","<Clickable(<If(Equal(ObjectParameter(1),ObjectParameter(2)))>you<Else/><If(PlayerParameter(7))><SheetEn(ObjStr,2,PlayerParameter(7),1,1)/><Else/>ObjectParameter(2)</If></If>)/> <If(Equal(ObjectParameter(1),ObjectParameter(2)))>hurl<Else/>hurls</If> a snowball.",24,1
87,"Snowball","emote_sp/throw_snow_no_target","","","","","","",False,False,False,"General","EmoteMode#0",False,False,False,False,False,0,"","ui/icon/246000/246250.tex","<Clickable(<If(Equal(ObjectParameter(1),ObjectParameter(2)))>you<Else/><If(PlayerParameter(7))><SheetEn(ObjStr,2,PlayerParameter(7),1,1)/><Else/>ObjectParameter(2)</If></If>)/> <If(Equal(ObjectParameter(1),ObjectParameter(2)))>hurl<Else/>hurls</If> a snowball at <If(Equal(ObjectParameter(1),ObjectParameter(3)))><If(PlayerParameter(8))><SheetEn(ObjStr,2,PlayerParameter(8),1,1)/><Else/>you</If><Else/><If(PlayerParameter(8))><SheetEn(ObjStr,2,PlayerParameter(8),1,1)/><Else/>ObjectParameter(3)</If></If>.","<Clickable(<If(Equal(ObjectParameter(1),ObjectParameter(2)))>you<Else/><If(PlayerParameter(7))><SheetEn(ObjStr,2,PlayerParameter(7),1,1)/><Else/>ObjectParameter(2)</If></If>)/> <If(Equal(ObjectParameter(1),ObjectParameter(2)))>hurl<Else/>hurls</If> a snowball.",24,1
88,"Sleep","emote/bed_liedown_loop","emote/bed_liedown_start","","","","emote/bed_liedown_loop","",False,False,False,"Special","EmoteMode#3",False,False,False,False,False,0,"",,"","",0,1
89,"","emote/bed_liedown_end","","","","","emote/bed_liedown_end","",False,False,False,"Special","EmoteMode#3",True,False,False,False,False,0,"","ui/icon/246000/246254.tex","","",0,1
90,"Change Pose","","","","","","","",False,False,False,"Special","EmoteMode#0",False,False,False,False,False,19998,"/changepose","ui/icon/246000/246268.tex","","",0,1
91,"","emote/pose01_loop","emote/pose01_start","","","","","",False,False,False,"","EmoteMode#0",False,False,False,False,False,0,"",,"","",0,1
92,"","emote/pose02_loop","emote/pose02_start","","","","","",False,False,False,"","EmoteMode#0",False,False,False,False,False,0,"",,"","",0,1
93,"","emote/b_pose01_loop","emote/b_pose01_start","","","","","",False,False,False,"","EmoteMode#0",False,False,False,False,False,0,"",,"","",0,1
94,"","","","","","","","",False,False,False,"","EmoteMode#0",False,False,False,False,False,0,"",,"","",0,0
95,"","emote/s_pose01_loop","emote/s_pose01_start","","emote/s_pose01_loop","","","",False,False,False,"","EmoteMode#2",False,False,False,False,False,0,"",,"","",0,1
96,"","emote/s_pose02_loop","emote/s_pose02_start","","emote/s_pose02_loop","","","",False,False,False,"","EmoteMode#2",False,False,False,False,False,0,"",,"","",0,1
97,"","emote/j_pose01_loop","emote/j_pose01_start","emote/j_pose01_loop","","","","",False,False,False,"","EmoteMode#1",False,False,False,False,False,0,"",,"","",0,1
98,"","emote/j_pose02_loop","emote/j_pose02_start","emote/j_pose02_loop","","","","",False,False,False,"","EmoteMode#1",False,False,False,False,False,0,"",,"","",0,1
99,"","emote/l_pose02_loop","emote/l_pose02_start","","","","emote/l_pose02_loop","",False,False,False,"","EmoteMode#3",False,False,False,False,False,0,"",,"","",0,1
100,"","emote/l_pose01_loop","emote/l_pose01_start","","","","emote/l_pose01_loop","",False,False,False,"","EmoteMode#3",False,False,False,False,False,0,"",,"","",0,1
101,"Step Dance","emote/dance_male_loop","emote/dance_male_start","","","","","",False,False,False,"Special","EmoteMode#4",False,True,False,False,False,10001,"/stepdance","ui/icon/246000/246269.tex","<Clickable(<If(Equal(ObjectParameter(1),ObjectParameter(2)))>you<Else/><If(PlayerParameter(7))><SheetEn(ObjStr,2,PlayerParameter(7),1,1)/><Else/>ObjectParameter(2)</If></If>)/> <If(Equal(ObjectParameter(1),ObjectParameter(2)))>perform<Else/>performs</If> a merry step dance for <If(Equal(ObjectParameter(1),ObjectParameter(3)))><If(PlayerParameter(8))><SheetEn(ObjStr,2,PlayerParameter(8),1,1)/><Else/>you</If><Else/><If(PlayerParameter(8))><SheetEn(ObjStr,2,PlayerParameter(8),1,1)/><Else/>ObjectParameter(3)</If></If>.","<Clickable(<If(Equal(ObjectParameter(1),ObjectParameter(2)))>you<Else/><If(PlayerParameter(7))><SheetEn(ObjStr,2,PlayerParameter(7),1,1)/><Else/>ObjectParameter(2)</If></If>)/> <If(Equal(ObjectParameter(1),ObjectParameter(2)))>perform<Else/>performs</If> a merry step dance.",27,1
102,"Harvest Dance","emote/dance_female_loop","emote/dance_female_start","","","","","",False,False,False,"Special","EmoteMode#5",False,True,False,False,False,10002,"/harvestdance","ui/icon/246000/246270.tex","<Clickable(<If(Equal(ObjectParameter(1),ObjectParameter(2)))>you<Else/><If(PlayerParameter(7))><SheetEn(ObjStr,2,PlayerParameter(7),1,1)/><Else/>ObjectParameter(2)</If></If>)/> <If(Equal(ObjectParameter(1),ObjectParameter(2)))>perform<Else/>performs</If> a spirited harvest dance for <If(Equal(ObjectParameter(1),ObjectParameter(3)))><If(PlayerParameter(8))><SheetEn(ObjStr,2,PlayerParameter(8),1,1)/><Else/>you</If><Else/><If(PlayerParameter(8))><SheetEn(ObjStr,2,PlayerParameter(8),1,1)/><Else/>ObjectParameter(3)</If></If>.","<Clickable(<If(Equal(ObjectParameter(1),ObjectParameter(2)))>you<Else/><If(PlayerParameter(7))><SheetEn(ObjStr,2,PlayerParameter(7),1,1)/><Else/>ObjectParameter(2)</If></If>)/> <If(Equal(ObjectParameter(1),ObjectParameter(2)))>perform<Else/>performs</If> a spirited harvest dance.",28,1
103,"Ball Dance","emote/dance_elezen_loop","emote/dance_elezen_start","","","","","",False,False,False,"Special","EmoteMode#6",False,True,False,False,False,10003,"/balldance","ui/icon/246000/246271.tex","<Clickable(<If(Equal(ObjectParameter(1),ObjectParameter(2)))>you<Else/><If(PlayerParameter(7))><SheetEn(ObjStr,2,PlayerParameter(7),1,1)/><Else/>ObjectParameter(2)</If></If>)/> <If(Equal(ObjectParameter(1),ObjectParameter(2)))>perform<Else/>performs</If> a stately ball dance for <If(Equal(ObjectParameter(1),ObjectParameter(3)))><If(PlayerParameter(8))><SheetEn(ObjStr,2,PlayerParameter(8),1,1)/><Else/>you</If><Else/><If(PlayerParameter(8))><SheetEn(ObjStr,2,PlayerParameter(8),1,1)/><Else/>ObjectParameter(3)</If></If>.","<Clickable(<If(Equal(ObjectParameter(1),ObjectParameter(2)))>you<Else/><If(PlayerParameter(7))><SheetEn(ObjStr,2,PlayerParameter(7),1,1)/><Else/>ObjectParameter(2)</If></If>)/> <If(Equal(ObjectParameter(1),ObjectParameter(2)))>perform<Else/>performs</If> a stately ball dance.",29,1
104,"Manderville Dance","emote/dance_lalafell_loop","emote/dance_lalafell_start","","","","","",False,False,False,"Special","EmoteMode#7",False,True,False,False,False,10004,"/mandervilledance","ui/icon/246000/246272.tex","<Clickable(<If(Equal(ObjectParameter(1),ObjectParameter(2)))>you<Else/><If(PlayerParameter(7))><SheetEn(ObjStr,2,PlayerParameter(7),1,1)/><Else/>ObjectParameter(2)</If></If>)/> <If(Equal(ObjectParameter(1),ObjectParameter(2)))>perform<Else/>performs</If> the Manderville for <If(Equal(ObjectParameter(1),ObjectParameter(3)))><If(PlayerParameter(8))><SheetEn(ObjStr,2,PlayerParameter(8),1,1)/><Else/>you</If><Else/><If(PlayerParameter(8))><SheetEn(ObjStr,2,PlayerParameter(8),1,1)/><Else/>ObjectParameter(3)</If></If>.","<Clickable(<If(Equal(ObjectParameter(1),ObjectParameter(2)))>you<Else/><If(PlayerParameter(7))><SheetEn(ObjStr,2,PlayerParameter(7),1,1)/><Else/>ObjectParameter(2)</If></If>)/> <If(Equal(ObjectParameter(1),ObjectParameter(2)))>perform<Else/>performs</If> the Manderville.",30,1
105,"Pet","emote/stroke_top","","emote/u_stroke_top","emote/u_stroke_top","emote/u_stroke_top","","emote_ajust/u_stroke_side",True,True,True,"General","EmoteMode#0",False,True,False,False,False,2009,"/stroke","ui/icon/246000/246267.tex","<Clickable(<If(Equal(ObjectParameter(1),ObjectParameter(2)))>you<Else/><If(PlayerParameter(7))><SheetEn(ObjStr,2,PlayerParameter(7),1,1)/><Else/>ObjectParameter(2)</If></If>)/> gently <If(Equal(ObjectParameter(1),ObjectParameter(2)))>pat<Else/>pats</If> <If(Equal(ObjectParameter(1),ObjectParameter(3)))><If(PlayerParameter(8))><SheetEn(ObjStr,2,PlayerParameter(8),1,1)/><Else/>you</If><Else/><If(PlayerParameter(8))><SheetEn(ObjStr,2,PlayerParameter(8),1,1)/><Else/>ObjectParameter(3)</If></If>.","<Clickable(<If(Equal(ObjectParameter(1),ObjectParameter(2)))>you<Else/><If(PlayerParameter(7))><SheetEn(ObjStr,2,PlayerParameter(7),1,1)/><Else/>ObjectParameter(2)</If></If>)/> <If(Equal(ObjectParameter(1),ObjectParameter(2)))>pat<Else/>pats</If> the air.",0,1
106,"Hand Over","emote/hand_over","","emote/u_hand_over","emote/u_hand_over","emote/u_hand_over","","emote_ajust/u_hand_over",True,True,True,"General","EmoteMode#0",False,True,False,False,False,5104,"/handover","ui/icon/246000/246273.tex","<Clickable(<If(Equal(ObjectParameter(1),ObjectParameter(2)))>you<Else/><If(PlayerParameter(7))><SheetEn(ObjStr,2,PlayerParameter(7),1,1)/><Else/>ObjectParameter(2)</If></If>)/> <If(Equal(ObjectParameter(1),ObjectParameter(2)))>hand over<Else/>hands over</If> something to <If(Equal(ObjectParameter(1),ObjectParameter(3)))><If(PlayerParameter(8))><SheetEn(ObjStr,2,PlayerParameter(8),1,1)/><Else/>you</If><Else/><If(PlayerParameter(8))><SheetEn(ObjStr,2,PlayerParameter(8),1,1)/><Else/>ObjectParameter(3)</If></If>.","<Clickable(<If(Equal(ObjectParameter(1),ObjectParameter(2)))>you<Else/><If(PlayerParameter(7))><SheetEn(ObjStr,2,PlayerParameter(7),1,1)/><Else/>ObjectParameter(2)</If></If>)/> <If(Equal(ObjectParameter(1),ObjectParameter(2)))>extend your<Else/>extends <If(PlayerParameter(7))><If(<Sheet(BNpcName,PlayerParameter(7),6)/>)>her<Else/>his</If><Else/><If(PlayerParameter(5))>her<Else/>his</If></If></If> hand in a giving motion.",0,1
107,"","emote/pose03_loop","emote/pose03_start","","","","","",False,False,False,"","EmoteMode#0",False,False,False,False,False,0,"",,"","",0,1
108,"","emote/pose04_loop","emote/pose04_start","","","","","",False,False,False,"","EmoteMode#0",False,False,False,False,False,0,"",,"","",0,1
109,"Bomb Dance","emote/dance01_loop","emote/dance01_start","","","","","",False,False,False,"Special","EmoteMode#8",False,True,False,False,False,10005,"/bombdance","ui/icon/246000/246274.tex","<Clickable(<If(Equal(ObjectParameter(1),ObjectParameter(2)))>you<Else/><If(PlayerParameter(7))><SheetEn(ObjStr,2,PlayerParameter(7),1,1)/><Else/>ObjectParameter(2)</If></If>)/> <If(Equal(ObjectParameter(1),ObjectParameter(2)))>perform<Else/>performs</If> an elegant bomb dance for <If(Equal(ObjectParameter(1),ObjectParameter(3)))><If(PlayerParameter(8))><SheetEn(ObjStr,2,PlayerParameter(8),1,1)/><Else/>you</If><Else/><If(PlayerParameter(8))><SheetEn(ObjStr,2,PlayerParameter(8),1,1)/><Else/>ObjectParameter(3)</If></If>.","<Clickable(<If(Equal(ObjectParameter(1),ObjectParameter(2)))>you<Else/><If(PlayerParameter(7))><SheetEn(ObjStr,2,PlayerParameter(7),1,1)/><Else/>ObjectParameter(2)</If></If>)/> <If(Equal(ObjectParameter(1),ObjectParameter(2)))>perform<Else/>performs</If> an elegant bomb dance.",98,1
110,"Huzzah","emote/battle01","","","","","","",False,False,False,"General","EmoteMode#0",False,True,False,True,False,2006,"/hurray","ui/icon/246000/246275.tex","<Clickable(<If(Equal(ObjectParameter(1),ObjectParameter(2)))>you<Else/><If(PlayerParameter(7))><SheetEn(ObjStr,2,PlayerParameter(7),1,1)/><Else/>ObjectParameter(2)</If></If>)/> <If(Equal(ObjectParameter(1),ObjectParameter(2)))>give<Else/>gives</If> a hearty “huzzah” for <If(Equal(ObjectParameter(1),ObjectParameter(3)))><If(PlayerParameter(8))><SheetEn(ObjStr,2,PlayerParameter(8),1,1)/><Else/>you</If><Else/><If(PlayerParameter(8))><SheetEn(ObjStr,2,PlayerParameter(8),1,1)/><Else/>ObjectParameter(3)</If></If>.","<Clickable(<If(Equal(ObjectParameter(1),ObjectParameter(2)))>you<Else/><If(PlayerParameter(7))><SheetEn(ObjStr,2,PlayerParameter(7),1,1)/><Else/>ObjectParameter(2)</If></If>)/> <If(Equal(ObjectParameter(1),ObjectParameter(2)))>give<Else/>gives</If> a hearty “huzzah.”",225,1
111,"Slap","emote/hirate","","emote/u_hirate","emote/u_hirate","emote/u_hirate","","emote_ajust/u_hirate",True,True,True,"General","EmoteMode#0",False,True,False,False,False,5020,"/slap","ui/icon/246000/246276.tex","<Clickable(<If(Equal(ObjectParameter(1),ObjectParameter(2)))>you<Else/><If(PlayerParameter(7))><SheetEn(ObjStr,2,PlayerParameter(7),1,1)/><Else/>ObjectParameter(2)</If></If>)/> <If(Equal(ObjectParameter(1),ObjectParameter(2)))>slap<Else/>slaps</If> <If(Equal(ObjectParameter(1),ObjectParameter(3)))><If(PlayerParameter(8))><SheetEn(ObjStr,2,PlayerParameter(8),1,1)/><Else/>you</If><Else/><If(PlayerParameter(8))><SheetEn(ObjStr,2,PlayerParameter(8),1,1)/><Else/>ObjectParameter(3)</If></If>.","<Clickable(<If(Equal(ObjectParameter(1),ObjectParameter(2)))>you<Else/><If(PlayerParameter(7))><SheetEn(ObjStr,2,PlayerParameter(7),1,1)/><Else/>ObjectParameter(2)</If></If>)/> <If(Equal(ObjectParameter(1),ObjectParameter(2)))>slap<Else/>slaps</If> the air.",0,1
112,"Hug","emote/hug","","emote/u_hug","emote/u_hug","emote/u_hug","","emote_ajust/u_hug",True,True,True,"General","EmoteMode#0",False,True,False,False,False,2007,"/hug","ui/icon/246000/246277.tex","<Clickable(<If(Equal(ObjectParameter(1),ObjectParameter(2)))>you<Else/><If(PlayerParameter(7))><SheetEn(ObjStr,2,PlayerParameter(7),1,1)/><Else/>ObjectParameter(2)</If></If>)/> <If(Equal(ObjectParameter(1),ObjectParameter(2)))>give<Else/>gives</If> <If(Equal(ObjectParameter(1),ObjectParameter(3)))><If(PlayerParameter(8))><SheetEn(ObjStr,2,PlayerParameter(8),1,1)/><Else/>you</If><Else/><If(PlayerParameter(8))><SheetEn(ObjStr,2,PlayerParameter(8),1,1)/><Else/>ObjectParameter(3)</If></If> a big hug.","<Clickable(<If(Equal(ObjectParameter(1),ObjectParameter(2)))>you<Else/><If(PlayerParameter(7))><SheetEn(ObjStr,2,PlayerParameter(7),1,1)/><Else/>ObjectParameter(2)</If></If>)/> <If(Equal(ObjectParameter(1),ObjectParameter(2)))>hug<Else/>hugs</If> the air.",0,1
113,"Embrace","emote/wedding_hug","","emote/u_wedding_hug","emote/u_wedding_hug","emote/u_wedding_hug","","emote_ajust/u_wedding_hug",True,True,True,"General","EmoteMode#0",False,True,False,False,False,2008,"/embrace","ui/icon/246000/246278.tex","<Clickable(<If(Equal(ObjectParameter(1),ObjectParameter(2)))>you<Else/><If(PlayerParameter(7))><SheetEn(ObjStr,2,PlayerParameter(7),1,1)/><Else/>ObjectParameter(2)</If></If>)/> <If(Equal(ObjectParameter(1),ObjectParameter(2)))>embrace<Else/>embraces</If> <If(Equal(ObjectParameter(1),ObjectParameter(3)))><If(PlayerParameter(8))><SheetEn(ObjStr,2,PlayerParameter(8),1,1)/><Else/>you</If><Else/><If(PlayerParameter(8))><SheetEn(ObjStr,2,PlayerParameter(8),1,1)/><Else/>ObjectParameter(3)</If></If>.","<Clickable(<If(Equal(ObjectParameter(1),ObjectParameter(2)))>you<Else/><If(PlayerParameter(7))><SheetEn(ObjStr,2,PlayerParameter(7),1,1)/><Else/>ObjectParameter(2)</If></If>)/> <If(Equal(ObjectParameter(1),ObjectParameter(2)))>embrace<Else/>embraces</If> nothingness.",229,1
114,"Most Gentlemanly","emote_sp/sp01_loop","emote_sp/sp01_start","","","","","",False,False,False,"Special","EmoteMode#9",False,True,False,False,False,10006,"/hildibrand","ui/icon/246000/246279.tex","<Clickable(<If(Equal(ObjectParameter(1),ObjectParameter(2)))>you<Else/><If(PlayerParameter(7))><SheetEn(ObjStr,2,PlayerParameter(7),1,1)/><Else/>ObjectParameter(2)</If></If>)/> <If(Equal(ObjectParameter(1),ObjectParameter(2)))>strike<Else/>strikes</If> a most gentlemanly pose for <If(Equal(ObjectParameter(1),ObjectParameter(3)))><If(PlayerParameter(8))><SheetEn(ObjStr,2,PlayerParameter(8),1,1)/><Else/>you</If><Else/><If(PlayerParameter(8))><SheetEn(ObjStr,2,PlayerParameter(8),1,1)/><Else/>ObjectParameter(3)</If></If>.","<Clickable(<If(Equal(ObjectParameter(1),ObjectParameter(2)))>you<Else/><If(PlayerParameter(7))><SheetEn(ObjStr,2,PlayerParameter(7),1,1)/><Else/>ObjectParameter(2)</If></If>)/> <If(Equal(ObjectParameter(1),ObjectParameter(2)))>strike<Else/>strikes</If> a most gentlemanly pose.",244,1
115,"Fist Bump","emote/fistbump","","emote/u_fistbump","emote/u_fistbump","emote/u_fistbump","","emote_ajust/u_fistbump",True,True,True,"General","EmoteMode#0",False,True,False,False,False,3000,"/fistbump","ui/icon/246000/246280.tex","<Clickable(<If(Equal(ObjectParameter(1),ObjectParameter(2)))>you<Else/><If(PlayerParameter(7))><SheetEn(ObjStr,2,PlayerParameter(7),1,1)/><Else/>ObjectParameter(2)</If></If>)/> <If(Equal(ObjectParameter(1),ObjectParameter(2)))>bump<Else/>bumps</If> fists with <If(Equal(ObjectParameter(1),ObjectParameter(3)))><If(PlayerParameter(8))><SheetEn(ObjStr,2,PlayerParameter(8),1,1)/><Else/>you</If><Else/><If(PlayerParameter(8))><SheetEn(ObjStr,2,PlayerParameter(8),1,1)/><Else/>ObjectParameter(3)</If></If>.","<Clickable(<If(Equal(ObjectParameter(1),ObjectParameter(2)))>you<Else/><If(PlayerParameter(7))><SheetEn(ObjStr,2,PlayerParameter(7),2,1)/><Else/>ObjectParameter(2)</If></If>)/> <If(Equal(ObjectParameter(1),ObjectParameter(2)))>thrust your fist out before you<Else/>thrusts <If(PlayerParameter(7))><If(<Sheet(BNpcName,PlayerParameter(7),6)/>)>her fist out before her<Else/>his fist out before him</If><Else/><If(PlayerParameter(5))>her fist out before her<Else/>his fist out before him</If></If></If>.",259,1
116,"","","","","","","","",False,False,False,"","EmoteMode#0",False,False,False,False,False,0,"",,"","",0,0
117,"","emote/j_pose03_loop","emote/j_pose03_start","emote/j_pose03_loop","","","","",False,False,False,"","EmoteMode#1",False,False,False,False,False,0,"",,"","",0,1
118,"Thavnairian Dance","emote/dance03_loop","emote/dance03_start","","","","","",False,False,False,"Special","EmoteMode#10",False,True,False,False,False,10007,"/thavdance","ui/icon/246000/246282.tex","<Clickable(<If(Equal(ObjectParameter(1),ObjectParameter(2)))>you<Else/><If(PlayerParameter(7))><SheetEn(ObjStr,2,PlayerParameter(7),1,1)/><Else/>ObjectParameter(2)</If></If>)/> <If(Equal(ObjectParameter(1),ObjectParameter(2)))>perform<Else/>performs</If> an exotic Near Eastern dance for <If(Equal(ObjectParameter(1),ObjectParameter(3)))><If(PlayerParameter(8))><SheetEn(ObjStr,2,PlayerParameter(8),1,1)/><Else/>you</If><Else/><If(PlayerParameter(8))><SheetEn(ObjStr,2,PlayerParameter(8),1,1)/><Else/>ObjectParameter(3)</If></If>.","<Clickable(<If(Equal(ObjectParameter(1),ObjectParameter(2)))>you<Else/><If(PlayerParameter(7))><SheetEn(ObjStr,2,PlayerParameter(7),1,1)/><Else/>ObjectParameter(2)</If></If>)/> <If(Equal(ObjectParameter(1),ObjectParameter(2)))>perform<Else/>performs</If> an exotic Near Eastern dance.",288,1
119,"Gold Dance","emote/dance04_loop","emote/dance04_start","","","","","",False,False,False,"Special","EmoteMode#11",False,True,False,False,False,10008,"/golddance","ui/icon/246000/246283.tex","<Clickable(<If(Equal(ObjectParameter(1),ObjectParameter(2)))>you<Else/><If(PlayerParameter(7))><SheetEn(ObjStr,2,PlayerParameter(7),1,1)/><Else/>ObjectParameter(2)</If></If>)/> <If(Equal(ObjectParameter(1),ObjectParameter(2)))>perform<Else/>performs</If> the Gold dance for <If(Equal(ObjectParameter(1),ObjectParameter(3)))><If(PlayerParameter(8))><SheetEn(ObjStr,2,PlayerParameter(8),1,1)/><Else/>you</If><Else/><If(PlayerParameter(8))><SheetEn(ObjStr,2,PlayerParameter(8),1,1)/><Else/>ObjectParameter(3)</If></If>.","<Clickable(<If(Equal(ObjectParameter(1),ObjectParameter(2)))>you<Else/><If(PlayerParameter(7))><SheetEn(ObjStr,2,PlayerParameter(7),1,1)/><Else/>ObjectParameter(2)</If></If>)/> <If(Equal(ObjectParameter(1),ObjectParameter(2)))>perform<Else/>performs</If> the Gold dance.",289,1
120,"Sundrop Dance","emote/dance02_loop","emote/dance02_start","","","","","",False,False,False,"Special","EmoteMode#12",False,True,False,False,False,10009,"/sundance","ui/icon/246000/246284.tex","<Clickable(<If(Equal(ObjectParameter(1),ObjectParameter(2)))>you<Else/><If(PlayerParameter(7))><SheetEn(ObjStr,2,PlayerParameter(7),1,1)/><Else/>ObjectParameter(2)</If></If>)/> <If(Equal(ObjectParameter(1),ObjectParameter(2)))>perform<Else/>performs</If> the sundrop dance for <If(Equal(ObjectParameter(1),ObjectParameter(3)))><If(PlayerParameter(8))><SheetEn(ObjStr,2,PlayerParameter(8),1,1)/><Else/>you</If><Else/><If(PlayerParameter(8))><SheetEn(ObjStr,2,PlayerParameter(8),1,1)/><Else/>ObjectParameter(3)</If></If>.","<Clickable(<If(Equal(ObjectParameter(1),ObjectParameter(2)))>you<Else/><If(PlayerParameter(7))><SheetEn(ObjStr,2,PlayerParameter(7),1,1)/><Else/>ObjectParameter(2)</If></If>)/> <If(Equal(ObjectParameter(1),ObjectParameter(2)))>perform<Else/>performs</If> the sundrop dance.",283,1
121,"Battle Stance","emote/battle02","","","","","","",False,False,False,"General","EmoteMode#0",False,True,False,True,False,3001,"/battlestance","ui/icon/246000/246285.tex","<Clickable(<If(Equal(ObjectParameter(1),ObjectParameter(2)))>you<Else/><If(PlayerParameter(7))><SheetEn(ObjStr,2,PlayerParameter(7),1,1)/><Else/>ObjectParameter(2)</If></If>)/> <If(Equal(ObjectParameter(1),ObjectParameter(2)))>encourage<Else/>encourages</If> <If(Equal(ObjectParameter(1),ObjectParameter(3)))><If(PlayerParameter(8))><SheetEn(ObjStr,2,PlayerParameter(8),1,1)/><Else/>you</If><Else/><If(PlayerParameter(8))><SheetEn(ObjStr,2,PlayerParameter(8),1,1)/><Else/>ObjectParameter(3)</If></If> to ready for battle.","<Clickable(<If(Equal(ObjectParameter(1),ObjectParameter(2)))>you<Else/><If(PlayerParameter(7))><SheetEn(ObjStr,2,PlayerParameter(7),1,1)/><Else/>ObjectParameter(2)</If></If>)/> <If(Equal(ObjectParameter(1),ObjectParameter(2)))>ready<Else/>readies</If> for battle.",305,1
122,"Victory","emote/battle03","","","","","","",False,False,False,"General","EmoteMode#0",False,True,False,True,False,3002,"/victorypose","ui/icon/246000/246286.tex","<Clickable(<If(Equal(ObjectParameter(1),ObjectParameter(2)))>you<Else/><If(PlayerParameter(7))><SheetEn(ObjStr,2,PlayerParameter(7),1,1)/><Else/>ObjectParameter(2)</If></If>)/> <If(Equal(ObjectParameter(1),ObjectParameter(2)))>celebrate<Else/>celebrates</If> victory with <If(Equal(ObjectParameter(1),ObjectParameter(3)))><If(PlayerParameter(8))><SheetEn(ObjStr,2,PlayerParameter(8),1,1)/><Else/>you</If><Else/><If(PlayerParameter(8))><SheetEn(ObjStr,2,PlayerParameter(8),1,1)/><Else/>ObjectParameter(3)</If></If>.","<Clickable(<If(Equal(ObjectParameter(1),ObjectParameter(2)))>you<Else/><If(PlayerParameter(7))><SheetEn(ObjStr,2,PlayerParameter(7),1,1)/><Else/>ObjectParameter(2)</If></If>)/> <If(Equal(ObjectParameter(1),ObjectParameter(2)))>celebrate<Else/>celebrates</If> victory.",306,1
123,"Backflip","emote/act_emot05","","","","","","",False,False,False,"General","EmoteMode#0",False,True,False,False,False,6000,"/backflip","ui/icon/246000/246287.tex","<Clickable(<If(Equal(ObjectParameter(1),ObjectParameter(2)))>you<Else/><If(PlayerParameter(7))><SheetEn(ObjStr,2,PlayerParameter(7),1,1)/><Else/>ObjectParameter(2)</If></If>)/> <If(Equal(ObjectParameter(1),ObjectParameter(2)))>do<Else/>does</If> a backflip for <If(Equal(ObjectParameter(1),ObjectParameter(3)))><If(PlayerParameter(8))><SheetEn(ObjStr,2,PlayerParameter(8),1,1)/><Else/>you</If><Else/><If(PlayerParameter(8))><SheetEn(ObjStr,2,PlayerParameter(8),1,1)/><Else/>ObjectParameter(3)</If></If>.","<Clickable(<If(Equal(ObjectParameter(1),ObjectParameter(2)))>you<Else/><If(PlayerParameter(7))><SheetEn(ObjStr,2,PlayerParameter(7),1,1)/><Else/>ObjectParameter(2)</If></If>)/> <If(Equal(ObjectParameter(1),ObjectParameter(2)))>do<Else/>does</If> a backflip.",308,1
124,"Eastern Greeting","emote/act_emot04","","emote/u_act_emot04","emote/u_act_emot04","emote/u_act_emot04","","",True,True,True,"General","EmoteMode#0",False,True,False,False,False,12,"/easterngreeting","ui/icon/246000/246288.tex","<Clickable(<If(Equal(ObjectParameter(1),ObjectParameter(2)))>you<Else/><If(PlayerParameter(7))><SheetEn(ObjStr,2,PlayerParameter(7),1,1)/><Else/>ObjectParameter(2)</If></If>)/> <If(Equal(ObjectParameter(1),ObjectParameter(2)))>perform<Else/>performs</If> an Eastern greeting for <If(Equal(ObjectParameter(1),ObjectParameter(3)))><If(PlayerParameter(8))><SheetEn(ObjStr,2,PlayerParameter(8),1,1)/><Else/>you</If><Else/><If(PlayerParameter(8))><SheetEn(ObjStr,2,PlayerParameter(8),1,1)/><Else/>ObjectParameter(3)</If></If>.","<Clickable(<If(Equal(ObjectParameter(1),ObjectParameter(2)))>you<Else/><If(PlayerParameter(7))><SheetEn(ObjStr,2,PlayerParameter(7),1,1)/><Else/>ObjectParameter(2)</If></If>)/> <If(Equal(ObjectParameter(1),ObjectParameter(2)))>perform<Else/>performs</If> an Eastern greeting.",309,1
125,"Eureka","emote_sp/sp02","","emote_sp/add_sp02","emote_sp/u_sp02","emote_sp/u_sp02","","",True,True,True,"General","EmoteMode#0",False,True,False,False,False,3003,"/eureka","ui/icon/246000/246289.tex","<Clickable(<If(Equal(ObjectParameter(1),ObjectParameter(2)))>you<Else/><If(PlayerParameter(7))><SheetEn(ObjStr,2,PlayerParameter(7),1,1)/><Else/>ObjectParameter(2)</If></If>)/> <If(Equal(ObjectParameter(1),ObjectParameter(2)))>experience<Else/>experiences</If> a brief moment of enlightenment upon seeing <If(Equal(ObjectParameter(1),ObjectParameter(3)))><If(PlayerParameter(8))><SheetEn(ObjStr,2,PlayerParameter(8),1,1)/><Else/>you</If><Else/><If(PlayerParameter(8))><SheetEn(ObjStr,2,PlayerParameter(8),1,1)/><Else/>ObjectParameter(3)</If></If>.","<Clickable(<If(Equal(ObjectParameter(1),ObjectParameter(2)))>you<Else/><If(PlayerParameter(7))><SheetEn(ObjStr,2,PlayerParameter(7),1,1)/><Else/>ObjectParameter(2)</If></If>)/> <If(Equal(ObjectParameter(1),ObjectParameter(2)))>experience<Else/>experiences</If> a brief moment of enlightenment.",304,1
126,"Moogle Dance","emote/dance05_loop","emote/dance05_start","","","","","",False,False,False,"Special","EmoteMode#13",False,True,False,False,False,10011,"/mogdance","ui/icon/246000/246290.tex","<Clickable(<If(Equal(ObjectParameter(1),ObjectParameter(2)))>you<Else/><If(PlayerParameter(7))><SheetEn(ObjStr,2,PlayerParameter(7),1,1)/><Else/>ObjectParameter(2)</If></If>)/> <If(Equal(ObjectParameter(1),ObjectParameter(2)))>perform<Else/>performs</If> the moogle dance for <If(Equal(ObjectParameter(1),ObjectParameter(3)))><If(PlayerParameter(8))><SheetEn(ObjStr,2,PlayerParameter(8),1,1)/><Else/>you</If><Else/><If(PlayerParameter(8))><SheetEn(ObjStr,2,PlayerParameter(8),1,1)/><Else/>ObjectParameter(3)</If></If>.","<Clickable(<If(Equal(ObjectParameter(1),ObjectParameter(2)))>you<Else/><If(PlayerParameter(7))><SheetEn(ObjStr,2,PlayerParameter(7),1,1)/><Else/>ObjectParameter(2)</If></If>)/> <If(Equal(ObjectParameter(1),ObjectParameter(2)))>perform<Else/>performs</If> the moogle dance.",67862,1
127,"Haurchefant","emote/act_emot07","","emote/u_act_emot07","emote/u_act_emot07","emote/u_act_emot07","","",True,True,True,"General","EmoteMode#0",False,True,False,False,False,3004,"/haurchefant","ui/icon/246000/246291.tex","<Clickable(<If(Equal(ObjectParameter(1),ObjectParameter(2)))>you<Else/><If(PlayerParameter(7))><SheetEn(ObjStr,2,PlayerParameter(7),1,1)/><Else/>ObjectParameter(2)</If></If>)/> <If(Equal(ObjectParameter(1),ObjectParameter(2)))>express your<Else/>expresses <If(PlayerParameter(7))><If(<Sheet(BNpcName,PlayerParameter(7),6)/>)>her<Else/>his</If><Else/><If(PlayerParameter(5))>her<Else/>his</If></If></If> fervent approval of <If(Equal(ObjectParameter(1),ObjectParameter(3)))><If(PlayerParameter(8))><SheetEn(ObjStr,2,PlayerParameter(8),1,1)/><Else/>you</If><Else/><If(PlayerParameter(8))><SheetEn(ObjStr,2,PlayerParameter(8),1,1)/><Else/>ObjectParameter(3)</If></If>.","<Clickable(<If(Equal(ObjectParameter(1),ObjectParameter(2)))>you<Else/><If(PlayerParameter(7))><SheetEn(ObjStr,2,PlayerParameter(7),1,1)/><Else/>ObjectParameter(2)</If></If>)/> <If(Equal(ObjectParameter(1),ObjectParameter(2)))>express your<Else/>expresses <If(PlayerParameter(7))><If(<Sheet(BNpcName,PlayerParameter(7),6)/>)>her<Else/>his</If><Else/><If(PlayerParameter(5))>her<Else/>his</If></If></If> fervent approval.",318,1
128,"Eastern Stretch","emote/act_emot06","","","","","","",False,False,False,"General","EmoteMode#0",False,True,False,False,False,6001,"/easternstretch","ui/icon/246000/246292.tex","<Clickable(<If(Equal(ObjectParameter(1),ObjectParameter(2)))>you<Else/><If(PlayerParameter(7))><SheetEn(ObjStr,2,PlayerParameter(7),1,1)/><Else/>ObjectParameter(2)</If></If>)/> <If(Equal(ObjectParameter(1),ObjectParameter(2)))>stretch<Else/>stretches</If> before <If(Equal(ObjectParameter(1),ObjectParameter(3)))><If(PlayerParameter(8))><SheetEn(ObjStr,2,PlayerParameter(8),1,1)/><Else/>you</If><Else/><If(PlayerParameter(8))><SheetEn(ObjStr,2,PlayerParameter(8),1,1)/><Else/>ObjectParameter(3)</If></If>.","<Clickable(<If(Equal(ObjectParameter(1),ObjectParameter(2)))>you<Else/><If(PlayerParameter(7))><SheetEn(ObjStr,2,PlayerParameter(7),1,1)/><Else/>ObjectParameter(2)</If></If>)/> <If(Equal(ObjectParameter(1),ObjectParameter(2)))>stretch<Else/>stretches</If> <If(Equal(ObjectParameter(1),ObjectParameter(2)))>your<Else/><If(PlayerParameter(7))><If(<Sheet(BNpcName,PlayerParameter(7),6)/>)>her<Else/>his</If><Else/><If(PlayerParameter(5))>her<Else/>his</If></If></If> muscles.",323,1
129,"Eastern Dance","emote/dance06_loop","emote/dance06_start","","","","","",False,False,False,"Special","EmoteMode#14",False,True,False,False,False,10018,"/easterndance","ui/icon/246000/246293.tex","<Clickable(<If(Equal(ObjectParameter(1),ObjectParameter(2)))>you<Else/><If(PlayerParameter(7))><SheetEn(ObjStr,2,PlayerParameter(7),1,1)/><Else/>ObjectParameter(2)</If></If>)/> <If(Equal(ObjectParameter(1),ObjectParameter(2)))>perform<Else/>performs</If> a Far Eastern dance for <If(Equal(ObjectParameter(1),ObjectParameter(3)))><If(PlayerParameter(8))><SheetEn(ObjStr,2,PlayerParameter(8),1,1)/><Else/>you</If><Else/><If(PlayerParameter(8))><SheetEn(ObjStr,2,PlayerParameter(8),1,1)/><Else/>ObjectParameter(3)</If></If>.","<Clickable(<If(Equal(ObjectParameter(1),ObjectParameter(2)))>you<Else/><If(PlayerParameter(7))><SheetEn(ObjStr,2,PlayerParameter(7),1,1)/><Else/>ObjectParameter(2)</If></If>)/> <If(Equal(ObjectParameter(1),ObjectParameter(2)))>perform<Else/>performs</If> a Far Eastern dance.",324,1
130,"Red Ranger Pose A","emote/loop_emot01_loop","emote/loop_emot01_start","","","","","",False,False,False,"Special","EmoteMode#15",False,True,False,False,False,10012,"/rangerpose1r","ui/icon/246000/246294.tex","<Clickable(<If(Equal(ObjectParameter(1),ObjectParameter(2)))>you<Else/><If(PlayerParameter(7))><SheetEn(ObjStr,2,PlayerParameter(7),1,1)/><Else/>ObjectParameter(2)</If></If>)/> <If(Equal(ObjectParameter(1),ObjectParameter(2)))>do<Else/>does</If> the Red Ranger pose for <If(Equal(ObjectParameter(1),ObjectParameter(3)))><If(PlayerParameter(8))><SheetEn(ObjStr,2,PlayerParameter(8),1,1)/><Else/>you</If><Else/><If(PlayerParameter(8))><SheetEn(ObjStr,2,PlayerParameter(8),1,1)/><Else/>ObjectParameter(3)</If></If>.","<Clickable(<If(Equal(ObjectParameter(1),ObjectParameter(2)))>you<Else/><If(PlayerParameter(7))><SheetEn(ObjStr,2,PlayerParameter(7),1,1)/><Else/>ObjectParameter(2)</If></If>)/> <If(Equal(ObjectParameter(1),ObjectParameter(2)))>do<Else/>does</If> the Red Ranger pose.",315,1
131,"Black Ranger Pose A","emote/loop_emot03_loop","emote/loop_emot03_start","","","","","",False,False,False,"Special","EmoteMode#16",False,True,False,False,False,10014,"/rangerpose2r","ui/icon/246000/246295.tex","<Clickable(<If(Equal(ObjectParameter(1),ObjectParameter(2)))>you<Else/><If(PlayerParameter(7))><SheetEn(ObjStr,2,PlayerParameter(7),1,1)/><Else/>ObjectParameter(2)</If></If>)/> <If(Equal(ObjectParameter(1),ObjectParameter(2)))>do<Else/>does</If> the Black Ranger pose for <If(Equal(ObjectParameter(1),ObjectParameter(3)))><If(PlayerParameter(8))><SheetEn(ObjStr,2,PlayerParameter(8),1,1)/><Else/>you</If><Else/><If(PlayerParameter(8))><SheetEn(ObjStr,2,PlayerParameter(8),1,1)/><Else/>ObjectParameter(3)</If></If>.","<Clickable(<If(Equal(ObjectParameter(1),ObjectParameter(2)))>you<Else/><If(PlayerParameter(7))><SheetEn(ObjStr,2,PlayerParameter(7),1,1)/><Else/>ObjectParameter(2)</If></If>)/> <If(Equal(ObjectParameter(1),ObjectParameter(2)))>do<Else/>does</If> the Black Ranger pose.",316,1
132,"Yellow Ranger Pose A","emote/loop_emot02_loop","emote/loop_emot02_start","","","","","",False,False,False,"Special","EmoteMode#17",False,True,False,False,False,10016,"/rangerpose3r","ui/icon/246000/246296.tex","<Clickable(<If(Equal(ObjectParameter(1),ObjectParameter(2)))>you<Else/><If(PlayerParameter(7))><SheetEn(ObjStr,2,PlayerParameter(7),1,1)/><Else/>ObjectParameter(2)</If></If>)/> <If(Equal(ObjectParameter(1),ObjectParameter(2)))>do<Else/>does</If> the Yellow Ranger pose for <If(Equal(ObjectParameter(1),ObjectParameter(3)))><If(PlayerParameter(8))><SheetEn(ObjStr,2,PlayerParameter(8),1,1)/><Else/>you</If><Else/><If(PlayerParameter(8))><SheetEn(ObjStr,2,PlayerParameter(8),1,1)/><Else/>ObjectParameter(3)</If></If>.","<Clickable(<If(Equal(ObjectParameter(1),ObjectParameter(2)))>you<Else/><If(PlayerParameter(7))><SheetEn(ObjStr,2,PlayerParameter(7),1,1)/><Else/>ObjectParameter(2)</If></If>)/> <If(Equal(ObjectParameter(1),ObjectParameter(2)))>do<Else/>does</If> the Yellow Ranger pose.",317,1
133,"Wink (Right)","facial/pose/wink","","facial/pose/wink","facial/pose/wink","facial/pose/wink","facial/pose/wink","",True,True,True,"Expressions","EmoteMode#0",False,False,False,False,False,20004,"/wink","ui/icon/246000/246118.tex","<Clickable(<If(Equal(ObjectParameter(1),ObjectParameter(2)))>you<Else/><If(PlayerParameter(7))><SheetEn(ObjStr,2,PlayerParameter(7),1,1)/><Else/>ObjectParameter(2)</If></If>)/> <If(Equal(ObjectParameter(1),ObjectParameter(2)))>wink<Else/>winks</If> at <If(Equal(ObjectParameter(1),ObjectParameter(3)))><If(PlayerParameter(8))><SheetEn(ObjStr,2,PlayerParameter(8),1,1)/><Else/>you</If><Else/><If(PlayerParameter(8))><SheetEn(ObjStr,2,PlayerParameter(8),1,1)/><Else/>ObjectParameter(3)</If></If>.","<Clickable(<If(Equal(ObjectParameter(1),ObjectParameter(2)))>you<Else/><If(PlayerParameter(7))><SheetEn(ObjStr,2,PlayerParameter(7),1,1)/><Else/>ObjectParameter(2)</If></If>)/> <If(Equal(ObjectParameter(1),ObjectParameter(2)))>wink<Else/>winks</If>.",0,1
134,"Red Ranger Pose B","emote/loop_emot04_loop","emote/loop_emot04_start","","","","","",False,False,False,"Special","EmoteMode#18",False,True,False,False,False,10013,"/rangerpose1l","ui/icon/246000/246297.tex","<Clickable(<If(Equal(ObjectParameter(1),ObjectParameter(2)))>you<Else/><If(PlayerParameter(7))><SheetEn(ObjStr,2,PlayerParameter(7),1,1)/><Else/>ObjectParameter(2)</If></If>)/> <If(Equal(ObjectParameter(1),ObjectParameter(2)))>do<Else/>does</If> the Red Ranger pose for <If(Equal(ObjectParameter(1),ObjectParameter(3)))><If(PlayerParameter(8))><SheetEn(ObjStr,2,PlayerParameter(8),1,1)/><Else/>you</If><Else/><If(PlayerParameter(8))><SheetEn(ObjStr,2,PlayerParameter(8),1,1)/><Else/>ObjectParameter(3)</If></If>.","<Clickable(<If(Equal(ObjectParameter(1),ObjectParameter(2)))>you<Else/><If(PlayerParameter(7))><SheetEn(ObjStr,2,PlayerParameter(7),1,1)/><Else/>ObjectParameter(2)</If></If>)/> <If(Equal(ObjectParameter(1),ObjectParameter(2)))>do<Else/>does</If> the Red Ranger pose.",315,1
135,"Black Ranger Pose B","emote/loop_emot06_loop","emote/loop_emot06_start","","","","","",False,False,False,"Special","EmoteMode#19",False,True,False,False,False,10015,"/rangerpose2l","ui/icon/246000/246298.tex","<Clickable(<If(Equal(ObjectParameter(1),ObjectParameter(2)))>you<Else/><If(PlayerParameter(7))><SheetEn(ObjStr,2,PlayerParameter(7),1,1)/><Else/>ObjectParameter(2)</If></If>)/> <If(Equal(ObjectParameter(1),ObjectParameter(2)))>do<Else/>does</If> the Black Ranger pose for <If(Equal(ObjectParameter(1),ObjectParameter(3)))><If(PlayerParameter(8))><SheetEn(ObjStr,2,PlayerParameter(8),1,1)/><Else/>you</If><Else/><If(PlayerParameter(8))><SheetEn(ObjStr,2,PlayerParameter(8),1,1)/><Else/>ObjectParameter(3)</If></If>.","<Clickable(<If(Equal(ObjectParameter(1),ObjectParameter(2)))>you<Else/><If(PlayerParameter(7))><SheetEn(ObjStr,2,PlayerParameter(7),1,1)/><Else/>ObjectParameter(2)</If></If>)/> <If(Equal(ObjectParameter(1),ObjectParameter(2)))>do<Else/>does</If> the Black Ranger pose.",316,1
136,"Yellow Ranger Pose B","emote/loop_emot05_loop","emote/loop_emot05_start","","","","","",False,False,False,"Special","EmoteMode#20",False,True,False,False,False,10017,"/rangerpose3l","ui/icon/246000/246299.tex","<Clickable(<If(Equal(ObjectParameter(1),ObjectParameter(2)))>you<Else/><If(PlayerParameter(7))><SheetEn(ObjStr,2,PlayerParameter(7),1,1)/><Else/>ObjectParameter(2)</If></If>)/> <If(Equal(ObjectParameter(1),ObjectParameter(2)))>do<Else/>does</If> the Yellow Ranger pose for <If(Equal(ObjectParameter(1),ObjectParameter(3)))><If(PlayerParameter(8))><SheetEn(ObjStr,2,PlayerParameter(8),1,1)/><Else/>you</If><Else/><If(PlayerParameter(8))><SheetEn(ObjStr,2,PlayerParameter(8),1,1)/><Else/>ObjectParameter(3)</If></If>.","<Clickable(<If(Equal(ObjectParameter(1),ObjectParameter(2)))>you<Else/><If(PlayerParameter(7))><SheetEn(ObjStr,2,PlayerParameter(7),1,1)/><Else/>ObjectParameter(2)</If></If>)/> <If(Equal(ObjectParameter(1),ObjectParameter(2)))>do<Else/>does</If> the Yellow Ranger pose.",317,1
137,"Facepalm","emote/act_emot02","","emote/u_act_emot02","emote/u_act_emot02","emote/u_act_emot02","","",True,True,True,"General","EmoteMode#0",False,True,False,False,False,5021,"/facepalm","ui/icon/246000/246301.tex","<Clickable(<If(Equal(ObjectParameter(1),ObjectParameter(2)))>you<Else/><If(PlayerParameter(7))><SheetEn(ObjStr,2,PlayerParameter(7),1,1)/><Else/>ObjectParameter(2)</If></If>)/> <If(Equal(ObjectParameter(1),ObjectParameter(2)))>see<Else/>sees</If> <If(Equal(ObjectParameter(1),ObjectParameter(3)))><If(PlayerParameter(8))><SheetEn(ObjStr,2,PlayerParameter(8),1,1)/><Else/>you</If><Else/><If(PlayerParameter(8))><SheetEn(ObjStr,2,PlayerParameter(8),1,1)/><Else/>ObjectParameter(3)</If></If> and <If(Equal(ObjectParameter(1),ObjectParameter(2)))>bury your face in disbelief<Else/>buries <If(PlayerParameter(7))><If(<Sheet(BNpcName,PlayerParameter(7),6)/>)>her<Else/>his</If><Else/><If(PlayerParameter(5))>her<Else/>his</If></If> face in disbelief</If>.","<Clickable(<If(Equal(ObjectParameter(1),ObjectParameter(2)))>you<Else/><If(PlayerParameter(7))><SheetEn(ObjStr,2,PlayerParameter(7),1,1)/><Else/>ObjectParameter(2)</If></If>)/> <If(Equal(ObjectParameter(1),ObjectParameter(2)))>bury your face in disbelief<Else/>buries <If(PlayerParameter(7))><If(<Sheet(BNpcName,PlayerParameter(7),6)/>)>her<Else/>his</If><Else/><If(PlayerParameter(5))>her<Else/>his</If></If> face in disbelief</If>.",0,1
138,"Zantetsuken","emote/battle04","","","","","","",False,False,False,"Special","EmoteMode#0",False,True,False,True,False,12001,"/zantetsuken","ui/icon/246000/246302.tex","<Clickable(<If(Equal(ObjectParameter(1),ObjectParameter(2)))>you<Else/><If(PlayerParameter(7))><SheetEn(ObjStr,2,PlayerParameter(7),1,1)/><Else/>ObjectParameter(2)</If></If>)/> <If(Equal(ObjectParameter(1),ObjectParameter(2)))>attempt<Else/>attempts</If> to cleave <If(Equal(ObjectParameter(1),ObjectParameter(3)))><If(PlayerParameter(8))><SheetEn(ObjStr,2,PlayerParameter(8),1,1)/><Else/>you</If><Else/><If(PlayerParameter(8))><SheetEn(ObjStr,2,PlayerParameter(8),1,1)/><Else/>ObjectParameter(3)</If></If> in two.","<Clickable(<If(Equal(ObjectParameter(1),ObjectParameter(2)))>you<Else/><If(PlayerParameter(7))><SheetEn(ObjStr,2,PlayerParameter(7),1,1)/><Else/>ObjectParameter(2)</If></If>)/> <If(Equal(ObjectParameter(1),ObjectParameter(2)))>cleave<Else/>cleaves</If> the air.",328,1
139,"Flex","emote/act_emot10","","","","","","",False,False,False,"General","EmoteMode#0",False,True,False,False,False,5051,"/flex","ui/icon/246000/246303.tex","<Clickable(<If(Equal(ObjectParameter(1),ObjectParameter(2)))>you<Else/><If(PlayerParameter(7))><SheetEn(ObjStr,2,PlayerParameter(7),1,1)/><Else/>ObjectParameter(2)</If></If>)/> <If(Equal(ObjectParameter(1),ObjectParameter(2)))>flex your muscles for<Else/>flexes <If(PlayerParameter(7))><If(<Sheet(BNpcName,PlayerParameter(7),6)/>)>her<Else/>his</If><Else/><If(PlayerParameter(5))>her<Else/>his</If></If> muscles for</If> <If(Equal(ObjectParameter(1),ObjectParameter(3)))><If(PlayerParameter(8))><SheetEn(ObjStr,2,PlayerParameter(8),1,1)/><Else/>you</If><Else/><If(PlayerParameter(8))><SheetEn(ObjStr,2,PlayerParameter(8),1,1)/><Else/>ObjectParameter(3)</If></If>.","<Clickable(<If(Equal(ObjectParameter(1),ObjectParameter(2)))>you<Else/><If(PlayerParameter(7))><SheetEn(ObjStr,2,PlayerParameter(7),1,1)/><Else/>ObjectParameter(2)</If></If>)/> <If(Equal(ObjectParameter(1),ObjectParameter(2)))>flex your muscles<Else/>flexes <If(PlayerParameter(7))><If(<Sheet(BNpcName,PlayerParameter(7),6)/>)>her<Else/>his</If><Else/><If(PlayerParameter(5))>her<Else/>his</If></If> muscles</If>.",0,1
140,"Pay Respects","emote/act_emot09","","emote/add_act_emot09","emote/u_act_emot09","emote/u_act_emot09","","",True,True,True,"General","EmoteMode#0",False,True,False,False,False,1010,"/respect","ui/icon/246000/246304.tex","<Clickable(<If(Equal(ObjectParameter(1),ObjectParameter(2)))>you<Else/><If(PlayerParameter(7))><SheetEn(ObjStr,2,PlayerParameter(7),1,1)/><Else/>ObjectParameter(2)</If></If>)/> <If(Equal(ObjectParameter(1),ObjectParameter(2)))>offer<Else/>offers</If> a moment of silence to <If(Equal(ObjectParameter(1),ObjectParameter(3)))><If(PlayerParameter(8))><SheetEn(ObjStr,2,PlayerParameter(8),1,1)/><Else/>you</If><Else/><If(PlayerParameter(8))><SheetEn(ObjStr,2,PlayerParameter(8),1,1)/><Else/>ObjectParameter(3)</If></If>.","<Clickable(<If(Equal(ObjectParameter(1),ObjectParameter(2)))>you<Else/><If(PlayerParameter(7))><SheetEn(ObjStr,2,PlayerParameter(7),1,1)/><Else/>ObjectParameter(2)</If></If>)/> <If(Equal(ObjectParameter(1),ObjectParameter(2)))>offer<Else/>offers</If> a moment of silence.",0,1
141,"Sneer","facial/pose/bad","","facial/pose/bad","facial/pose/bad","facial/pose/bad","facial/pose/bad","",True,True,True,"Expressions","EmoteMode#0",False,False,False,False,False,20017,"/sneer","ui/icon/246000/246119.tex","<Clickable(<If(Equal(ObjectParameter(1),ObjectParameter(2)))>you<Else/><If(PlayerParameter(7))><SheetEn(ObjStr,2,PlayerParameter(7),1,1)/><Else/>ObjectParameter(2)</If></If>)/> <If(Equal(ObjectParameter(1),ObjectParameter(2)))>sneer<Else/>sneers</If> at <If(Equal(ObjectParameter(1),ObjectParameter(3)))><If(PlayerParameter(8))><SheetEn(ObjStr,2,PlayerParameter(8),1,1)/><Else/>you</If><Else/><If(PlayerParameter(8))><SheetEn(ObjStr,2,PlayerParameter(8),1,1)/><Else/>ObjectParameter(3)</If></If>.","<Clickable(<If(Equal(ObjectParameter(1),ObjectParameter(2)))>you<Else/><If(PlayerParameter(7))><SheetEn(ObjStr,2,PlayerParameter(7),1,1)/><Else/>ObjectParameter(2)</If></If>)/> <If(Equal(ObjectParameter(1),ObjectParameter(2)))>sneer<Else/>sneers</If>.",0,1
142,"Pretty Please","emote/act_emot08","","emote/u_act_emot08","emote/u_act_emot08","emote/u_act_emot08","","",True,True,True,"General","EmoteMode#0",False,True,False,False,False,6002,"/prettyplease","ui/icon/246000/246305.tex","<Clickable(<If(Equal(ObjectParameter(1),ObjectParameter(2)))>you<Else/><If(PlayerParameter(7))><SheetEn(ObjStr,2,PlayerParameter(7),1,1)/><Else/>ObjectParameter(2)</If></If>)/> <If(Equal(ObjectParameter(1),ObjectParameter(2)))>ask<Else/>asks</If> <If(Equal(ObjectParameter(1),ObjectParameter(3)))><If(PlayerParameter(8))><SheetEn(ObjStr,2,PlayerParameter(8),1,1)/><Else/>you</If><Else/><If(PlayerParameter(8))><SheetEn(ObjStr,2,PlayerParameter(8),1,1)/><Else/>ObjectParameter(3)</If></If> pretty please (with sugar on top).","<Clickable(<If(Equal(ObjectParameter(1),ObjectParameter(2)))>you<Else/><If(PlayerParameter(7))><SheetEn(ObjStr,2,PlayerParameter(7),1,1)/><Else/>ObjectParameter(2)</If></If>)/> <If(Equal(ObjectParameter(1),ObjectParameter(2)))>ask<Else/>asks</If> pretty please.",331,1
143,"Play Dead","emote/loop_emot07_loop","emote/loop_emot07_start","","","emote/loop_emot07_loop","","",False,True,True,"Special","EmoteMode#21",False,True,False,False,False,11501,"/playdead","ui/icon/246000/246306.tex","<Clickable(<If(Equal(ObjectParameter(1),ObjectParameter(2)))>you<Else/><If(PlayerParameter(7))><SheetEn(ObjStr,2,PlayerParameter(7),1,1)/><Else/>ObjectParameter(2)</If></If>)/> <If(Equal(ObjectParameter(1),ObjectParameter(2)))>play<Else/>plays</If> dead for <If(Equal(ObjectParameter(1),ObjectParameter(3)))><If(PlayerParameter(8))><SheetEn(ObjStr,2,PlayerParameter(8),1,1)/><Else/>you</If><Else/><If(PlayerParameter(8))><SheetEn(ObjStr,2,PlayerParameter(8),1,1)/><Else/>ObjectParameter(3)</If></If>.","<Clickable(<If(Equal(ObjectParameter(1),ObjectParameter(2)))>you<Else/><If(PlayerParameter(7))><SheetEn(ObjStr,2,PlayerParameter(7),1,1)/><Else/>ObjectParameter(2)</If></If>)/> <If(Equal(ObjectParameter(1),ObjectParameter(2)))>play<Else/>plays</If> dead.",330,1
144,"Diamond Dust","emote_sp/sp03","","","","","","",False,False,False,"Special","EmoteMode#0",False,True,False,False,False,12002,"/iceheart","ui/icon/246000/246307.tex","<Clickable(<If(Equal(ObjectParameter(1),ObjectParameter(2)))>you<Else/><If(PlayerParameter(7))><SheetEn(ObjStr,2,PlayerParameter(7),1,1)/><Else/>ObjectParameter(2)</If></If>)/> <If(Equal(ObjectParameter(1),ObjectParameter(2)))>sparkle<Else/>sparkles</If> like diamond dust for <If(Equal(ObjectParameter(1),ObjectParameter(3)))><If(PlayerParameter(8))><SheetEn(ObjStr,2,PlayerParameter(8),1,1)/><Else/>you</If><Else/><If(PlayerParameter(8))><SheetEn(ObjStr,2,PlayerParameter(8),1,1)/><Else/>ObjectParameter(3)</If></If>.","<Clickable(<If(Equal(ObjectParameter(1),ObjectParameter(2)))>you<Else/><If(PlayerParameter(7))><SheetEn(ObjStr,2,PlayerParameter(7),1,1)/><Else/>ObjectParameter(2)</If></If>)/> <If(Equal(ObjectParameter(1),ObjectParameter(2)))>sparkle<Else/>sparkles</If> like diamond dust.",329,1
145,"Moonlift Dance","emote/dance07_loop","emote/dance07_start","","","","","",False,False,False,"Special","EmoteMode#22",False,True,False,False,False,10010,"/moonlift","ui/icon/246000/246308.tex","<Clickable(<If(Equal(ObjectParameter(1),ObjectParameter(2)))>you<Else/><If(PlayerParameter(7))><SheetEn(ObjStr,2,PlayerParameter(7),1,1)/><Else/>ObjectParameter(2)</If></If>)/> <If(Equal(ObjectParameter(1),ObjectParameter(2)))>perform<Else/>performs</If> the moonlift dance for <If(Equal(ObjectParameter(1),ObjectParameter(3)))><If(PlayerParameter(8))><SheetEn(ObjStr,2,PlayerParameter(8),1,1)/><Else/>you</If><Else/><If(PlayerParameter(8))><SheetEn(ObjStr,2,PlayerParameter(8),1,1)/><Else/>ObjectParameter(3)</If></If>.","<Clickable(<If(Equal(ObjectParameter(1),ObjectParameter(2)))>you<Else/><If(PlayerParameter(7))><SheetEn(ObjStr,2,PlayerParameter(7),1,1)/><Else/>ObjectParameter(2)</If></If>)/> <If(Equal(ObjectParameter(1),ObjectParameter(2)))>perform<Else/>performs</If> the moonlift dance.",332,1
146,"Dote","emote_sp/sp04","","","","","","",False,False,False,"General","EmoteMode#0",False,True,False,False,False,1030,"/dote","ui/icon/246000/246309.tex","<Clickable(<If(Equal(ObjectParameter(1),ObjectParameter(2)))>you<Else/><If(PlayerParameter(7))><SheetEn(ObjStr,2,PlayerParameter(7),1,1)/><Else/>ObjectParameter(2)</If></If>)/> <If(Equal(ObjectParameter(1),ObjectParameter(2)))>dote<Else/>dotes</If> upon <If(Equal(ObjectParameter(1),ObjectParameter(3)))><If(PlayerParameter(8))><SheetEn(ObjStr,2,PlayerParameter(8),1,1)/><Else/>you</If><Else/><If(PlayerParameter(8))><SheetEn(ObjStr,2,PlayerParameter(8),1,1)/><Else/>ObjectParameter(3)</If></If>.","<Clickable(<If(Equal(ObjectParameter(1),ObjectParameter(2)))>you<Else/><If(PlayerParameter(7))><SheetEn(ObjStr,2,PlayerParameter(7),1,1)/><Else/>ObjectParameter(2)</If></If>)/> cannot contain <If(Equal(ObjectParameter(1),ObjectParameter(2)))>your<Else/><If(PlayerParameter(7))><If(<Sheet(BNpcName,PlayerParameter(7),6)/>)>her<Else/>his</If><Else/><If(PlayerParameter(5))>her<Else/>his</If></If></If> feelings of affection.",333,1
147,"Dote","emote_sp/sp04_no_target","","","","","","",False,False,False,"General","EmoteMode#0",False,True,False,False,False,0,"",,"<Clickable(<If(Equal(ObjectParameter(1),ObjectParameter(2)))>you<Else/><If(PlayerParameter(7))><SheetEn(ObjStr,2,PlayerParameter(7),1,1)/><Else/>ObjectParameter(2)</If></If>)/> <If(Equal(ObjectParameter(1),ObjectParameter(2)))>dote<Else/>dotes</If> upon <If(Equal(ObjectParameter(1),ObjectParameter(3)))><If(PlayerParameter(8))><SheetEn(ObjStr,2,PlayerParameter(8),1,1)/><Else/>you</If><Else/><If(PlayerParameter(8))><SheetEn(ObjStr,2,PlayerParameter(8),1,1)/><Else/>ObjectParameter(3)</If></If>.","<Clickable(<If(Equal(ObjectParameter(1),ObjectParameter(2)))>you<Else/><If(PlayerParameter(7))><SheetEn(ObjStr,2,PlayerParameter(7),1,1)/><Else/>ObjectParameter(2)</If></If>)/> cannot contain <If(Equal(ObjectParameter(1),ObjectParameter(2)))>your<Else/><If(PlayerParameter(7))><If(<Sheet(BNpcName,PlayerParameter(7),6)/>)>her<Else/>his</If><Else/><If(PlayerParameter(5))>her<Else/>his</If></If></If> feelings of affection.",333,1
148,"Spectacles","emote/act_emot03","","emote/u_act_emot03","emote/u_act_emot03","emote/u_act_emot03","","",True,True,True,"General","EmoteMode#0",False,True,False,False,False,6003,"/spectacles","ui/icon/246000/246310.tex","<Clickable(<If(Equal(ObjectParameter(1),ObjectParameter(2)))>you<Else/><If(PlayerParameter(7))><SheetEn(ObjStr,2,PlayerParameter(7),1,1)/><Else/>ObjectParameter(2)</If></If>)/> <If(Equal(ObjectParameter(1),ObjectParameter(2)))>straighten your spectacles for<Else/>straightens <If(PlayerParameter(7))><If(<Sheet(BNpcName,PlayerParameter(7),6)/>)>her<Else/>his</If><Else/><If(PlayerParameter(5))>her<Else/>his</If></If> spectacles for</If> <If(Equal(ObjectParameter(1),ObjectParameter(3)))><If(PlayerParameter(8))><SheetEn(ObjStr,2,PlayerParameter(8),1,1)/><Else/>you</If><Else/><If(PlayerParameter(8))><SheetEn(ObjStr,2,PlayerParameter(8),1,1)/><Else/>ObjectParameter(3)</If></If>.","<Clickable(<If(Equal(ObjectParameter(1),ObjectParameter(2)))>you<Else/><If(PlayerParameter(7))><SheetEn(ObjStr,2,PlayerParameter(7),1,1)/><Else/>ObjectParameter(2)</If></If>)/> <If(Equal(ObjectParameter(1),ObjectParameter(2)))>straighten your spectacles<Else/>straightens <If(PlayerParameter(7))><If(<Sheet(BNpcName,PlayerParameter(7),6)/>)>her<Else/>his</If><Else/><If(PlayerParameter(5))>her<Else/>his</If></If> spectacles</If>.",334,1
149,"Songbird","emote_sp/sp05_loop","emote_sp/sp05_start","","","","","",False,False,False,"Special","EmoteMode#23",False,True,False,False,False,10019,"/songbird","ui/icon/246000/246311.tex","<Clickable(<If(Equal(ObjectParameter(1),ObjectParameter(2)))>you<Else/><If(PlayerParameter(7))><SheetEn(ObjStr,2,PlayerParameter(7),1,1)/><Else/>ObjectParameter(2)</If></If>)/> <If(Equal(ObjectParameter(1),ObjectParameter(2)))>strut<Else/>struts</If> like a Songbird for <If(Equal(ObjectParameter(1),ObjectParameter(3)))><If(PlayerParameter(8))><SheetEn(ObjStr,2,PlayerParameter(8),1,1)/><Else/>you</If><Else/><If(PlayerParameter(8))><SheetEn(ObjStr,2,PlayerParameter(8),1,1)/><Else/>ObjectParameter(3)</If></If>.","<Clickable(<If(Equal(ObjectParameter(1),ObjectParameter(2)))>you<Else/><If(PlayerParameter(7))><SheetEn(ObjStr,2,PlayerParameter(7),1,1)/><Else/>ObjectParameter(2)</If></If>)/> <If(Equal(ObjectParameter(1),ObjectParameter(2)))>strut<Else/>struts</If> like a Songbird.",335,1
150,"Water Float","","emote/swim_on_emot01_start","","","emote/swim_on_emot01_loop","","",False,True,False,"Special","EmoteMode#24",False,True,False,False,False,11001,"/waterfloat","ui/icon/246000/246312.tex","","",0,1
151,"Water Flip","","","","","emote/swim_under_emot01","","",False,False,True,"General","EmoteMode#0",False,True,False,False,False,6004,"/waterflip","ui/icon/246000/246313.tex","","",340,1
152,"Pucker Up","facial/pose/kiss","","facial/pose/kiss","facial/pose/kiss","facial/pose/kiss","facial/pose/kiss","",True,True,True,"Expressions","EmoteMode#0",False,False,False,False,False,20018,"/puckerup","ui/icon/246000/246120.tex","<Clickable(<If(Equal(ObjectParameter(1),ObjectParameter(2)))>you<Else/><If(PlayerParameter(7))><SheetEn(ObjStr,2,PlayerParameter(7),1,1)/><Else/>ObjectParameter(2)</If></If>)/> <If(Equal(ObjectParameter(1),ObjectParameter(2)))>pucker<Else/>puckers</If> up for <If(Equal(ObjectParameter(1),ObjectParameter(3)))><If(PlayerParameter(8))><SheetEn(ObjStr,2,PlayerParameter(8),1,1)/><Else/>you</If><Else/><If(PlayerParameter(8))><SheetEn(ObjStr,2,PlayerParameter(8),1,1)/><Else/>ObjectParameter(3)</If></If>.","<Clickable(<If(Equal(ObjectParameter(1),ObjectParameter(2)))>you<Else/><If(PlayerParameter(7))><SheetEn(ObjStr,2,PlayerParameter(7),1,1)/><Else/>ObjectParameter(2)</If></If>)/> <If(Equal(ObjectParameter(1),ObjectParameter(2)))>pucker<Else/>puckers</If> up.",0,1
153,"Power Up","emote_sp/sp06","","","","","","",False,False,False,"General","EmoteMode#0",False,True,False,False,False,6005,"/powerup","ui/icon/246000/246314.tex","<Clickable(<If(Equal(ObjectParameter(1),ObjectParameter(2)))>you<Else/><If(PlayerParameter(7))><SheetEn(ObjStr,2,PlayerParameter(7),1,1)/><Else/>ObjectParameter(2)</If></If>)/> <If(Equal(ObjectParameter(1),ObjectParameter(2)))>channel<Else/>channels</If> <If(Equal(ObjectParameter(1),ObjectParameter(2)))>your<Else/><If(PlayerParameter(7))><If(<Sheet(BNpcName,PlayerParameter(7),6)/>)>her<Else/>his</If><Else/><If(PlayerParameter(5))>her<Else/>his</If></If></If> inner strength before <If(Equal(ObjectParameter(1),ObjectParameter(3)))><If(PlayerParameter(8))><SheetEn(ObjStr,2,PlayerParameter(8),1,1)/><Else/>you</If><Else/><If(PlayerParameter(8))><SheetEn(ObjStr,2,PlayerParameter(8),1,1)/><Else/>ObjectParameter(3)</If></If>.","<Clickable(<If(Equal(ObjectParameter(1),ObjectParameter(2)))>you<Else/><If(PlayerParameter(7))><SheetEn(ObjStr,2,PlayerParameter(7),1,1)/><Else/>ObjectParameter(2)</If></If>)/> <If(Equal(ObjectParameter(1),ObjectParameter(2)))>channel<Else/>channels</If> <If(Equal(ObjectParameter(1),ObjectParameter(2)))>your<Else/><If(PlayerParameter(7))><If(<Sheet(BNpcName,PlayerParameter(7),6)/>)>her<Else/>his</If><Else/><If(PlayerParameter(5))>her<Else/>his</If></If></If> inner strength.",343,1
154,"Eastern Bow","emote/act_emot11","","","","","","",False,False,False,"General","EmoteMode#0",False,True,False,False,False,2,"/easternbow","ui/icon/246000/246315.tex","<Clickable(<If(Equal(ObjectParameter(1),ObjectParameter(2)))>you<Else/><If(PlayerParameter(7))><SheetEn(ObjStr,2,PlayerParameter(7),1,1)/><Else/>ObjectParameter(2)</If></If>)/> <If(Equal(ObjectParameter(1),ObjectParameter(2)))>perform<Else/>performs</If> an Eastern bow before <If(Equal(ObjectParameter(1),ObjectParameter(3)))><If(PlayerParameter(8))><SheetEn(ObjStr,2,PlayerParameter(8),1,1)/><Else/>you</If><Else/><If(PlayerParameter(8))><SheetEn(ObjStr,2,PlayerParameter(8),1,1)/><Else/>ObjectParameter(3)</If></If>.","<Clickable(<If(Equal(ObjectParameter(1),ObjectParameter(2)))>you<Else/><If(PlayerParameter(7))><SheetEn(ObjStr,2,PlayerParameter(7),1,1)/><Else/>ObjectParameter(2)</If></If>)/> <If(Equal(ObjectParameter(1),ObjectParameter(2)))>perform<Else/>performs</If> an Eastern bow.",68016,1
155,"Squats","emote/loop_emot10_loop","emote/loop_emot10_start","","","","","",False,False,False,"Special","EmoteMode#25",False,True,False,False,False,11002,"/squats","ui/icon/246000/246316.tex","<Clickable(<If(Equal(ObjectParameter(1),ObjectParameter(2)))>you<Else/><If(PlayerParameter(7))><SheetEn(ObjStr,2,PlayerParameter(7),1,1)/><Else/>ObjectParameter(2)</If></If>)/> <If(Equal(ObjectParameter(1),ObjectParameter(2)))>feel the burn<Else/>feels the burn</If> before <If(Equal(ObjectParameter(1),ObjectParameter(3)))><If(PlayerParameter(8))><SheetEn(ObjStr,2,PlayerParameter(8),1,1)/><Else/>you</If><Else/><If(PlayerParameter(8))><SheetEn(ObjStr,2,PlayerParameter(8),1,1)/><Else/>ObjectParameter(3)</If></If>.","<Clickable(<If(Equal(ObjectParameter(1),ObjectParameter(2)))>you<Else/><If(PlayerParameter(7))><SheetEn(ObjStr,2,PlayerParameter(7),1,1)/><Else/>ObjectParameter(2)</If></If>)/> <If(Equal(ObjectParameter(1),ObjectParameter(2)))>begin<Else/>begins</If> a set of squats.",373,1
156,"Push-ups","emote/loop_emot08_loop","emote/loop_emot08_start","","","","","",False,False,False,"Special","EmoteMode#26",False,True,False,False,False,11003,"/pushups","ui/icon/246000/246317.tex","<Clickable(<If(Equal(ObjectParameter(1),ObjectParameter(2)))>you<Else/><If(PlayerParameter(7))><SheetEn(ObjStr,2,PlayerParameter(7),1,1)/><Else/>ObjectParameter(2)</If></If>)/> <If(Equal(ObjectParameter(1),ObjectParameter(2)))>do<Else/>does</If> push-ups for <If(Equal(ObjectParameter(1),ObjectParameter(3)))><If(PlayerParameter(8))><SheetEn(ObjStr,2,PlayerParameter(8),1,1)/><Else/>you</If><Else/><If(PlayerParameter(8))><SheetEn(ObjStr,2,PlayerParameter(8),1,1)/><Else/>ObjectParameter(3)</If></If>.","<Clickable(<If(Equal(ObjectParameter(1),ObjectParameter(2)))>you<Else/><If(PlayerParameter(7))><SheetEn(ObjStr,2,PlayerParameter(7),1,1)/><Else/>ObjectParameter(2)</If></If>)/> <If(Equal(ObjectParameter(1),ObjectParameter(2)))>begin<Else/>begins</If> a set of push-ups.",373,1
157,"Sit-ups","emote/loop_emot09_loop","emote/loop_emot09_start","","","","","",False,False,False,"Special","EmoteMode#27",False,True,False,False,False,11004,"/situps","ui/icon/246000/246318.tex","<Clickable(<If(Equal(ObjectParameter(1),ObjectParameter(2)))>you<Else/><If(PlayerParameter(7))><SheetEn(ObjStr,2,PlayerParameter(7),1,1)/><Else/>ObjectParameter(2)</If></If>)/> <If(Equal(ObjectParameter(1),ObjectParameter(2)))>do<Else/>does</If> sit-ups for <If(Equal(ObjectParameter(1),ObjectParameter(3)))><If(PlayerParameter(8))><SheetEn(ObjStr,2,PlayerParameter(8),1,1)/><Else/>you</If><Else/><If(PlayerParameter(8))><SheetEn(ObjStr,2,PlayerParameter(8),1,1)/><Else/>ObjectParameter(3)</If></If>.","<Clickable(<If(Equal(ObjectParameter(1),ObjectParameter(2)))>you<Else/><If(PlayerParameter(7))><SheetEn(ObjStr,2,PlayerParameter(7),1,1)/><Else/>ObjectParameter(2)</If></If>)/> <If(Equal(ObjectParameter(1),ObjectParameter(2)))>begin<Else/>begins</If> a set of sit-ups.",373,1
158,"Breath Control","emote/loop_emot11_loop","emote/loop_emot11_start","","","","","",False,False,False,"Special","EmoteMode#28",False,True,False,False,False,11005,"/breathcontrol","ui/icon/246000/246319.tex","<Clickable(<If(Equal(ObjectParameter(1),ObjectParameter(2)))>you<Else/><If(PlayerParameter(7))><SheetEn(ObjStr,2,PlayerParameter(7),1,1)/><Else/>ObjectParameter(2)</If></If>)/> <If(Equal(ObjectParameter(1),ObjectParameter(2)))>show<Else/>shows</If> <If(Equal(ObjectParameter(1),ObjectParameter(3)))><If(PlayerParameter(8))><SheetEn(ObjStr,2,PlayerParameter(8),1,1)/><Else/>you</If><Else/><If(PlayerParameter(8))><SheetEn(ObjStr,2,PlayerParameter(8),1,1)/><Else/>ObjectParameter(3)</If></If> <If(Equal(ObjectParameter(1),ObjectParameter(2)))>your<Else/><If(PlayerParameter(7))><If(<Sheet(BNpcName,PlayerParameter(7),6)/>)>her<Else/>his</If><Else/><If(PlayerParameter(5))>her<Else/>his</If></If></If> sophisticated breath control exercises.","<Clickable(<If(Equal(ObjectParameter(1),ObjectParameter(2)))>you<Else/><If(PlayerParameter(7))><SheetEn(ObjStr,2,PlayerParameter(7),1,1)/><Else/>ObjectParameter(2)</If></If>)/> <If(Equal(ObjectParameter(1),ObjectParameter(2)))>control<Else/>controls</If> <If(Equal(ObjectParameter(1),ObjectParameter(2)))>your<Else/><If(PlayerParameter(7))><If(<Sheet(BNpcName,PlayerParameter(7),6)/>)>her<Else/>his</If><Else/><If(PlayerParameter(5))>her<Else/>his</If></If></If> breathing.",373,1
159,"Converse","emote/act_emot12","","emote/u_act_emot12","emote/u_act_emot12","emote/u_act_emot12","","",True,True,True,"General","EmoteMode#0",False,True,False,False,False,6006,"/converse","ui/icon/246000/246320.tex","<Clickable(<If(Equal(ObjectParameter(1),ObjectParameter(2)))>you<Else/><If(PlayerParameter(7))><SheetEn(ObjStr,2,PlayerParameter(7),1,1)/><Else/>ObjectParameter(2)</If></If>)/> <If(Equal(ObjectParameter(1),ObjectParameter(2)))>chat<Else/>chats</If> with <If(Equal(ObjectParameter(1),ObjectParameter(3)))><If(PlayerParameter(8))><SheetEn(ObjStr,2,PlayerParameter(8),1,1)/><Else/>you</If><Else/><If(PlayerParameter(8))><SheetEn(ObjStr,2,PlayerParameter(8),1,1)/><Else/>ObjectParameter(3)</If></If>.","<Clickable(<If(Equal(ObjectParameter(1),ObjectParameter(2)))>you<Else/><If(PlayerParameter(7))><SheetEn(ObjStr,2,PlayerParameter(7),1,1)/><Else/>ObjectParameter(2)</If></If>)/> <If(Equal(ObjectParameter(1),ObjectParameter(2)))>begin<Else/>begins</If> speaking to no one in particular.",0,1
160,"Concentrate","facial/pose/salute","","facial/pose/salute","facial/pose/salute","facial/pose/salute","facial/pose/salute","",True,True,True,"Expressions","EmoteMode#0",False,False,False,False,False,20019,"/concentrate","ui/icon/246000/246121.tex","<Clickable(<If(Equal(ObjectParameter(1),ObjectParameter(2)))>you<Else/><If(PlayerParameter(7))><SheetEn(ObjStr,2,PlayerParameter(7),1,1)/><Else/>ObjectParameter(2)</If></If>)/> <If(Equal(ObjectParameter(1),ObjectParameter(2)))>concentrate<Else/>concentrates</If> on <If(Equal(ObjectParameter(1),ObjectParameter(3)))><If(PlayerParameter(8))><SheetEn(ObjStr,2,PlayerParameter(8),1,1)/><Else/>you</If><Else/><If(PlayerParameter(8))><SheetEn(ObjStr,2,PlayerParameter(8),1,1)/><Else/>ObjectParameter(3)</If></If>.","<Clickable(<If(Equal(ObjectParameter(1),ObjectParameter(2)))>you<Else/><If(PlayerParameter(7))><SheetEn(ObjStr,2,PlayerParameter(7),1,1)/><Else/>ObjectParameter(2)</If></If>)/> <If(Equal(ObjectParameter(1),ObjectParameter(2)))>try<Else/>tries</If> hard to concentrate.",0,1
161,"Confused","facial/pose/f_puzzled","","facial/pose/f_puzzled","facial/pose/f_puzzled","facial/pose/f_puzzled","facial/pose/f_puzzled","",True,True,True,"Expressions","EmoteMode#0",False,False,False,False,False,20020,"/disturbed","ui/icon/246000/246122.tex","<Clickable(<If(Equal(ObjectParameter(1),ObjectParameter(3)))><If(PlayerParameter(8))><SheetEn(ObjStr,2,PlayerParameter(8),1,1)/><Else/>you</If><Else/><If(PlayerParameter(8))><SheetEn(ObjStr,2,PlayerParameter(8),1,1)/><Else/>ObjectParameter(3)</If></If>)/> <If(Equal(ObjectParameter(1),ObjectParameter(3)))>confuse<Else/>confuses</If> <If(Equal(ObjectParameter(1),ObjectParameter(2)))>you<Else/><If(PlayerParameter(7))><SheetEn(ObjStr,2,PlayerParameter(7),1,1)/><Else/>ObjectParameter(2)</If></If>.","<Clickable(<If(Equal(ObjectParameter(1),ObjectParameter(2)))>you<Else/><If(PlayerParameter(7))><SheetEn(ObjStr,2,PlayerParameter(7),1,1)/><Else/>ObjectParameter(2)</If></If>)/> <If(Equal(ObjectParameter(1),ObjectParameter(2)))>are<Else/>is</If> utterly confounded.",0,1
162,"Simper","facial/pose/smile_wk","","facial/pose/smile_wk","facial/pose/smile_wk","facial/pose/smile_wk","facial/pose/smile_wk","",True,True,True,"Expressions","EmoteMode#0",False,False,False,False,False,20021,"/simper","ui/icon/246000/246123.tex","<Clickable(<If(Equal(ObjectParameter(1),ObjectParameter(2)))>you<Else/><If(PlayerParameter(7))><SheetEn(ObjStr,2,PlayerParameter(7),1,1)/><Else/>ObjectParameter(2)</If></If>)/> <If(Equal(ObjectParameter(1),ObjectParameter(2)))>smile<Else/>smiles</If> weakly at <If(Equal(ObjectParameter(1),ObjectParameter(3)))><If(PlayerParameter(8))><SheetEn(ObjStr,2,PlayerParameter(8),1,1)/><Else/>you</If><Else/><If(PlayerParameter(8))><SheetEn(ObjStr,2,PlayerParameter(8),1,1)/><Else/>ObjectParameter(3)</If></If>.","<Clickable(<If(Equal(ObjectParameter(1),ObjectParameter(2)))>you<Else/><If(PlayerParameter(7))><SheetEn(ObjStr,2,PlayerParameter(7),1,1)/><Else/>ObjectParameter(2)</If></If>)/> <If(Equal(ObjectParameter(1),ObjectParameter(2)))>smile<Else/>smiles</If> weakly.",0,1
163,"Beam","facial/pose/satisfied","","facial/pose/satisfied","facial/pose/satisfied","facial/pose/satisfied","facial/pose/satisfied","",True,True,True,"Expressions","EmoteMode#0",False,False,False,False,False,20022,"/beam","ui/icon/246000/246124.tex","<Clickable(<If(Equal(ObjectParameter(1),ObjectParameter(2)))>you<Else/><If(PlayerParameter(7))><SheetEn(ObjStr,2,PlayerParameter(7),1,1)/><Else/>ObjectParameter(2)</If></If>)/> <If(Equal(ObjectParameter(1),ObjectParameter(2)))>beam<Else/>beams</If> at <If(Equal(ObjectParameter(1),ObjectParameter(3)))><If(PlayerParameter(8))><SheetEn(ObjStr,2,PlayerParameter(8),1,1)/><Else/>you</If><Else/><If(PlayerParameter(8))><SheetEn(ObjStr,2,PlayerParameter(8),1,1)/><Else/>ObjectParameter(3)</If></If>.","<Clickable(<If(Equal(ObjectParameter(1),ObjectParameter(2)))>you<Else/><If(PlayerParameter(7))><SheetEn(ObjStr,2,PlayerParameter(7),1,1)/><Else/>ObjectParameter(2)</If></If>)/> <If(Equal(ObjectParameter(1),ObjectParameter(2)))>are<Else/>is</If> positively beaming.",0,1
164,"Attention","emote/loop_emot12_loop","emote/loop_emot12_start","","","","","",False,False,False,"Special","EmoteMode#29",False,True,False,False,False,11006,"/attention","ui/icon/246000/246321.tex","<Clickable(<If(Equal(ObjectParameter(1),ObjectParameter(2)))>you<Else/><If(PlayerParameter(7))><SheetEn(ObjStr,2,PlayerParameter(7),1,1)/><Else/>ObjectParameter(2)</If></If>)/> <If(Equal(ObjectParameter(1),ObjectParameter(2)))>stand<Else/>stands</If> at attention before <If(Equal(ObjectParameter(1),ObjectParameter(3)))><If(PlayerParameter(8))><SheetEn(ObjStr,2,PlayerParameter(8),1,1)/><Else/>you</If><Else/><If(PlayerParameter(8))><SheetEn(ObjStr,2,PlayerParameter(8),1,1)/><Else/>ObjectParameter(3)</If></If>.","<Clickable(<If(Equal(ObjectParameter(1),ObjectParameter(2)))>you<Else/><If(PlayerParameter(7))><SheetEn(ObjStr,2,PlayerParameter(7),1,1)/><Else/>ObjectParameter(2)</If></If>)/> <If(Equal(ObjectParameter(1),ObjectParameter(2)))>stand<Else/>stands</If> at attention.",375,1
165,"At Ease","emote/loop_emot13_loop","emote/loop_emot13_start","","","","","",False,False,False,"Special","EmoteMode#30",False,True,False,False,False,11007,"/atease","ui/icon/246000/246322.tex","<Clickable(<If(Equal(ObjectParameter(1),ObjectParameter(2)))>you<Else/><If(PlayerParameter(7))><SheetEn(ObjStr,2,PlayerParameter(7),1,1)/><Else/>ObjectParameter(2)</If></If>)/> <If(Equal(ObjectParameter(1),ObjectParameter(2)))>relax<Else/>relaxes</If> <If(Equal(ObjectParameter(1),ObjectParameter(2)))>your<Else/><If(PlayerParameter(7))><If(<Sheet(BNpcName,PlayerParameter(7),6)/>)>her<Else/>his</If><Else/><If(PlayerParameter(5))>her<Else/>his</If></If></If> pose before <If(Equal(ObjectParameter(1),ObjectParameter(3)))><If(PlayerParameter(8))><SheetEn(ObjStr,2,PlayerParameter(8),1,1)/><Else/>you</If><Else/><If(PlayerParameter(8))><SheetEn(ObjStr,2,PlayerParameter(8),1,1)/><Else/>ObjectParameter(3)</If></If>.","<Clickable(<If(Equal(ObjectParameter(1),ObjectParameter(2)))>you<Else/><If(PlayerParameter(7))><SheetEn(ObjStr,2,PlayerParameter(7),1,1)/><Else/>ObjectParameter(2)</If></If>)/> <If(Equal(ObjectParameter(1),ObjectParameter(2)))>relax<Else/>relaxes</If> <If(Equal(ObjectParameter(1),ObjectParameter(2)))>your<Else/><If(PlayerParameter(7))><If(<Sheet(BNpcName,PlayerParameter(7),6)/>)>her<Else/>his</If><Else/><If(PlayerParameter(5))>her<Else/>his</If></If></If> pose.",376,1
166,"Box","emote/loop_emot14_loop","emote/loop_emot14_start","","","","","",False,False,False,"Special","EmoteMode#31",False,True,False,False,False,11008,"/box","ui/icon/246000/246323.tex","<Clickable(<If(Equal(ObjectParameter(1),ObjectParameter(2)))>you<Else/><If(PlayerParameter(7))><SheetEn(ObjStr,2,PlayerParameter(7),1,1)/><Else/>ObjectParameter(2)</If></If>)/> <If(Equal(ObjectParameter(1),ObjectParameter(2)))>spar<Else/>spars</If> with <If(Equal(ObjectParameter(1),ObjectParameter(3)))><If(PlayerParameter(8))><SheetEn(ObjStr,2,PlayerParameter(8),1,1)/><Else/>you</If><Else/><If(PlayerParameter(8))><SheetEn(ObjStr,2,PlayerParameter(8),1,1)/><Else/>ObjectParameter(3)</If></If>.","<Clickable(<If(Equal(ObjectParameter(1),ObjectParameter(2)))>you<Else/><If(PlayerParameter(7))><SheetEn(ObjStr,2,PlayerParameter(7),1,1)/><Else/>ObjectParameter(2)</If></If>)/> <If(Equal(ObjectParameter(1),ObjectParameter(2)))>begin<Else/>begins</If> shadowboxing.",68498,1
167,"Ritual Prayer","emote_sp/sp07_loop","emote_sp/sp07_start","","","","","",False,False,False,"Special","EmoteMode#32",False,True,False,False,False,10020,"/ritualprayer","ui/icon/246000/246324.tex","<Clickable(<If(Equal(ObjectParameter(1),ObjectParameter(2)))>you<Else/><If(PlayerParameter(7))><SheetEn(ObjStr,2,PlayerParameter(7),1,1)/><Else/>ObjectParameter(2)</If></If>)/> <If(Equal(ObjectParameter(1),ObjectParameter(2)))>perform<Else/>performs</If> a ritual prayer for <If(Equal(ObjectParameter(1),ObjectParameter(3)))><If(PlayerParameter(8))><SheetEn(ObjStr,2,PlayerParameter(8),1,1)/><Else/>you</If><Else/><If(PlayerParameter(8))><SheetEn(ObjStr,2,PlayerParameter(8),1,1)/><Else/>ObjectParameter(3)</If></If>.","<Clickable(<If(Equal(ObjectParameter(1),ObjectParameter(2)))>you<Else/><If(PlayerParameter(7))><SheetEn(ObjStr,2,PlayerParameter(7),1,1)/><Else/>ObjectParameter(2)</If></If>)/> <If(Equal(ObjectParameter(1),ObjectParameter(2)))>perform<Else/>performs</If> a ritual prayer.",374,1
168,"","","","","","","","",False,False,False,"","EmoteMode#0",False,False,False,False,False,0,"",,"","",0,0
169,"Tremble","emote/loop_emot15_loop","emote/loop_emot15_start","","","","","",False,False,False,"Special","EmoteMode#37",False,True,False,False,False,11011,"/tremble","ui/icon/246000/246333.tex","<Clickable(<If(Equal(ObjectParameter(1),ObjectParameter(2)))>you<Else/><If(PlayerParameter(7))><SheetEn(ObjStr,2,PlayerParameter(7),1,1)/><Else/>ObjectParameter(2)</If></If>)/> <If(Equal(ObjectParameter(1),ObjectParameter(2)))>tremble<Else/>trembles</If> before <If(Equal(ObjectParameter(1),ObjectParameter(3)))><If(PlayerParameter(8))><SheetEn(ObjStr,2,PlayerParameter(8),1,1)/><Else/>you</If><Else/><If(PlayerParameter(8))><SheetEn(ObjStr,2,PlayerParameter(8),1,1)/><Else/>ObjectParameter(3)</If></If>.","<Clickable(<If(Equal(ObjectParameter(1),ObjectParameter(2)))>you<Else/><If(PlayerParameter(7))><SheetEn(ObjStr,2,PlayerParameter(7),1,1)/><Else/>ObjectParameter(2)</If></If>)/> <If(Equal(ObjectParameter(1),ObjectParameter(2)))>tremble<Else/>trembles</If> in fright.",386,1
170,"Winded","emote/loop_emot16_loop","emote/loop_emot16_start","","","","","",False,False,False,"Special","EmoteMode#38",False,True,False,False,False,11012,"/winded","ui/icon/246000/246334.tex","<Clickable(<If(Equal(ObjectParameter(1),ObjectParameter(2)))>you<Else/><If(PlayerParameter(7))><SheetEn(ObjStr,2,PlayerParameter(7),1,1)/><Else/>ObjectParameter(2)</If></If>)/> <If(Equal(ObjectParameter(1),ObjectParameter(2)))>drop<Else/>drops</If> to <If(Equal(ObjectParameter(1),ObjectParameter(2)))>your<Else/><If(PlayerParameter(7))><If(<Sheet(BNpcName,PlayerParameter(7),6)/>)>her<Else/>his</If><Else/><If(PlayerParameter(5))>her<Else/>his</If></If></If> knee winded before <If(Equal(ObjectParameter(1),ObjectParameter(3)))><If(PlayerParameter(8))><SheetEn(ObjStr,2,PlayerParameter(8),1,1)/><Else/>you</If><Else/><If(PlayerParameter(8))><SheetEn(ObjStr,2,PlayerParameter(8),1,1)/><Else/>ObjectParameter(3)</If></If>.","<Clickable(<If(Equal(ObjectParameter(1),ObjectParameter(2)))>you<Else/><If(PlayerParameter(7))><SheetEn(ObjStr,2,PlayerParameter(7),1,1)/><Else/>ObjectParameter(2)</If></If>)/> <If(Equal(ObjectParameter(1),ObjectParameter(2)))>drop<Else/>drops</If> to <If(Equal(ObjectParameter(1),ObjectParameter(2)))>your<Else/><If(PlayerParameter(7))><If(<Sheet(BNpcName,PlayerParameter(7),6)/>)>her<Else/>his</If><Else/><If(PlayerParameter(5))>her<Else/>his</If></If></If> knee winded.",385,1
171,"Aback","emote/act_emot13","","emote/u_act_emot13","emote/u_act_emot13","emote/u_act_emot13","","",True,True,True,"General","EmoteMode#0",False,True,False,False,False,5023,"/aback","ui/icon/246000/246335.tex","<Clickable(<If(Equal(ObjectParameter(1),ObjectParameter(2)))>you<Else/><If(PlayerParameter(7))><SheetEn(ObjStr,2,PlayerParameter(7),1,1)/><Else/>ObjectParameter(2)</If></If>)/> <If(Equal(ObjectParameter(1),ObjectParameter(2)))>are<Else/>is</If> taken aback by <If(Equal(ObjectParameter(1),ObjectParameter(3)))><If(PlayerParameter(8))><SheetEn(ObjStr,2,PlayerParameter(8),1,1)/><Else/>you</If><Else/><If(PlayerParameter(8))><SheetEn(ObjStr,2,PlayerParameter(8),1,1)/><Else/>ObjectParameter(3)</If></If>.","<Clickable(<If(Equal(ObjectParameter(1),ObjectParameter(2)))>you<Else/><If(PlayerParameter(7))><SheetEn(ObjStr,2,PlayerParameter(7),1,1)/><Else/>ObjectParameter(2)</If></If>)/> <If(Equal(ObjectParameter(1),ObjectParameter(2)))>are<Else/>is</If> taken aback.",387,1
172,"Greeting","emote/act_emot14","","emote/u_act_emot14","emote/u_act_emot14","emote/u_act_emot14","","",True,True,True,"General","EmoteMode#0",False,True,False,False,False,5,"/greet","ui/icon/246000/246336.tex","<Clickable(<If(Equal(ObjectParameter(1),ObjectParameter(2)))>you<Else/><If(PlayerParameter(7))><SheetEn(ObjStr,2,PlayerParameter(7),1,1)/><Else/>ObjectParameter(2)</If></If>)/> <If(Equal(ObjectParameter(1),ObjectParameter(2)))>offer<Else/>offers</If> <If(Equal(ObjectParameter(1),ObjectParameter(3)))><If(PlayerParameter(8))><SheetEn(ObjStr,2,PlayerParameter(8),1,1)/><Else/>you</If><Else/><If(PlayerParameter(8))><SheetEn(ObjStr,2,PlayerParameter(8),1,1)/><Else/>ObjectParameter(3)</If></If> a humble greeting.","<Clickable(<If(Equal(ObjectParameter(1),ObjectParameter(2)))>you<Else/><If(PlayerParameter(7))><SheetEn(ObjStr,2,PlayerParameter(7),1,1)/><Else/>ObjectParameter(2)</If></If>)/> <If(Equal(ObjectParameter(1),ObjectParameter(2)))>raise<Else/>raises</If> <If(Equal(ObjectParameter(1),ObjectParameter(2)))>your<Else/><If(PlayerParameter(7))><If(<Sheet(BNpcName,PlayerParameter(7),6)/>)>her<Else/>his</If><Else/><If(PlayerParameter(5))>her<Else/>his</If></If></If> hand in greeting.",68558,1
173,"Box Step","emote/dance09_loop","emote/dance09_start","","","","","",False,False,False,"Special","EmoteMode#39",False,True,False,False,False,10101,"/boxstep","ui/icon/246000/246337.tex","<Clickable(<If(Equal(ObjectParameter(1),ObjectParameter(2)))>you<Else/><If(PlayerParameter(7))><SheetEn(ObjStr,2,PlayerParameter(7),1,1)/><Else/>ObjectParameter(2)</If></If>)/> <If(Equal(ObjectParameter(1),ObjectParameter(2)))>do<Else/>does</If> the box step before <If(Equal(ObjectParameter(1),ObjectParameter(3)))><If(PlayerParameter(8))><SheetEn(ObjStr,2,PlayerParameter(8),1,1)/><Else/>you</If><Else/><If(PlayerParameter(8))><SheetEn(ObjStr,2,PlayerParameter(8),1,1)/><Else/>ObjectParameter(3)</If></If>.","<Clickable(<If(Equal(ObjectParameter(1),ObjectParameter(2)))>you<Else/><If(PlayerParameter(7))><SheetEn(ObjStr,2,PlayerParameter(7),1,1)/><Else/>ObjectParameter(2)</If></If>)/> <If(Equal(ObjectParameter(1),ObjectParameter(2)))>do<Else/>does</If> the box step.",260,1
174,"Side Step","emote/dance10_loop","emote/dance10_start","","","","","",False,False,False,"Special","EmoteMode#40",False,True,False,False,False,10102,"/sidestep","ui/icon/246000/246338.tex","<Clickable(<If(Equal(ObjectParameter(1),ObjectParameter(2)))>you<Else/><If(PlayerParameter(7))><SheetEn(ObjStr,2,PlayerParameter(7),1,1)/><Else/>ObjectParameter(2)</If></If>)/> <If(Equal(ObjectParameter(1),ObjectParameter(2)))>do<Else/>does</If> the side step before <If(Equal(ObjectParameter(1),ObjectParameter(3)))><If(PlayerParameter(8))><SheetEn(ObjStr,2,PlayerParameter(8),1,1)/><Else/>you</If><Else/><If(PlayerParameter(8))><SheetEn(ObjStr,2,PlayerParameter(8),1,1)/><Else/>ObjectParameter(3)</If></If>.","<Clickable(<If(Equal(ObjectParameter(1),ObjectParameter(2)))>you<Else/><If(PlayerParameter(7))><SheetEn(ObjStr,2,PlayerParameter(7),1,1)/><Else/>ObjectParameter(2)</If></If>)/> <If(Equal(ObjectParameter(1),ObjectParameter(2)))>do<Else/>does</If> the side step.",261,1
175,"Ultima","emote_sp/sp13","","","","","","",False,False,False,"Special","EmoteMode#0",False,True,False,False,False,12004,"/ultima","ui/icon/246000/246339.tex","<Clickable(<If(Equal(ObjectParameter(1),ObjectParameter(2)))>you<Else/><If(PlayerParameter(7))><SheetEn(ObjStr,2,PlayerParameter(7),1,1)/><Else/>ObjectParameter(2)</If></If>)/> <If(Equal(ObjectParameter(1),ObjectParameter(2)))>ready<Else/>readies</If> Ultima on <If(Equal(ObjectParameter(1),ObjectParameter(3)))><If(PlayerParameter(8))><SheetEn(ObjStr,2,PlayerParameter(8),1,1)/><Else/>you</If><Else/><If(PlayerParameter(8))><SheetEn(ObjStr,2,PlayerParameter(8),1,1)/><Else/>ObjectParameter(3)</If></If>. Nothing happens.","<Clickable(<If(Equal(ObjectParameter(1),ObjectParameter(2)))>you<Else/><If(PlayerParameter(7))><SheetEn(ObjStr,2,PlayerParameter(7),1,1)/><Else/>ObjectParameter(2)</If></If>)/> <If(Equal(ObjectParameter(1),ObjectParameter(2)))>ready<Else/>readies</If> Ultima. Nothing happens.",262,1
176,"Yol Dance","emote/dance08_loop","emote/dance08_start","","","","","",False,False,False,"Special","EmoteMode#41",False,True,False,False,False,10100,"/yoldance","ui/icon/246000/246340.tex","<Clickable(<If(Equal(ObjectParameter(1),ObjectParameter(2)))>you<Else/><If(PlayerParameter(7))><SheetEn(ObjStr,2,PlayerParameter(7),1,1)/><Else/>ObjectParameter(2)</If></If>)/> <If(Equal(ObjectParameter(1),ObjectParameter(2)))>perform<Else/>performs</If> the yol dance for <If(Equal(ObjectParameter(1),ObjectParameter(3)))><If(PlayerParameter(8))><SheetEn(ObjStr,2,PlayerParameter(8),1,1)/><Else/>you</If><Else/><If(PlayerParameter(8))><SheetEn(ObjStr,2,PlayerParameter(8),1,1)/><Else/>ObjectParameter(3)</If></If>.","<Clickable(<If(Equal(ObjectParameter(1),ObjectParameter(2)))>you<Else/><If(PlayerParameter(7))><SheetEn(ObjStr,2,PlayerParameter(7),1,1)/><Else/>ObjectParameter(2)</If></If>)/> <If(Equal(ObjectParameter(1),ObjectParameter(2)))>perform<Else/>performs</If> the yol dance.",269,1
177,"","","","","","","","",False,False,False,"","EmoteMode#0",False,False,False,False,False,0,"",,"","",0,0
178,"Splash","emote_sp/sp14","","","","emote_sp/sp14_swo","","",False,True,False,"General","EmoteMode#0",False,True,False,False,False,5103,"/splash","ui/icon/246000/246341.tex","<Clickable(<If(Equal(ObjectParameter(1),ObjectParameter(2)))>you<Else/><If(PlayerParameter(7))><SheetEn(ObjStr,2,PlayerParameter(7),1,1)/><Else/>ObjectParameter(2)</If></If>)/> playfully <If(Equal(ObjectParameter(1),ObjectParameter(2)))>splash<Else/>splashes</If> water on <If(Equal(ObjectParameter(1),ObjectParameter(3)))><If(PlayerParameter(8))><SheetEn(ObjStr,2,PlayerParameter(8),1,1)/><Else/>you</If><Else/><If(PlayerParameter(8))><SheetEn(ObjStr,2,PlayerParameter(8),1,1)/><Else/>ObjectParameter(3)</If></If>.","<Clickable(<If(Equal(ObjectParameter(1),ObjectParameter(2)))>you<Else/><If(PlayerParameter(7))><SheetEn(ObjStr,2,PlayerParameter(7),1,1)/><Else/>ObjectParameter(2)</If></If>)/> playfully <If(Equal(ObjectParameter(1),ObjectParameter(2)))>splash<Else/>splashes</If> in the water.",270,1
179,"","emote_sp/sp14_no_target","","","","emote_sp/sp14_swo_no_target","","",False,True,False,"General","EmoteMode#0",False,True,False,False,False,0,"","ui/icon/246000/246341.tex","<Clickable(<If(Equal(ObjectParameter(1),ObjectParameter(2)))>you<Else/><If(PlayerParameter(7))><SheetEn(ObjStr,2,PlayerParameter(7),1,1)/><Else/>ObjectParameter(2)</If></If>)/> playfully <If(Equal(ObjectParameter(1),ObjectParameter(2)))>splash<Else/>splashes</If> water on <If(Equal(ObjectParameter(1),ObjectParameter(3)))><If(PlayerParameter(8))><SheetEn(ObjStr,2,PlayerParameter(8),1,1)/><Else/>you</If><Else/><If(PlayerParameter(8))><SheetEn(ObjStr,2,PlayerParameter(8),1,1)/><Else/>ObjectParameter(3)</If></If>.","<Clickable(<If(Equal(ObjectParameter(1),ObjectParameter(2)))>you<Else/><If(PlayerParameter(7))><SheetEn(ObjStr,2,PlayerParameter(7),1,1)/><Else/>ObjectParameter(2)</If></If>)/> playfully <If(Equal(ObjectParameter(1),ObjectParameter(2)))>splash<Else/>splashes</If> in the water.",270,1
180,"Sweat","emote/loop_emot17_loop","emote/loop_emot17_start","","","","","",False,False,False,"Special","EmoteMode#42",False,True,False,False,False,11009,"/sweat","ui/icon/246000/246342.tex","<Clickable(<If(Equal(ObjectParameter(1),ObjectParameter(2)))>you<Else/><If(PlayerParameter(7))><SheetEn(ObjStr,2,PlayerParameter(7),1,1)/><Else/>ObjectParameter(2)</If></If>)/> <If(Equal(ObjectParameter(1),ObjectParameter(2)))>wipe<Else/>wipes</If> <If(Equal(ObjectParameter(1),ObjectParameter(2)))>your<Else/><If(PlayerParameter(7))><If(<Sheet(BNpcName,PlayerParameter(7),6)/>)>her<Else/>his</If><Else/><If(PlayerParameter(5))>her<Else/>his</If></If></If> brow before <If(Equal(ObjectParameter(1),ObjectParameter(3)))><If(PlayerParameter(8))><SheetEn(ObjStr,2,PlayerParameter(8),1,1)/><Else/>you</If><Else/><If(PlayerParameter(8))><SheetEn(ObjStr,2,PlayerParameter(8),1,1)/><Else/>ObjectParameter(3)</If></If>.","<Clickable(<If(Equal(ObjectParameter(1),ObjectParameter(2)))>you<Else/><If(PlayerParameter(7))><SheetEn(ObjStr,2,PlayerParameter(7),1,1)/><Else/>ObjectParameter(2)</If></If>)/> <If(Equal(ObjectParameter(1),ObjectParameter(2)))>wipe<Else/>wipes</If> <If(Equal(ObjectParameter(1),ObjectParameter(2)))>your<Else/><If(PlayerParameter(7))><If(<Sheet(BNpcName,PlayerParameter(7),6)/>)>her<Else/>his</If><Else/><If(PlayerParameter(5))>her<Else/>his</If></If></If> brow.",263,1
181,"Shiver","emote/loop_emot18_loop","emote/loop_emot18_start","","","","","",False,False,False,"Special","EmoteMode#43",False,True,False,False,False,11010,"/shiver","ui/icon/246000/246343.tex","<Clickable(<If(Equal(ObjectParameter(1),ObjectParameter(2)))>you<Else/><If(PlayerParameter(7))><SheetEn(ObjStr,2,PlayerParameter(7),1,1)/><Else/>ObjectParameter(2)</If></If>)/> <If(Equal(ObjectParameter(1),ObjectParameter(2)))>shiver<Else/>shivers</If> at the sight of <If(Equal(ObjectParameter(1),ObjectParameter(3)))><If(PlayerParameter(8))><SheetEn(ObjStr,2,PlayerParameter(8),1,1)/><Else/>you</If><Else/><If(PlayerParameter(8))><SheetEn(ObjStr,2,PlayerParameter(8),1,1)/><Else/>ObjectParameter(3)</If></If>.","<Clickable(<If(Equal(ObjectParameter(1),ObjectParameter(2)))>you<Else/><If(PlayerParameter(7))><SheetEn(ObjStr,2,PlayerParameter(7),1,1)/><Else/>ObjectParameter(2)</If></If>)/> <If(Equal(ObjectParameter(1),ObjectParameter(2)))>begin<Else/>begins</If> to shiver.",264,1
182,"Elucidate","emote/act_emot15","","emote/u_act_emot15","emote/u_act_emot15","emote/u_act_emot15","","",True,True,True,"General","EmoteMode#0",False,True,False,False,False,6007,"/elucidate","ui/icon/246000/246344.tex","<Clickable(<If(Equal(ObjectParameter(1),ObjectParameter(2)))>you<Else/><If(PlayerParameter(7))><SheetEn(ObjStr,2,PlayerParameter(7),1,1)/><Else/>ObjectParameter(2)</If></If>)/> <If(Equal(ObjectParameter(1),ObjectParameter(2)))>explain<Else/>explains</If> everything to <If(Equal(ObjectParameter(1),ObjectParameter(3)))><If(PlayerParameter(8))><SheetEn(ObjStr,2,PlayerParameter(8),1,1)/><Else/>you</If><Else/><If(PlayerParameter(8))><SheetEn(ObjStr,2,PlayerParameter(8),1,1)/><Else/>ObjectParameter(3)</If></If>.","<Clickable(<If(Equal(ObjectParameter(1),ObjectParameter(2)))>you<Else/><If(PlayerParameter(7))><SheetEn(ObjStr,2,PlayerParameter(7),1,1)/><Else/>ObjectParameter(2)</If></If>)/> <If(Equal(ObjectParameter(1),ObjectParameter(2)))>begin<Else/>begins</If> explaining.",265,1
183,"Ponder","facial/pose/f_umm","","facial/pose/f_umm","facial/pose/f_umm","facial/pose/f_umm","facial/pose/f_umm","",True,True,True,"Expressions","EmoteMode#0",False,False,False,False,False,20027,"/ponder","ui/icon/246000/246129.tex","<Clickable(<If(Equal(ObjectParameter(1),ObjectParameter(2)))>you<Else/><If(PlayerParameter(7))><SheetEn(ObjStr,2,PlayerParameter(7),1,1)/><Else/>ObjectParameter(2)</If></If>)/> <If(Equal(ObjectParameter(1),ObjectParameter(2)))>ponder<Else/>ponders</If> over <If(Equal(ObjectParameter(1),ObjectParameter(3)))><If(PlayerParameter(8))><SheetEn(ObjStr,2,PlayerParameter(8),1,1)/><Else/>you</If><Else/><If(PlayerParameter(8))><SheetEn(ObjStr,2,PlayerParameter(8),1,1)/><Else/>ObjectParameter(3)</If></If>.","<Clickable(<If(Equal(ObjectParameter(1),ObjectParameter(2)))>you<Else/><If(PlayerParameter(7))><SheetEn(ObjStr,2,PlayerParameter(7),1,1)/><Else/>ObjectParameter(2)</If></If>)/> <If(Equal(ObjectParameter(1),ObjectParameter(2)))>are<Else/>is</If> deep in thought.",68612,1
184,"Wink (Left)","facial/pose/wink_l","","facial/pose/wink_l","facial/pose/wink_l","facial/pose/wink_l","facial/pose/wink_l","",True,True,True,"Expressions","EmoteMode#0",False,False,False,False,False,20005,"/leftwink","ui/icon/246000/246130.tex","<Clickable(<If(Equal(ObjectParameter(1),ObjectParameter(2)))>you<Else/><If(PlayerParameter(7))><SheetEn(ObjStr,2,PlayerParameter(7),1,1)/><Else/>ObjectParameter(2)</If></If>)/> <If(Equal(ObjectParameter(1),ObjectParameter(2)))>wink<Else/>winks</If> at <If(Equal(ObjectParameter(1),ObjectParameter(3)))><If(PlayerParameter(8))><SheetEn(ObjStr,2,PlayerParameter(8),1,1)/><Else/>you</If><Else/><If(PlayerParameter(8))><SheetEn(ObjStr,2,PlayerParameter(8),1,1)/><Else/>ObjectParameter(3)</If></If>.","<Clickable(<If(Equal(ObjectParameter(1),ObjectParameter(2)))>you<Else/><If(PlayerParameter(7))><SheetEn(ObjStr,2,PlayerParameter(7),1,1)/><Else/>ObjectParameter(2)</If></If>)/> <If(Equal(ObjectParameter(1),ObjectParameter(2)))>wink<Else/>winks</If>.",0,1
185,"Get Fantasy","emote/dance11_loop","emote/dance11_start","","","","","",False,False,False,"Special","EmoteMode#44",False,True,False,False,False,10103,"/getfantasy","ui/icon/246000/246345.tex","<Clickable(<If(Equal(ObjectParameter(1),ObjectParameter(2)))>you<Else/><If(PlayerParameter(7))><SheetEn(ObjStr,2,PlayerParameter(7),1,1)/><Else/>ObjectParameter(2)</If></If>)/> <If(Equal(ObjectParameter(1),ObjectParameter(2)))>do<Else/>does</If> the “get fantasy” before <If(Equal(ObjectParameter(1),ObjectParameter(3)))><If(PlayerParameter(8))><SheetEn(ObjStr,2,PlayerParameter(8),1,1)/><Else/>you</If><Else/><If(PlayerParameter(8))><SheetEn(ObjStr,2,PlayerParameter(8),1,1)/><Else/>ObjectParameter(3)</If></If>.","<Clickable(<If(Equal(ObjectParameter(1),ObjectParameter(2)))>you<Else/><If(PlayerParameter(7))><SheetEn(ObjStr,2,PlayerParameter(7),1,1)/><Else/>ObjectParameter(2)</If></If>)/> <If(Equal(ObjectParameter(1),ObjectParameter(2)))>do<Else/>does</If> the “get fantasy.”",393,1
186,"Popoto Step","emote/dance12_loop","emote/dance12_start","","","","","",False,False,False,"Special","EmoteMode#45",False,True,False,False,False,10104,"/popotostep","ui/icon/246000/246346.tex","<Clickable(<If(Equal(ObjectParameter(1),ObjectParameter(2)))>you<Else/><If(PlayerParameter(7))><SheetEn(ObjStr,2,PlayerParameter(7),1,1)/><Else/>ObjectParameter(2)</If></If>)/> <If(Equal(ObjectParameter(1),ObjectParameter(2)))>do<Else/>does</If> the popoto step before <If(Equal(ObjectParameter(1),ObjectParameter(3)))><If(PlayerParameter(8))><SheetEn(ObjStr,2,PlayerParameter(8),1,1)/><Else/>you</If><Else/><If(PlayerParameter(8))><SheetEn(ObjStr,2,PlayerParameter(8),1,1)/><Else/>ObjectParameter(3)</If></If>.","<Clickable(<If(Equal(ObjectParameter(1),ObjectParameter(2)))>you<Else/><If(PlayerParameter(7))><SheetEn(ObjStr,2,PlayerParameter(7),1,1)/><Else/>ObjectParameter(2)</If></If>)/> <If(Equal(ObjectParameter(1),ObjectParameter(2)))>do<Else/>does</If> the popoto step.",394,1
187,"Hum","emote/loop_emot19_loop","emote/loop_emot19_start","","","","","",False,False,False,"Special","EmoteMode#46",False,True,False,False,False,10107,"/hum","ui/icon/246000/246347.tex","<Clickable(<If(Equal(ObjectParameter(1),ObjectParameter(2)))>you<Else/><If(PlayerParameter(7))><SheetEn(ObjStr,2,PlayerParameter(7),1,1)/><Else/>ObjectParameter(2)</If></If>)/> <If(Equal(ObjectParameter(1),ObjectParameter(2)))>hum<Else/>hums</If> a playful tune for <If(Equal(ObjectParameter(1),ObjectParameter(3)))><If(PlayerParameter(8))><SheetEn(ObjStr,2,PlayerParameter(8),1,1)/><Else/>you</If><Else/><If(PlayerParameter(8))><SheetEn(ObjStr,2,PlayerParameter(8),1,1)/><Else/>ObjectParameter(3)</If></If>.","<Clickable(<If(Equal(ObjectParameter(1),ObjectParameter(2)))>you<Else/><If(PlayerParameter(7))><SheetEn(ObjStr,2,PlayerParameter(7),1,1)/><Else/>ObjectParameter(2)</If></If>)/> <If(Equal(ObjectParameter(1),ObjectParameter(2)))>hum<Else/>hums</If> playfully.",68688,1
188,"Confirm","emote/loop_emot20_loop","emote/loop_emot20_start","","","","","",False,False,False,"Special","EmoteMode#47",False,True,False,False,False,11013,"/confirm","ui/icon/246000/246348.tex","<Clickable(<If(Equal(ObjectParameter(1),ObjectParameter(2)))>you<Else/><If(PlayerParameter(7))><SheetEn(ObjStr,2,PlayerParameter(7),1,1)/><Else/>ObjectParameter(2)</If></If>)/> <If(Equal(ObjectParameter(1),ObjectParameter(2)))>confirm<Else/>confirms</If> <If(Equal(ObjectParameter(1),ObjectParameter(3)))>your<Else/><If(Equal(ObjectParameter(1),ObjectParameter(3)))><If(PlayerParameter(8))><SheetEn(ObjStr,2,PlayerParameter(8),1,1)/><Else/>you</If><Else/><If(PlayerParameter(8))><SheetEn(ObjStr,2,PlayerParameter(8),1,1)/><Else/>ObjectParameter(3)</If></If>'s</If> identity.","<Clickable(<If(Equal(ObjectParameter(1),ObjectParameter(2)))>you<Else/><If(PlayerParameter(7))><SheetEn(ObjStr,2,PlayerParameter(7),1,1)/><Else/>ObjectParameter(2)</If></If>)/> <If(Equal(ObjectParameter(1),ObjectParameter(2)))>confirm<Else/>confirms</If> something of great import.",395,1
189,"Scheme","emote/loop_emot21_loop","emote/loop_emot21_start","","","","","",False,False,False,"Special","EmoteMode#48",False,True,False,False,False,11014,"/scheme","ui/icon/246000/246349.tex","<Clickable(<If(Equal(ObjectParameter(1),ObjectParameter(2)))>you<Else/><If(PlayerParameter(7))><SheetEn(ObjStr,2,PlayerParameter(7),1,1)/><Else/>ObjectParameter(2)</If></If>)/> <If(Equal(ObjectParameter(1),ObjectParameter(2)))>weave<Else/>weaves</If> an intricate web of deceit for <If(Equal(ObjectParameter(1),ObjectParameter(3)))><If(PlayerParameter(8))><SheetEn(ObjStr,2,PlayerParameter(8),1,1)/><Else/>you</If><Else/><If(PlayerParameter(8))><SheetEn(ObjStr,2,PlayerParameter(8),1,1)/><Else/>ObjectParameter(3)</If></If>.","<Clickable(<If(Equal(ObjectParameter(1),ObjectParameter(2)))>you<Else/><If(PlayerParameter(7))><SheetEn(ObjStr,2,PlayerParameter(7),1,1)/><Else/>ObjectParameter(2)</If></If>)/> <If(Equal(ObjectParameter(1),ObjectParameter(2)))>weave<Else/>weaves</If> an intricate web of deceit.",396,1
190,"Endure","facial/pose/clench","","facial/pose/clench","facial/pose/clench","facial/pose/clench","facial/pose/clench","",True,True,True,"Expressions","EmoteMode#0",False,False,False,False,False,20028,"/endure","ui/icon/246000/246131.tex","<Clickable(<If(Equal(ObjectParameter(1),ObjectParameter(2)))>you<Else/><If(PlayerParameter(7))><SheetEn(ObjStr,2,PlayerParameter(7),1,1)/><Else/>ObjectParameter(2)</If></If>)/> <If(Equal(ObjectParameter(1),ObjectParameter(2)))>endure<Else/>endures</If> <If(Equal(ObjectParameter(1),ObjectParameter(3)))>your<Else/><If(Equal(ObjectParameter(1),ObjectParameter(3)))><If(PlayerParameter(8))><SheetEn(ObjStr,2,PlayerParameter(8),1,1)/><Else/>you</If><Else/><If(PlayerParameter(8))><SheetEn(ObjStr,2,PlayerParameter(8),1,1)/><Else/>ObjectParameter(3)</If></If>'s</If> onslaught.","<Clickable(<If(Equal(ObjectParameter(1),ObjectParameter(2)))>you<Else/><If(PlayerParameter(7))><SheetEn(ObjStr,2,PlayerParameter(7),1,1)/><Else/>ObjectParameter(2)</If></If>)/> silently <If(Equal(ObjectParameter(1),ObjectParameter(2)))>endure<Else/>endures</If>.",68684,1
191,"Tomestone","emote_sp/sp16","","emote_sp/u_sp16","emote_sp/u_sp16","emote_sp/u_sp16","","",True,True,True,"General","EmoteMode#0",False,True,False,False,False,6020,"/tomestone","ui/icon/246000/246350.tex","<Clickable(<If(Equal(ObjectParameter(1),ObjectParameter(2)))>you<Else/><If(PlayerParameter(7))><SheetEn(ObjStr,2,PlayerParameter(7),1,1)/><Else/>ObjectParameter(2)</If></If>)/> <If(Equal(ObjectParameter(1),ObjectParameter(2)))>swipe<Else/>swipes</If> excitedly at <If(Equal(ObjectParameter(1),ObjectParameter(2)))>your<Else/><If(PlayerParameter(7))><If(<Sheet(BNpcName,PlayerParameter(7),6)/>)>her<Else/>his</If><Else/><If(PlayerParameter(5))>her<Else/>his</If></If></If> tomestone before <If(Equal(ObjectParameter(1),ObjectParameter(3)))><If(PlayerParameter(8))><SheetEn(ObjStr,2,PlayerParameter(8),1,1)/><Else/>you</If><Else/><If(PlayerParameter(8))><SheetEn(ObjStr,2,PlayerParameter(8),1,1)/><Else/>ObjectParameter(3)</If></If>. Nothing happens.","<Clickable(<If(Equal(ObjectParameter(1),ObjectParameter(2)))>you<Else/><If(PlayerParameter(7))><SheetEn(ObjStr,2,PlayerParameter(7),1,1)/><Else/>ObjectParameter(2)</If></If>)/> <If(Equal(ObjectParameter(1),ObjectParameter(2)))>swipe<Else/>swipes</If> excitedly at <If(Equal(ObjectParameter(1),ObjectParameter(2)))>your<Else/><If(PlayerParameter(7))><If(<Sheet(BNpcName,PlayerParameter(7),6)/>)>her<Else/>his</If><Else/><If(PlayerParameter(5))>her<Else/>his</If></If></If> tomestone. Nothing happens.",406,1
192,"Heel Toe","emote/dance13_loop","emote/dance13_start","","","","","",False,False,False,"Special","EmoteMode#49",False,True,False,False,False,10105,"/heeltoe","ui/icon/246000/246351.tex","<Clickable(<If(Equal(ObjectParameter(1),ObjectParameter(2)))>you<Else/><If(PlayerParameter(7))><SheetEn(ObjStr,2,PlayerParameter(7),1,1)/><Else/>ObjectParameter(2)</If></If>)/> <If(Equal(ObjectParameter(1),ObjectParameter(2)))>do<Else/>does</If> the heel toe before <If(Equal(ObjectParameter(1),ObjectParameter(3)))><If(PlayerParameter(8))><SheetEn(ObjStr,2,PlayerParameter(8),1,1)/><Else/>you</If><Else/><If(PlayerParameter(8))><SheetEn(ObjStr,2,PlayerParameter(8),1,1)/><Else/>ObjectParameter(3)</If></If>.","<Clickable(<If(Equal(ObjectParameter(1),ObjectParameter(2)))>you<Else/><If(PlayerParameter(7))><SheetEn(ObjStr,2,PlayerParameter(7),1,1)/><Else/>ObjectParameter(2)</If></If>)/> <If(Equal(ObjectParameter(1),ObjectParameter(2)))>do<Else/>does</If> the heel toe.",232,1
193,"Goobbue Do","emote/dance14_loop","emote/dance14_start","","","","","",False,False,False,"Special","EmoteMode#50",False,True,False,False,False,10106,"/goobbuedo","ui/icon/246000/246352.tex","<Clickable(<If(Equal(ObjectParameter(1),ObjectParameter(2)))>you<Else/><If(PlayerParameter(7))><SheetEn(ObjStr,2,PlayerParameter(7),1,1)/><Else/>ObjectParameter(2)</If></If>)/> <If(Equal(ObjectParameter(1),ObjectParameter(2)))>dance<Else/>dances</If> the “goobbue do” before <If(Equal(ObjectParameter(1),ObjectParameter(3)))><If(PlayerParameter(8))><SheetEn(ObjStr,2,PlayerParameter(8),1,1)/><Else/>you</If><Else/><If(PlayerParameter(8))><SheetEn(ObjStr,2,PlayerParameter(8),1,1)/><Else/>ObjectParameter(3)</If></If>.","<Clickable(<If(Equal(ObjectParameter(1),ObjectParameter(2)))>you<Else/><If(PlayerParameter(7))><SheetEn(ObjStr,2,PlayerParameter(7),1,1)/><Else/>ObjectParameter(2)</If></If>)/> <If(Equal(ObjectParameter(1),ObjectParameter(2)))>dance<Else/>dances</If> the “goobbue do.”",233,1
194,"Gratuity","emote_sp/sp15","","","","","","",False,False,False,"General","EmoteMode#0",False,True,False,False,False,3100,"/gratuity","ui/icon/246000/246353.tex","<Clickable(<If(Equal(ObjectParameter(1),ObjectParameter(2)))>you<Else/><If(PlayerParameter(7))><SheetEn(ObjStr,2,PlayerParameter(7),1,1)/><Else/>ObjectParameter(2)</If></If>)/> <If(Equal(ObjectParameter(1),ObjectParameter(2)))>shower<Else/>showers</If> <If(Equal(ObjectParameter(1),ObjectParameter(3)))><If(PlayerParameter(8))><SheetEn(ObjStr,2,PlayerParameter(8),1,1)/><Else/>you</If><Else/><If(PlayerParameter(8))><SheetEn(ObjStr,2,PlayerParameter(8),1,1)/><Else/>ObjectParameter(3)</If></If> with gold and riches.","<Clickable(<If(Equal(ObjectParameter(1),ObjectParameter(2)))>you<Else/><If(PlayerParameter(7))><SheetEn(ObjStr,2,PlayerParameter(7),1,1)/><Else/>ObjectParameter(2)</If></If>)/> <If(Equal(ObjectParameter(1),ObjectParameter(2)))>scatter<Else/>scatters</If> coins about the area.",68700,1
195,"Fist Pump","emote/act_emot17","","","","","","",False,False,False,"General","EmoteMode#0",False,True,False,False,False,3101,"/fistpump","ui/icon/246000/246354.tex","<Clickable(<If(Equal(ObjectParameter(1),ObjectParameter(2)))>you<Else/><If(PlayerParameter(7))><SheetEn(ObjStr,2,PlayerParameter(7),1,1)/><Else/>ObjectParameter(2)</If></If>)/> <If(Equal(ObjectParameter(1),ObjectParameter(2)))>pump<Else/>pumps</If> <If(Equal(ObjectParameter(1),ObjectParameter(2)))>your<Else/><If(PlayerParameter(7))><If(<Sheet(BNpcName,PlayerParameter(7),6)/>)>her<Else/>his</If><Else/><If(PlayerParameter(5))>her<Else/>his</If></If></If> fist emphatically before <If(Equal(ObjectParameter(1),ObjectParameter(3)))><If(PlayerParameter(8))><SheetEn(ObjStr,2,PlayerParameter(8),1,1)/><Else/>you</If><Else/><If(PlayerParameter(8))><SheetEn(ObjStr,2,PlayerParameter(8),1,1)/><Else/>ObjectParameter(3)</If></If>.","<Clickable(<If(Equal(ObjectParameter(1),ObjectParameter(2)))>you<Else/><If(PlayerParameter(7))><SheetEn(ObjStr,2,PlayerParameter(7),1,1)/><Else/>ObjectParameter(2)</If></If>)/> <If(Equal(ObjectParameter(1),ObjectParameter(2)))>pump<Else/>pumps</If> <If(Equal(ObjectParameter(1),ObjectParameter(2)))>your<Else/><If(PlayerParameter(7))><If(<Sheet(BNpcName,PlayerParameter(7),6)/>)>her<Else/>his</If><Else/><If(PlayerParameter(5))>her<Else/>his</If></If></If> fist emphatically.",234,1
196,"Reprimand","emote/loop_emot22_loop","emote/loop_emot22_start","","","","","",False,False,False,"Special","EmoteMode#51",False,True,False,False,False,11015,"/reprimand","ui/icon/246000/246355.tex","<Clickable(<If(Equal(ObjectParameter(1),ObjectParameter(2)))>you<Else/><If(PlayerParameter(7))><SheetEn(ObjStr,2,PlayerParameter(7),1,1)/><Else/>ObjectParameter(2)</If></If>)/> <If(Equal(ObjectParameter(1),ObjectParameter(2)))>reprimand<Else/>reprimands</If> <If(Equal(ObjectParameter(1),ObjectParameter(3)))><If(PlayerParameter(8))><SheetEn(ObjStr,2,PlayerParameter(8),1,1)/><Else/>you</If><Else/><If(PlayerParameter(8))><SheetEn(ObjStr,2,PlayerParameter(8),1,1)/><Else/>ObjectParameter(3)</If></If>.","<Clickable(<If(Equal(ObjectParameter(1),ObjectParameter(2)))>you<Else/><If(PlayerParameter(7))><SheetEn(ObjStr,2,PlayerParameter(7),1,1)/><Else/>ObjectParameter(2)</If></If>)/> <If(Equal(ObjectParameter(1),ObjectParameter(2)))>are<Else/>is</If> visibly upset.",235,1
197,"Senor Sabotender","emote/act_emot18","","","","","","",False,False,False,"General","EmoteMode#0",False,True,False,False,False,3102,"/sabotender","ui/icon/246000/246356.tex","<Clickable(<If(Equal(ObjectParameter(1),ObjectParameter(2)))>you<Else/><If(PlayerParameter(7))><SheetEn(ObjStr,2,PlayerParameter(7),1,1)/><Else/>ObjectParameter(2)</If></If>)/> <If(Equal(ObjectParameter(1),ObjectParameter(2)))>pose<Else/>poses</If> like Senor Sabotender for <If(Equal(ObjectParameter(1),ObjectParameter(3)))><If(PlayerParameter(8))><SheetEn(ObjStr,2,PlayerParameter(8),1,1)/><Else/>you</If><Else/><If(PlayerParameter(8))><SheetEn(ObjStr,2,PlayerParameter(8),1,1)/><Else/>ObjectParameter(3)</If></If>.","<Clickable(<If(Equal(ObjectParameter(1),ObjectParameter(2)))>you<Else/><If(PlayerParameter(7))><SheetEn(ObjStr,2,PlayerParameter(7),1,1)/><Else/>ObjectParameter(2)</If></If>)/> <If(Equal(ObjectParameter(1),ObjectParameter(2)))>pose<Else/>poses</If> like Senor Sabotender.",236,1
198,"Manderville Mambo","emote/dance15_loop","emote/dance15_start","","","","","",False,False,False,"Special","EmoteMode#52",False,True,False,False,False,10108,"/mandervillemambo","ui/icon/246000/246357.tex","<Clickable(<If(Equal(ObjectParameter(1),ObjectParameter(2)))>you<Else/><If(PlayerParameter(7))><SheetEn(ObjStr,2,PlayerParameter(7),1,1)/><Else/>ObjectParameter(2)</If></If>)/> <If(Equal(ObjectParameter(1),ObjectParameter(2)))>perform<Else/>performs</If> the Manderville Mambo for <If(Equal(ObjectParameter(1),ObjectParameter(3)))><If(PlayerParameter(8))><SheetEn(ObjStr,2,PlayerParameter(8),1,1)/><Else/>you</If><Else/><If(PlayerParameter(8))><SheetEn(ObjStr,2,PlayerParameter(8),1,1)/><Else/>ObjectParameter(3)</If></If>.","<Clickable(<If(Equal(ObjectParameter(1),ObjectParameter(2)))>you<Else/><If(PlayerParameter(7))><SheetEn(ObjStr,2,PlayerParameter(7),1,1)/><Else/>ObjectParameter(2)</If></If>)/> <If(Equal(ObjectParameter(1),ObjectParameter(2)))>perform<Else/>performs</If> the Manderville Mambo.",68704,1
199,"Lali-ho","emote/act_emot19","","emote/u_act_emot19","emote/u_act_emot19","emote/u_act_emot19","","",True,True,True,"General","EmoteMode#0",False,True,False,False,False,13,"/laliho","ui/icon/246000/246358.tex","<Clickable(<If(Equal(ObjectParameter(1),ObjectParameter(2)))>you<Else/><If(PlayerParameter(7))><SheetEn(ObjStr,2,PlayerParameter(7),1,1)/><Else/>ObjectParameter(2)</If></If>)/> <If(Equal(ObjectParameter(1),ObjectParameter(2)))>give<Else/>gives</If> an enthusiastic “Lali-ho!” to <If(Equal(ObjectParameter(1),ObjectParameter(3)))><If(PlayerParameter(8))><SheetEn(ObjStr,2,PlayerParameter(8),1,1)/><Else/>you</If><Else/><If(PlayerParameter(8))><SheetEn(ObjStr,2,PlayerParameter(8),1,1)/><Else/>ObjectParameter(3)</If></If>.","<Clickable(<If(Equal(ObjectParameter(1),ObjectParameter(2)))>you<Else/><If(PlayerParameter(7))><SheetEn(ObjStr,2,PlayerParameter(7),1,1)/><Else/>ObjectParameter(2)</If></If>)/> <If(Equal(ObjectParameter(1),ObjectParameter(2)))>give<Else/>gives</If> an enthusiastic “Lali-ho!”",69095,1
200,"Simulation M","emote_sp/sp17_loop","emote_sp/sp17_start","","","","","",False,False,False,"Special","EmoteMode#53",False,True,False,False,False,12005,"/simulationm","ui/icon/246000/246359.tex","<Clickable(<If(Equal(ObjectParameter(1),ObjectParameter(2)))>you<Else/><If(PlayerParameter(7))><SheetEn(ObjStr,2,PlayerParameter(7),1,1)/><Else/>ObjectParameter(2)</If></If>)/> <If(Equal(ObjectParameter(1),ObjectParameter(2)))>synthesize<Else/>synthesizes</If> a shimmering sword before <If(Equal(ObjectParameter(1),ObjectParameter(3)))><If(PlayerParameter(8))><SheetEn(ObjStr,2,PlayerParameter(8),1,1)/><Else/>you</If><Else/><If(PlayerParameter(8))><SheetEn(ObjStr,2,PlayerParameter(8),1,1)/><Else/>ObjectParameter(3)</If></If>.","<Clickable(<If(Equal(ObjectParameter(1),ObjectParameter(2)))>you<Else/><If(PlayerParameter(7))><SheetEn(ObjStr,2,PlayerParameter(7),1,1)/><Else/>ObjectParameter(2)</If></If>)/> <If(Equal(ObjectParameter(1),ObjectParameter(2)))>synthesize<Else/>synthesizes</If> a shimmering sword.",75,1
201,"Simulation F","emote_sp/sp18_loop","emote_sp/sp18_start","","","","","",False,False,False,"Special","EmoteMode#54",False,True,False,False,False,12006,"/simulationf","ui/icon/246000/246360.tex","<Clickable(<If(Equal(ObjectParameter(1),ObjectParameter(2)))>you<Else/><If(PlayerParameter(7))><SheetEn(ObjStr,2,PlayerParameter(7),1,1)/><Else/>ObjectParameter(2)</If></If>)/> <If(Equal(ObjectParameter(1),ObjectParameter(2)))>synthesize<Else/>synthesizes</If> a shimmering spear before <If(Equal(ObjectParameter(1),ObjectParameter(3)))><If(PlayerParameter(8))><SheetEn(ObjStr,2,PlayerParameter(8),1,1)/><Else/>you</If><Else/><If(PlayerParameter(8))><SheetEn(ObjStr,2,PlayerParameter(8),1,1)/><Else/>ObjectParameter(3)</If></If>.","<Clickable(<If(Equal(ObjectParameter(1),ObjectParameter(2)))>you<Else/><If(PlayerParameter(7))><SheetEn(ObjStr,2,PlayerParameter(7),1,1)/><Else/>ObjectParameter(2)</If></If>)/> <If(Equal(ObjectParameter(1),ObjectParameter(2)))>synthesize<Else/>synthesizes</If> a shimmering spear.",75,1
202,"Toast","emote_sp/sp19","","emote_sp/u_sp19","emote_sp/u_sp19","emote_sp/u_sp19","","",False,True,True,"General","EmoteMode#0",False,True,False,False,False,3103,"/toast","ui/icon/246000/246361.tex","<Clickable(<If(Equal(ObjectParameter(1),ObjectParameter(2)))>you<Else/><If(PlayerParameter(7))><SheetEn(ObjStr,2,PlayerParameter(7),1,1)/><Else/>ObjectParameter(2)</If></If>)/> <If(Equal(ObjectParameter(1),ObjectParameter(2)))>toast<Else/>toasts</If> <If(Equal(ObjectParameter(1),ObjectParameter(3)))><If(PlayerParameter(8))><SheetEn(ObjStr,2,PlayerParameter(8),1,1)/><Else/>you</If><Else/><If(PlayerParameter(8))><SheetEn(ObjStr,2,PlayerParameter(8),1,1)/><Else/>ObjectParameter(3)</If></If>.","<Clickable(<If(Equal(ObjectParameter(1),ObjectParameter(2)))>you<Else/><If(PlayerParameter(7))><SheetEn(ObjStr,2,PlayerParameter(7),1,1)/><Else/>ObjectParameter(2)</If></If>)/> <If(Equal(ObjectParameter(1),ObjectParameter(2)))>give<Else/>gives</If> a toast.",76,1
203,"Lean","emote/loop_emot23_loop","emote/loop_emot23_start","","","","","",False,False,False,"Special","EmoteMode#55",False,True,False,False,False,11502,"/lean","ui/icon/246000/246363.tex","","",77,1
204,"Headache","emote/act_emot20","","emote/u_act_emot20","emote/u_act_emot20","emote/u_act_emot20","","",True,True,True,"General","EmoteMode#0",False,True,False,False,False,5024,"/headache","ui/icon/246000/246362.tex","<Clickable(<If(Equal(ObjectParameter(1),ObjectParameter(2)))>you<Else/><If(PlayerParameter(7))><SheetEn(ObjStr,2,PlayerParameter(7),1,1)/><Else/>ObjectParameter(2)</If></If>)/> <If(Equal(ObjectParameter(1),ObjectParameter(2)))>show<Else/>shows</If> <If(Equal(ObjectParameter(1),ObjectParameter(3)))><If(PlayerParameter(8))><SheetEn(ObjStr,2,PlayerParameter(8),1,1)/><Else/>you</If><Else/><If(PlayerParameter(8))><SheetEn(ObjStr,2,PlayerParameter(8),1,1)/><Else/>ObjectParameter(3)</If></If> what a real headache looks like.","<Clickable(<If(Equal(ObjectParameter(1),ObjectParameter(2)))>you<Else/><If(PlayerParameter(7))><SheetEn(ObjStr,2,PlayerParameter(7),1,1)/><Else/>ObjectParameter(2)</If></If>)/> <If(Equal(ObjectParameter(1),ObjectParameter(2)))>reel<Else/>reels</If> in agony from a splitting headache.",78,1
205,"Snap","emote_sp/sp21","","emote_sp/u_sp21","emote_sp/u_sp21","emote_sp/u_sp21","","",True,True,True,"General","EmoteMode#0",False,True,False,False,False,3104,"/snap","ui/icon/246000/246364.tex","<Clickable(<If(Equal(ObjectParameter(1),ObjectParameter(2)))>you<Else/><If(PlayerParameter(7))><SheetEn(ObjStr,2,PlayerParameter(7),1,1)/><Else/>ObjectParameter(2)</If></If>)/> <If(Equal(ObjectParameter(1),ObjectParameter(2)))>snap your<Else/>snaps <If(PlayerParameter(7))><If(<Sheet(BNpcName,PlayerParameter(7),6)/>)>her<Else/>his</If><Else/><If(PlayerParameter(5))>her<Else/>his</If></If></If> fingers to grab <If(Equal(ObjectParameter(1),ObjectParameter(3)))>your<Else/><If(Equal(ObjectParameter(1),ObjectParameter(3)))><If(PlayerParameter(8))><SheetEn(ObjStr,2,PlayerParameter(8),1,1)/><Else/>you</If><Else/><If(PlayerParameter(8))><SheetEn(ObjStr,2,PlayerParameter(8),1,1)/><Else/>ObjectParameter(3)</If></If>'s</If> attention.","<Clickable(<If(Equal(ObjectParameter(1),ObjectParameter(2)))>you<Else/><If(PlayerParameter(7))><SheetEn(ObjStr,2,PlayerParameter(7),1,1)/><Else/>ObjectParameter(2)</If></If>)/> <If(Equal(ObjectParameter(1),ObjectParameter(2)))>snap your<Else/>snaps <If(PlayerParameter(7))><If(<Sheet(BNpcName,PlayerParameter(7),6)/>)>her<Else/>his</If><Else/><If(PlayerParameter(5))>her<Else/>his</If></If></If> fingers.",68,1
206,"Break Fast","emote_sp/sp22","","emote_sp/u_sp22","emote_sp/u_sp22","emote_sp/u_sp22","","",True,True,True,"General","EmoteMode#0",False,True,False,False,False,6040,"/breakfast","ui/icon/246000/246365.tex","<Clickable(<If(Equal(ObjectParameter(1),ObjectParameter(2)))>you<Else/><If(PlayerParameter(7))><SheetEn(ObjStr,2,PlayerParameter(7),1,1)/><Else/>ObjectParameter(2)</If></If>)/> <If(Equal(ObjectParameter(1),ObjectParameter(2)))>snack<Else/>snacks</If> on a piece of bread near <If(Equal(ObjectParameter(1),ObjectParameter(3)))><If(PlayerParameter(8))><SheetEn(ObjStr,2,PlayerParameter(8),1,1)/><Else/>you</If><Else/><If(PlayerParameter(8))><SheetEn(ObjStr,2,PlayerParameter(8),1,1)/><Else/>ObjectParameter(3)</If></If>.","<Clickable(<If(Equal(ObjectParameter(1),ObjectParameter(2)))>you<Else/><If(PlayerParameter(7))><SheetEn(ObjStr,2,PlayerParameter(7),1,1)/><Else/>ObjectParameter(2)</If></If>)/> <If(Equal(ObjectParameter(1),ObjectParameter(2)))>snack<Else/>snacks</If> on a piece of bread.",69,1
207,"Read","emote_sp/sp23","","emote_sp/u_sp23","emote_sp/s_sp23","emote_sp/u_sp23","","",True,True,True,"General","EmoteMode#0",False,True,False,False,False,6070,"/read","ui/icon/246000/246366.tex","<Clickable(<If(Equal(ObjectParameter(1),ObjectParameter(2)))>you<Else/><If(PlayerParameter(7))><SheetEn(ObjStr,2,PlayerParameter(7),1,1)/><Else/>ObjectParameter(2)</If></If>)/> <If(Equal(ObjectParameter(1),ObjectParameter(2)))>read<Else/>reads</If> a verse of <If(Equal(ObjectParameter(1),ObjectParameter(2)))>your<Else/><If(PlayerParameter(7))><If(<Sheet(BNpcName,PlayerParameter(7),6)/>)>her<Else/>his</If><Else/><If(PlayerParameter(5))>her<Else/>his</If></If></If> book to <If(Equal(ObjectParameter(1),ObjectParameter(3)))><If(PlayerParameter(8))><SheetEn(ObjStr,2,PlayerParameter(8),1,1)/><Else/>you</If><Else/><If(PlayerParameter(8))><SheetEn(ObjStr,2,PlayerParameter(8),1,1)/><Else/>ObjectParameter(3)</If></If>.","<Clickable(<If(Equal(ObjectParameter(1),ObjectParameter(2)))>you<Else/><If(PlayerParameter(7))><SheetEn(ObjStr,2,PlayerParameter(7),1,1)/><Else/>ObjectParameter(2)</If></If>)/> <If(Equal(ObjectParameter(1),ObjectParameter(2)))>read<Else/>reads</If> a book.",70,1
208,"Insist","emote/act_emot21","","emote/u_act_emot21","emote/u_act_emot21","emote/u_act_emot21","","",True,True,True,"General","EmoteMode#0",False,True,False,False,False,6021,"/insist","ui/icon/246000/246368.tex","<Clickable(<If(Equal(ObjectParameter(1),ObjectParameter(2)))>you<Else/><If(PlayerParameter(7))><SheetEn(ObjStr,2,PlayerParameter(7),1,1)/><Else/>ObjectParameter(2)</If></If>)/> <If(Equal(ObjectParameter(1),ObjectParameter(2)))>speak<Else/>speaks</If> emphatically to <If(Equal(ObjectParameter(1),ObjectParameter(3)))><If(PlayerParameter(8))><SheetEn(ObjStr,2,PlayerParameter(8),1,1)/><Else/>you</If><Else/><If(PlayerParameter(8))><SheetEn(ObjStr,2,PlayerParameter(8),1,1)/><Else/>ObjectParameter(3)</If></If>.","<Clickable(<If(Equal(ObjectParameter(1),ObjectParameter(2)))>you<Else/><If(PlayerParameter(7))><SheetEn(ObjStr,2,PlayerParameter(7),1,1)/><Else/>ObjectParameter(2)</If></If>)/> <If(Equal(ObjectParameter(1),ObjectParameter(2)))>speak<Else/>speaks</If> emphatically to any who will listen.",71,1
209,"Consider","emote_sp/sp20","","emote_sp/add_sp20","emote_sp/u_sp20","emote_sp/u_sp20","","",True,True,True,"General","EmoteMode#0",False,True,False,False,False,6072,"/consider","ui/icon/246000/246367.tex","The sight of <If(Equal(ObjectParameter(1),ObjectParameter(3)))><If(PlayerParameter(8))><SheetEn(ObjStr,2,PlayerParameter(8),1,1)/><Else/>you</If><Else/><If(PlayerParameter(8))><SheetEn(ObjStr,2,PlayerParameter(8),1,1)/><Else/>ObjectParameter(3)</If></If> springs a question to <If(Equal(ObjectParameter(1),ObjectParameter(2)))>your<Else/><If(Equal(ObjectParameter(1),ObjectParameter(2)))>you<Else/><If(PlayerParameter(7))><SheetEn(ObjStr,2,PlayerParameter(7),1,1)/><Else/>ObjectParameter(2)</If></If>'s</If> mind.","A question springs to <If(Equal(ObjectParameter(1),ObjectParameter(2)))>your<Else/><If(Equal(ObjectParameter(1),ObjectParameter(2)))>you<Else/><If(PlayerParameter(7))><SheetEn(ObjStr,2,PlayerParameter(7),1,1)/><Else/>ObjectParameter(2)</If></If>'s</If> mind.",279,1
210,"Wasshoi","emote_sp/sp24_loop","emote_sp/sp24_start","","","","","",False,False,False,"Special","EmoteMode#56",False,True,False,False,False,10109,"/wasshoi","ui/icon/246000/246369.tex","<Clickable(<If(Equal(ObjectParameter(1),ObjectParameter(2)))>you<Else/><If(PlayerParameter(7))><SheetEn(ObjStr,2,PlayerParameter(7),1,1)/><Else/>ObjectParameter(2)</If></If>)/> <If(Equal(ObjectParameter(1),ObjectParameter(2)))>give<Else/>gives</If> a joyous “wasshoi” to <If(Equal(ObjectParameter(1),ObjectParameter(3)))><If(PlayerParameter(8))><SheetEn(ObjStr,2,PlayerParameter(8),1,1)/><Else/>you</If><Else/><If(PlayerParameter(8))><SheetEn(ObjStr,2,PlayerParameter(8),1,1)/><Else/>ObjectParameter(3)</If></If>.","<Clickable(<If(Equal(ObjectParameter(1),ObjectParameter(2)))>you<Else/><If(PlayerParameter(7))><SheetEn(ObjStr,2,PlayerParameter(7),1,1)/><Else/>ObjectParameter(2)</If></If>)/> <If(Equal(ObjectParameter(1),ObjectParameter(2)))>let out<Else/>lets out</If> a joyous “wasshoi.”",271,1
211,"Flower Shower","emote_sp/sp25","","","","","","",False,False,False,"General","EmoteMode#0",False,True,False,False,False,3105,"/flowershower","ui/icon/246000/246370.tex","<Clickable(<If(Equal(ObjectParameter(1),ObjectParameter(2)))>you<Else/><If(PlayerParameter(7))><SheetEn(ObjStr,2,PlayerParameter(7),1,1)/><Else/>ObjectParameter(2)</If></If>)/> <If(Equal(ObjectParameter(1),ObjectParameter(2)))>shower<Else/>showers</If> <If(Equal(ObjectParameter(1),ObjectParameter(3)))><If(PlayerParameter(8))><SheetEn(ObjStr,2,PlayerParameter(8),1,1)/><Else/>you</If><Else/><If(PlayerParameter(8))><SheetEn(ObjStr,2,PlayerParameter(8),1,1)/><Else/>ObjectParameter(3)</If></If> with flower petals.","<Clickable(<If(Equal(ObjectParameter(1),ObjectParameter(2)))>you<Else/><If(PlayerParameter(7))><SheetEn(ObjStr,2,PlayerParameter(7),1,1)/><Else/>ObjectParameter(2)</If></If>)/> <If(Equal(ObjectParameter(1),ObjectParameter(2)))>toss<Else/>tosses</If> flower petals into the air.",272,1
212,"Flame Dance","emote/dance17_loop","emote/dance17_start","","","","","",False,False,False,"Special","EmoteMode#57",False,True,False,False,False,10110,"/flamedance","ui/icon/246000/246371.tex","<Clickable(<If(Equal(ObjectParameter(1),ObjectParameter(2)))>you<Else/><If(PlayerParameter(7))><SheetEn(ObjStr,2,PlayerParameter(7),1,1)/><Else/>ObjectParameter(2)</If></If>)/> <If(Equal(ObjectParameter(1),ObjectParameter(2)))>perform<Else/>performs</If> the flame dance for <If(Equal(ObjectParameter(1),ObjectParameter(3)))><If(PlayerParameter(8))><SheetEn(ObjStr,2,PlayerParameter(8),1,1)/><Else/>you</If><Else/><If(PlayerParameter(8))><SheetEn(ObjStr,2,PlayerParameter(8),1,1)/><Else/>ObjectParameter(3)</If></If>.","<Clickable(<If(Equal(ObjectParameter(1),ObjectParameter(2)))>you<Else/><If(PlayerParameter(7))><SheetEn(ObjStr,2,PlayerParameter(7),1,1)/><Else/>ObjectParameter(2)</If></If>)/> <If(Equal(ObjectParameter(1),ObjectParameter(2)))>perform<Else/>performs</If> the flame dance.",273,1
213,"High Five","emote/act_emot22","","","","","","",False,False,False,"General","EmoteMode#0",False,True,False,False,False,6101,"/highfive","ui/icon/246000/246372.tex","<Clickable(<If(Equal(ObjectParameter(1),ObjectParameter(2)))>you<Else/><If(PlayerParameter(7))><SheetEn(ObjStr,2,PlayerParameter(7),1,1)/><Else/>ObjectParameter(2)</If></If>)/> <If(Equal(ObjectParameter(1),ObjectParameter(2)))>give<Else/>gives</If> <If(Equal(ObjectParameter(1),ObjectParameter(3)))><If(PlayerParameter(8))><SheetEn(ObjStr,2,PlayerParameter(8),1,1)/><Else/>you</If><Else/><If(PlayerParameter(8))><SheetEn(ObjStr,2,PlayerParameter(8),1,1)/><Else/>ObjectParameter(3)</If></If> a high five.","<Clickable(<If(Equal(ObjectParameter(1),ObjectParameter(2)))>you<Else/><If(PlayerParameter(7))><SheetEn(ObjStr,2,PlayerParameter(7),1,1)/><Else/>ObjectParameter(2)</If></If>)/> <If(Equal(ObjectParameter(1),ObjectParameter(2)))>go<Else/>goes</If> up high.",275,1
214,"Guard","emote/loop_emot25_loop","emote/loop_emot25_start","","","","","",False,False,False,"Special","EmoteMode#58",False,True,False,False,False,11503,"/guard","ui/icon/246000/246373.tex","<Clickable(<If(Equal(ObjectParameter(1),ObjectParameter(2)))>you<Else/><If(PlayerParameter(7))><SheetEn(ObjStr,2,PlayerParameter(7),1,1)/><Else/>ObjectParameter(2)</If></If>)/> <If(Equal(ObjectParameter(1),ObjectParameter(2)))>keep<Else/>keeps</If> a watchful eye over <If(Equal(ObjectParameter(1),ObjectParameter(3)))><If(PlayerParameter(8))><SheetEn(ObjStr,2,PlayerParameter(8),1,1)/><Else/>you</If><Else/><If(PlayerParameter(8))><SheetEn(ObjStr,2,PlayerParameter(8),1,1)/><Else/>ObjectParameter(3)</If></If>.","<Clickable(<If(Equal(ObjectParameter(1),ObjectParameter(2)))>you<Else/><If(PlayerParameter(7))><SheetEn(ObjStr,2,PlayerParameter(7),1,1)/><Else/>ObjectParameter(2)</If></If>)/> <If(Equal(ObjectParameter(1),ObjectParameter(2)))>keep<Else/>keeps</If> a watchful eye over <If(Equal(ObjectParameter(1),ObjectParameter(2)))>your<Else/><If(PlayerParameter(7))><If(<Sheet(BNpcName,PlayerParameter(7),6)/>)>her<Else/>his</If><Else/><If(PlayerParameter(5))>her<Else/>his</If></If></If> surroundings.",276,1
215,"Malevolence","emote/loop_emot26_loop","emote/loop_emot26_start","","","","","",False,False,False,"Special","EmoteMode#59",False,True,False,False,False,11504,"/malevolence","ui/icon/246000/246374.tex","<Clickable(<If(Equal(ObjectParameter(1),ObjectParameter(2)))>you<Else/><If(PlayerParameter(7))><SheetEn(ObjStr,2,PlayerParameter(7),1,1)/><Else/>ObjectParameter(2)</If></If>)/> <If(Equal(ObjectParameter(1),ObjectParameter(2)))>entreat<Else/>entreats</If> dark forces to visit a terrible fate upon <If(Equal(ObjectParameter(1),ObjectParameter(3)))><If(PlayerParameter(8))><SheetEn(ObjStr,2,PlayerParameter(8),1,1)/><Else/>you</If><Else/><If(PlayerParameter(8))><SheetEn(ObjStr,2,PlayerParameter(8),1,1)/><Else/>ObjectParameter(3)</If></If>.","<Clickable(<If(Equal(ObjectParameter(1),ObjectParameter(2)))>you<Else/><If(PlayerParameter(7))><SheetEn(ObjStr,2,PlayerParameter(7),1,1)/><Else/>ObjectParameter(2)</If></If>)/> <If(Equal(ObjectParameter(1),ObjectParameter(2)))>entreat<Else/>entreats</If> dark forces for aid in <If(Equal(ObjectParameter(1),ObjectParameter(2)))>your<Else/><If(PlayerParameter(7))><If(<Sheet(BNpcName,PlayerParameter(7),6)/>)>her<Else/>his</If><Else/><If(PlayerParameter(5))>her<Else/>his</If></If></If> schemes.",277,1
216,"Bee's Knees","emote/dance16_loop","emote/dance16_start","","","","","",False,False,False,"Special","EmoteMode#60",False,True,False,False,False,10111,"/beesknees","ui/icon/246000/246375.tex","<Clickable(<If(Equal(ObjectParameter(1),ObjectParameter(2)))>you<Else/><If(PlayerParameter(7))><SheetEn(ObjStr,2,PlayerParameter(7),1,1)/><Else/>ObjectParameter(2)</If></If>)/> <If(Equal(ObjectParameter(1),ObjectParameter(2)))>perform<Else/>performs</If> the bee's knees dance for <If(Equal(ObjectParameter(1),ObjectParameter(3)))><If(PlayerParameter(8))><SheetEn(ObjStr,2,PlayerParameter(8),1,1)/><Else/>you</If><Else/><If(PlayerParameter(8))><SheetEn(ObjStr,2,PlayerParameter(8),1,1)/><Else/>ObjectParameter(3)</If></If>.","<Clickable(<If(Equal(ObjectParameter(1),ObjectParameter(2)))>you<Else/><If(PlayerParameter(7))><SheetEn(ObjStr,2,PlayerParameter(7),1,1)/><Else/>ObjectParameter(2)</If></If>)/> <If(Equal(ObjectParameter(1),ObjectParameter(2)))>perform<Else/>performs</If> the bee's knees dance.",278,1
217,"Lali Hop","emote/dance18_loop","emote/dance18_start","","","","","",False,False,False,"Special","EmoteMode#61",False,True,False,False,False,10112,"/lalihop","ui/icon/246000/246376.tex","<Clickable(<If(Equal(ObjectParameter(1),ObjectParameter(2)))>you<Else/><If(PlayerParameter(7))><SheetEn(ObjStr,2,PlayerParameter(7),1,1)/><Else/>ObjectParameter(2)</If></If>)/> <If(Equal(ObjectParameter(1),ObjectParameter(2)))>perform<Else/>performs</If> the lali hop for <If(Equal(ObjectParameter(1),ObjectParameter(3)))><If(PlayerParameter(8))><SheetEn(ObjStr,2,PlayerParameter(8),1,1)/><Else/>you</If><Else/><If(PlayerParameter(8))><SheetEn(ObjStr,2,PlayerParameter(8),1,1)/><Else/>ObjectParameter(3)</If></If>.","<Clickable(<If(Equal(ObjectParameter(1),ObjectParameter(2)))>you<Else/><If(PlayerParameter(7))><SheetEn(ObjStr,2,PlayerParameter(7),1,1)/><Else/>ObjectParameter(2)</If></If>)/> <If(Equal(ObjectParameter(1),ObjectParameter(2)))>perform<Else/>performs</If> the lali hop.",274,1
218,"Change Pose","emote/pose05_loop","emote/pose05_start","","","","","",False,False,False,"","EmoteMode#0",False,False,False,False,False,0,"",,"","",0,1
219,"Change Pose","emote/pose06_loop","emote/pose06_start","","","","","",False,False,False,"","EmoteMode#0",False,False,False,False,False,0,"",,"","",0,1
220,"Eat Rice Ball","emote_sp/sp27","","emote_sp/u_sp27","emote_sp/u_sp27","emote_sp/u_sp27","","",True,True,True,"General","EmoteMode#0",False,True,False,False,False,6041,"/eatriceball","ui/icon/246000/246377.tex","<Clickable(<If(Equal(ObjectParameter(1),ObjectParameter(2)))>you<Else/><If(PlayerParameter(7))><SheetEn(ObjStr,2,PlayerParameter(7),1,1)/><Else/>ObjectParameter(2)</If></If>)/> <If(Equal(ObjectParameter(1),ObjectParameter(2)))>snack<Else/>snacks</If> on a rice ball near <If(Equal(ObjectParameter(1),ObjectParameter(3)))><If(PlayerParameter(8))><SheetEn(ObjStr,2,PlayerParameter(8),1,1)/><Else/>you</If><Else/><If(PlayerParameter(8))><SheetEn(ObjStr,2,PlayerParameter(8),1,1)/><Else/>ObjectParameter(3)</If></If>.","<Clickable(<If(Equal(ObjectParameter(1),ObjectParameter(2)))>you<Else/><If(PlayerParameter(7))><SheetEn(ObjStr,2,PlayerParameter(7),1,1)/><Else/>ObjectParameter(2)</If></If>)/> <If(Equal(ObjectParameter(1),ObjectParameter(2)))>snack<Else/>snacks</If> on a rice ball.",414,1
221,"Eat Apple","emote_sp/sp28","","emote_sp/u_sp28","emote_sp/u_sp28","emote_sp/u_sp28","","",True,True,True,"General","EmoteMode#0",False,True,False,False,False,6042,"/eatapple","ui/icon/246000/246378.tex","<Clickable(<If(Equal(ObjectParameter(1),ObjectParameter(2)))>you<Else/><If(PlayerParameter(7))><SheetEn(ObjStr,2,PlayerParameter(7),1,1)/><Else/>ObjectParameter(2)</If></If>)/> <If(Equal(ObjectParameter(1),ObjectParameter(2)))>snack<Else/>snacks</If> on an apple in front of <If(Equal(ObjectParameter(1),ObjectParameter(3)))><If(PlayerParameter(8))><SheetEn(ObjStr,2,PlayerParameter(8),1,1)/><Else/>you</If><Else/><If(PlayerParameter(8))><SheetEn(ObjStr,2,PlayerParameter(8),1,1)/><Else/>ObjectParameter(3)</If></If>.","<Clickable(<If(Equal(ObjectParameter(1),ObjectParameter(2)))>you<Else/><If(PlayerParameter(7))><SheetEn(ObjStr,2,PlayerParameter(7),1,1)/><Else/>ObjectParameter(2)</If></If>)/> <If(Equal(ObjectParameter(1),ObjectParameter(2)))>snack<Else/>snacks</If> on an apple.",415,1
222,"Wring Hands","emote/loop_emot24_loop","emote/loop_emot24_start","","","","","",False,False,False,"Special","EmoteMode#62",False,True,False,False,False,11505,"/wringhands","ui/icon/246000/246379.tex","<Clickable(<If(Equal(ObjectParameter(1),ObjectParameter(2)))>you<Else/><If(PlayerParameter(7))><SheetEn(ObjStr,2,PlayerParameter(7),1,1)/><Else/>ObjectParameter(2)</If></If>)/> <If(Equal(ObjectParameter(1),ObjectParameter(2)))>wring<Else/>wrings</If> <If(Equal(ObjectParameter(1),ObjectParameter(2)))>your<Else/><If(PlayerParameter(7))><If(<Sheet(BNpcName,PlayerParameter(7),6)/>)>her<Else/>his</If><Else/><If(PlayerParameter(5))>her<Else/>his</If></If></If> hands obsequiously before <If(Equal(ObjectParameter(1),ObjectParameter(3)))><If(PlayerParameter(8))><SheetEn(ObjStr,2,PlayerParameter(8),1,1)/><Else/>you</If><Else/><If(PlayerParameter(8))><SheetEn(ObjStr,2,PlayerParameter(8),1,1)/><Else/>ObjectParameter(3)</If></If>.","<Clickable(<If(Equal(ObjectParameter(1),ObjectParameter(2)))>you<Else/><If(PlayerParameter(7))><SheetEn(ObjStr,2,PlayerParameter(7),1,1)/><Else/>ObjectParameter(2)</If></If>)/> <If(Equal(ObjectParameter(1),ObjectParameter(2)))>wring<Else/>wrings</If> <If(Equal(ObjectParameter(1),ObjectParameter(2)))>your<Else/><If(PlayerParameter(7))><If(<Sheet(BNpcName,PlayerParameter(7),6)/>)>her<Else/>his</If><Else/><If(PlayerParameter(5))>her<Else/>his</If></If></If> hands.",416,550
223,"Sweep Up","emote_sp/sp32_loop","emote_sp/sp32_start","","","","","",False,False,False,"Special","EmoteMode#63",False,True,False,False,False,11506,"/sweep","ui/icon/246000/246380.tex","<Clickable(<If(Equal(ObjectParameter(1),ObjectParameter(2)))>you<Else/><If(PlayerParameter(7))><SheetEn(ObjStr,2,PlayerParameter(7),1,1)/><Else/>ObjectParameter(2)</If></If>)/> <If(Equal(ObjectParameter(1),ObjectParameter(2)))>sweep<Else/>sweeps</If> up around <If(Equal(ObjectParameter(1),ObjectParameter(3)))><If(PlayerParameter(8))><SheetEn(ObjStr,2,PlayerParameter(8),1,1)/><Else/>you</If><Else/><If(PlayerParameter(8))><SheetEn(ObjStr,2,PlayerParameter(8),1,1)/><Else/>ObjectParameter(3)</If></If>.","<Clickable(<If(Equal(ObjectParameter(1),ObjectParameter(2)))>you<Else/><If(PlayerParameter(7))><SheetEn(ObjStr,2,PlayerParameter(7),1,1)/><Else/>ObjectParameter(2)</If></If>)/> <If(Equal(ObjectParameter(1),ObjectParameter(2)))>sweep<Else/>sweeps</If> up.",417,1
224,"Paint It Black","emote_sp/sp33","","","","","","",False,False,False,"General","EmoteMode#0",False,True,False,False,False,3106,"/paintblack","ui/icon/246000/246381.tex","<Clickable(<If(Equal(ObjectParameter(1),ObjectParameter(2)))>you<Else/><If(PlayerParameter(7))><SheetEn(ObjStr,2,PlayerParameter(7),1,1)/><Else/>ObjectParameter(2)</If></If>)/> <If(Equal(ObjectParameter(1),ObjectParameter(2)))>paint<Else/>paints</If> a swath of black on the floor by <If(Equal(ObjectParameter(1),ObjectParameter(3)))><If(PlayerParameter(8))><SheetEn(ObjStr,2,PlayerParameter(8),1,1)/><Else/>you</If><Else/><If(PlayerParameter(8))><SheetEn(ObjStr,2,PlayerParameter(8),1,1)/><Else/>ObjectParameter(3)</If></If>.","<Clickable(<If(Equal(ObjectParameter(1),ObjectParameter(2)))>you<Else/><If(PlayerParameter(7))><SheetEn(ObjStr,2,PlayerParameter(7),1,1)/><Else/>ObjectParameter(2)</If></If>)/> <If(Equal(ObjectParameter(1),ObjectParameter(2)))>paint<Else/>paints</If> a swath of black at <If(Equal(ObjectParameter(1),ObjectParameter(2)))>your<Else/><If(PlayerParameter(7))><If(<Sheet(BNpcName,PlayerParameter(7),6)/>)>her<Else/>his</If><Else/><If(PlayerParameter(5))>her<Else/>his</If></If></If> feet.",418,1
225,"Paint It Red","emote_sp/sp34","","","","","","",False,False,False,"General","EmoteMode#0",False,True,False,False,False,3107,"/paintred","ui/icon/246000/246382.tex","<Clickable(<If(Equal(ObjectParameter(1),ObjectParameter(2)))>you<Else/><If(PlayerParameter(7))><SheetEn(ObjStr,2,PlayerParameter(7),1,1)/><Else/>ObjectParameter(2)</If></If>)/> <If(Equal(ObjectParameter(1),ObjectParameter(2)))>paint<Else/>paints</If> a swath of red on the floor by <If(Equal(ObjectParameter(1),ObjectParameter(3)))><If(PlayerParameter(8))><SheetEn(ObjStr,2,PlayerParameter(8),1,1)/><Else/>you</If><Else/><If(PlayerParameter(8))><SheetEn(ObjStr,2,PlayerParameter(8),1,1)/><Else/>ObjectParameter(3)</If></If>.","<Clickable(<If(Equal(ObjectParameter(1),ObjectParameter(2)))>you<Else/><If(PlayerParameter(7))><SheetEn(ObjStr,2,PlayerParameter(7),1,1)/><Else/>ObjectParameter(2)</If></If>)/> <If(Equal(ObjectParameter(1),ObjectParameter(2)))>paint<Else/>paints</If> a swath of red at <If(Equal(ObjectParameter(1),ObjectParameter(2)))>your<Else/><If(PlayerParameter(7))><If(<Sheet(BNpcName,PlayerParameter(7),6)/>)>her<Else/>his</If><Else/><If(PlayerParameter(5))>her<Else/>his</If></If></If> feet.",418,1
226,"Paint It Yellow","emote_sp/sp35","","","","","","",False,False,False,"General","EmoteMode#0",False,True,False,False,False,3108,"/paintyellow","ui/icon/246000/246383.tex","<Clickable(<If(Equal(ObjectParameter(1),ObjectParameter(2)))>you<Else/><If(PlayerParameter(7))><SheetEn(ObjStr,2,PlayerParameter(7),1,1)/><Else/>ObjectParameter(2)</If></If>)/> <If(Equal(ObjectParameter(1),ObjectParameter(2)))>paint<Else/>paints</If> a swath of yellow on the floor by <If(Equal(ObjectParameter(1),ObjectParameter(3)))><If(PlayerParameter(8))><SheetEn(ObjStr,2,PlayerParameter(8),1,1)/><Else/>you</If><Else/><If(PlayerParameter(8))><SheetEn(ObjStr,2,PlayerParameter(8),1,1)/><Else/>ObjectParameter(3)</If></If>.","<Clickable(<If(Equal(ObjectParameter(1),ObjectParameter(2)))>you<Else/><If(PlayerParameter(7))><SheetEn(ObjStr,2,PlayerParameter(7),1,1)/><Else/>ObjectParameter(2)</If></If>)/> <If(Equal(ObjectParameter(1),ObjectParameter(2)))>paint<Else/>paints</If> a swath of yellow at <If(Equal(ObjectParameter(1),ObjectParameter(2)))>your<Else/><If(PlayerParameter(7))><If(<Sheet(BNpcName,PlayerParameter(7),6)/>)>her<Else/>his</If><Else/><If(PlayerParameter(5))>her<Else/>his</If></If></If> feet.",418,1
227,"Paint It Blue","emote_sp/sp36","","","","","","",False,False,False,"General","EmoteMode#0",False,True,False,False,False,3109,"/paintblue","ui/icon/246000/246384.tex","<Clickable(<If(Equal(ObjectParameter(1),ObjectParameter(2)))>you<Else/><If(PlayerParameter(7))><SheetEn(ObjStr,2,PlayerParameter(7),1,1)/><Else/>ObjectParameter(2)</If></If>)/> <If(Equal(ObjectParameter(1),ObjectParameter(2)))>paint<Else/>paints</If> a swath of blue on the floor by <If(Equal(ObjectParameter(1),ObjectParameter(3)))><If(PlayerParameter(8))><SheetEn(ObjStr,2,PlayerParameter(8),1,1)/><Else/>you</If><Else/><If(PlayerParameter(8))><SheetEn(ObjStr,2,PlayerParameter(8),1,1)/><Else/>ObjectParameter(3)</If></If>.","<Clickable(<If(Equal(ObjectParameter(1),ObjectParameter(2)))>you<Else/><If(PlayerParameter(7))><SheetEn(ObjStr,2,PlayerParameter(7),1,1)/><Else/>ObjectParameter(2)</If></If>)/> <If(Equal(ObjectParameter(1),ObjectParameter(2)))>paint<Else/>paints</If> a swath of blue at <If(Equal(ObjectParameter(1),ObjectParameter(2)))>your<Else/><If(PlayerParameter(7))><If(<Sheet(BNpcName,PlayerParameter(7),6)/>)>her<Else/>his</If><Else/><If(PlayerParameter(5))>her<Else/>his</If></If></If> feet.",418,1
228,"Fake Smile","facial/pose/bizsmile","","facial/pose/bizsmile","facial/pose/bizsmile","facial/pose/bizsmile","facial/pose/bizsmile","",True,True,True,"Expressions","EmoteMode#0",False,False,False,False,False,20029,"/fakesmile","ui/icon/246000/246132.tex","<Clickable(<If(Equal(ObjectParameter(1),ObjectParameter(2)))>you<Else/><If(PlayerParameter(7))><SheetEn(ObjStr,2,PlayerParameter(7),1,1)/><Else/>ObjectParameter(2)</If></If>)/> <If(Equal(ObjectParameter(1),ObjectParameter(2)))>force<Else/>forces</If> a smile for <If(Equal(ObjectParameter(1),ObjectParameter(3)))><If(PlayerParameter(8))><SheetEn(ObjStr,2,PlayerParameter(8),1,1)/><Else/>you</If><Else/><If(PlayerParameter(8))><SheetEn(ObjStr,2,PlayerParameter(8),1,1)/><Else/>ObjectParameter(3)</If></If>.","<Clickable(<If(Equal(ObjectParameter(1),ObjectParameter(2)))>you<Else/><If(PlayerParameter(7))><SheetEn(ObjStr,2,PlayerParameter(7),1,1)/><Else/>ObjectParameter(2)</If></If>)/> <If(Equal(ObjectParameter(1),ObjectParameter(2)))>force<Else/>forces</If> a smile.",0,1
229,"Pantomime","emote/act_emot24","","","","","","",False,False,False,"General","EmoteMode#0",False,True,False,False,False,6102,"/pantomime","ui/icon/246000/246385.tex","<Clickable(<If(Equal(ObjectParameter(1),ObjectParameter(2)))>you<Else/><If(PlayerParameter(7))><SheetEn(ObjStr,2,PlayerParameter(7),1,1)/><Else/>ObjectParameter(2)</If></If>)/> <If(Equal(ObjectParameter(1),ObjectParameter(2)))>perform<Else/>performs</If> a pantomime for <If(Equal(ObjectParameter(1),ObjectParameter(3)))><If(PlayerParameter(8))><SheetEn(ObjStr,2,PlayerParameter(8),1,1)/><Else/>you</If><Else/><If(PlayerParameter(8))><SheetEn(ObjStr,2,PlayerParameter(8),1,1)/><Else/>ObjectParameter(3)</If></If>.","<Clickable(<If(Equal(ObjectParameter(1),ObjectParameter(2)))>you<Else/><If(PlayerParameter(7))><SheetEn(ObjStr,2,PlayerParameter(7),1,1)/><Else/>ObjectParameter(2)</If></If>)/> <If(Equal(ObjectParameter(1),ObjectParameter(2)))>perform<Else/>performs</If> a pantomime.",237,550
230,"Vexed","emote_sp/sp37","","emote_sp/add_sp37","emote_sp/u_sp37","emote_sp/u_sp37","","",True,True,True,"General","EmoteMode#0",False,True,False,False,False,5025,"/vexed","ui/icon/246000/246386.tex","<Clickable(<If(Equal(ObjectParameter(1),ObjectParameter(2)))>you<Else/><If(PlayerParameter(7))><SheetEn(ObjStr,2,PlayerParameter(7),1,1)/><Else/>ObjectParameter(2)</If></If>)/> <If(Equal(ObjectParameter(1),ObjectParameter(2)))>are<Else/>is</If> visibly infuriated by <If(Equal(ObjectParameter(1),ObjectParameter(3)))><If(PlayerParameter(8))><SheetEn(ObjStr,2,PlayerParameter(8),1,1)/><Else/>you</If><Else/><If(PlayerParameter(8))><SheetEn(ObjStr,2,PlayerParameter(8),1,1)/><Else/>ObjectParameter(3)</If></If>.","<Clickable(<If(Equal(ObjectParameter(1),ObjectParameter(2)))>you<Else/><If(PlayerParameter(7))><SheetEn(ObjStr,2,PlayerParameter(7),1,1)/><Else/>ObjectParameter(2)</If></If>)/> <If(Equal(ObjectParameter(1),ObjectParameter(2)))>are<Else/>is</If> visibly infuriated.",238,550
231,"Shush","emote/act_emot23","","emote/u_act_emot23","emote/u_act_emot23","emote/u_act_emot23","","",True,True,True,"General","EmoteMode#0",False,True,False,False,False,6008,"/shush","ui/icon/246000/246387.tex","<Clickable(<If(Equal(ObjectParameter(1),ObjectParameter(2)))>you<Else/><If(PlayerParameter(7))><SheetEn(ObjStr,2,PlayerParameter(7),1,1)/><Else/>ObjectParameter(2)</If></If>)/> <If(Equal(ObjectParameter(1),ObjectParameter(2)))>gesture<Else/>gestures</If> for <If(Equal(ObjectParameter(1),ObjectParameter(3)))><If(PlayerParameter(8))><SheetEn(ObjStr,2,PlayerParameter(8),1,1)/><Else/>you</If><Else/><If(PlayerParameter(8))><SheetEn(ObjStr,2,PlayerParameter(8),1,1)/><Else/>ObjectParameter(3)</If></If> to be quiet.","<Clickable(<If(Equal(ObjectParameter(1),ObjectParameter(2)))>you<Else/><If(PlayerParameter(7))><SheetEn(ObjStr,2,PlayerParameter(7),1,1)/><Else/>ObjectParameter(2)</If></If>)/> <If(Equal(ObjectParameter(1),ObjectParameter(2)))>request<Else/>requests</If> silence.",69602,550
232,"Eat Pizza","emote_sp/sp38","","emote_sp/u_sp38","emote_sp/u_sp38","emote_sp/u_sp38","","",True,True,True,"General","EmoteMode#0",False,True,False,False,False,6043,"/eatpizza","ui/icon/246000/246388.tex","<Clickable(<If(Equal(ObjectParameter(1),ObjectParameter(2)))>you<Else/><If(PlayerParameter(7))><SheetEn(ObjStr,2,PlayerParameter(7),1,1)/><Else/>ObjectParameter(2)</If></If>)/> <If(Equal(ObjectParameter(1),ObjectParameter(2)))>snack<Else/>snacks</If> on a slice of pizza in front of <If(Equal(ObjectParameter(1),ObjectParameter(3)))><If(PlayerParameter(8))><SheetEn(ObjStr,2,PlayerParameter(8),1,1)/><Else/>you</If><Else/><If(PlayerParameter(8))><SheetEn(ObjStr,2,PlayerParameter(8),1,1)/><Else/>ObjectParameter(3)</If></If>.","<Clickable(<If(Equal(ObjectParameter(1),ObjectParameter(2)))>you<Else/><If(PlayerParameter(7))><SheetEn(ObjStr,2,PlayerParameter(7),1,1)/><Else/>ObjectParameter(2)</If></If>)/> <If(Equal(ObjectParameter(1),ObjectParameter(2)))>snack<Else/>snacks</If> on a slice of pizza.",240,550
233,"Clutch Head","emote/act_emot25","","emote/u_act_emot25","emote/u_act_emot25","emote/u_act_emot25","","",True,True,True,"General","EmoteMode#0",False,True,False,False,False,5022,"/clutchhead","ui/icon/246000/246391.tex","<Clickable(<If(Equal(ObjectParameter(1),ObjectParameter(2)))>you<Else/><If(PlayerParameter(7))><SheetEn(ObjStr,2,PlayerParameter(7),1,1)/><Else/>ObjectParameter(2)</If></If>)/> <If(Equal(ObjectParameter(1),ObjectParameter(2)))>clutch<Else/>clutches</If> <If(Equal(ObjectParameter(1),ObjectParameter(2)))>your<Else/><If(PlayerParameter(7))><If(<Sheet(BNpcName,PlayerParameter(7),6)/>)>her<Else/>his</If><Else/><If(PlayerParameter(5))>her<Else/>his</If></If></If> head dramatically before <If(Equal(ObjectParameter(1),ObjectParameter(3)))><If(PlayerParameter(8))><SheetEn(ObjStr,2,PlayerParameter(8),1,1)/><Else/>you</If><Else/><If(PlayerParameter(8))><SheetEn(ObjStr,2,PlayerParameter(8),1,1)/><Else/>ObjectParameter(3)</If></If>.","<Clickable(<If(Equal(ObjectParameter(1),ObjectParameter(2)))>you<Else/><If(PlayerParameter(7))><SheetEn(ObjStr,2,PlayerParameter(7),1,1)/><Else/>ObjectParameter(2)</If></If>)/> <If(Equal(ObjectParameter(1),ObjectParameter(2)))>clutch<Else/>clutches</If> <If(Equal(ObjectParameter(1),ObjectParameter(2)))>your<Else/><If(PlayerParameter(7))><If(<Sheet(BNpcName,PlayerParameter(7),6)/>)>her<Else/>his</If><Else/><If(PlayerParameter(5))>her<Else/>his</If></If></If> head.",0,610
234,"Eat Chocolate","emote_sp/sp30","","emote_sp/u_sp30","emote_sp/u_sp30","emote_sp/u_sp30","","",True,True,True,"General","EmoteMode#0",False,True,False,False,False,6046,"/eatchocolate","ui/icon/246000/246390.tex","<Clickable(<If(Equal(ObjectParameter(1),ObjectParameter(2)))>you<Else/><If(PlayerParameter(7))><SheetEn(ObjStr,2,PlayerParameter(7),1,1)/><Else/>ObjectParameter(2)</If></If>)/> <If(Equal(ObjectParameter(1),ObjectParameter(2)))>snack<Else/>snacks</If> on Valentione's chocolate in front of <If(Equal(ObjectParameter(1),ObjectParameter(3)))><If(PlayerParameter(8))><SheetEn(ObjStr,2,PlayerParameter(8),1,1)/><Else/>you</If><Else/><If(PlayerParameter(8))><SheetEn(ObjStr,2,PlayerParameter(8),1,1)/><Else/>ObjectParameter(3)</If></If>.","<Clickable(<If(Equal(ObjectParameter(1),ObjectParameter(2)))>you<Else/><If(PlayerParameter(7))><SheetEn(ObjStr,2,PlayerParameter(7),1,1)/><Else/>ObjectParameter(2)</If></If>)/> <If(Equal(ObjectParameter(1),ObjectParameter(2)))>snack<Else/>snacks</If> on Valentione's chocolate.",428,620
235,"Eat Egg","emote_sp/sp31","","emote_sp/u_sp31","emote_sp/u_sp31","emote_sp/u_sp31","","",True,True,True,"General","EmoteMode#0",False,True,False,False,False,6044,"/eategg","ui/icon/246000/246392.tex","<Clickable(<If(Equal(ObjectParameter(1),ObjectParameter(2)))>you<Else/><If(PlayerParameter(7))><SheetEn(ObjStr,2,PlayerParameter(7),1,1)/><Else/>ObjectParameter(2)</If></If>)/> <If(Equal(ObjectParameter(1),ObjectParameter(2)))>snack<Else/>snacks</If> on a boiled egg in front of <If(Equal(ObjectParameter(1),ObjectParameter(3)))><If(PlayerParameter(8))><SheetEn(ObjStr,2,PlayerParameter(8),1,1)/><Else/>you</If><Else/><If(PlayerParameter(8))><SheetEn(ObjStr,2,PlayerParameter(8),1,1)/><Else/>ObjectParameter(3)</If></If>.","<Clickable(<If(Equal(ObjectParameter(1),ObjectParameter(2)))>you<Else/><If(PlayerParameter(7))><SheetEn(ObjStr,2,PlayerParameter(7),1,1)/><Else/>ObjectParameter(2)</If></If>)/> <If(Equal(ObjectParameter(1),ObjectParameter(2)))>snack<Else/>snacks</If> on a boiled egg.",429,610
236,"Content","facial/pose/happysmile","","facial/pose/happysmile","facial/pose/happysmile","facial/pose/happysmile","facial/pose/happysmile","",True,True,True,"Expressions","EmoteMode#0",False,False,False,False,False,20006,"/content","ui/icon/246000/246133.tex","<Clickable(<If(Equal(ObjectParameter(1),ObjectParameter(2)))>you<Else/><If(PlayerParameter(7))><SheetEn(ObjStr,2,PlayerParameter(7),1,1)/><Else/>ObjectParameter(2)</If></If>)/> <If(Equal(ObjectParameter(1),ObjectParameter(2)))>smile<Else/>smiles</If> in warm satisfaction before <If(Equal(ObjectParameter(1),ObjectParameter(3)))><If(PlayerParameter(8))><SheetEn(ObjStr,2,PlayerParameter(8),1,1)/><Else/>you</If><Else/><If(PlayerParameter(8))><SheetEn(ObjStr,2,PlayerParameter(8),1,1)/><Else/>ObjectParameter(3)</If></If>.","<Clickable(<If(Equal(ObjectParameter(1),ObjectParameter(2)))>you<Else/><If(PlayerParameter(7))><SheetEn(ObjStr,2,PlayerParameter(7),1,1)/><Else/>ObjectParameter(2)</If></If>)/> <If(Equal(ObjectParameter(1),ObjectParameter(2)))>smile<Else/>smiles</If> in warm satisfaction.",0,610
237,"Sheathe Weapon","event/event_bt_deactive","","","","","","",True,True,True,"General","EmoteMode#0",False,True,False,False,True,8001,"/sheathe","ui/icon/246000/246397.tex","<Clickable(<If(Equal(ObjectParameter(1),ObjectParameter(2)))>you<Else/><If(PlayerParameter(7))><SheetEn(ObjStr,2,PlayerParameter(7),1,1)/><Else/>ObjectParameter(2)</If></If>)/> <If(Equal(ObjectParameter(1),ObjectParameter(2)))>sheathe<Else/>sheathes</If> <If(Equal(ObjectParameter(1),ObjectParameter(2)))>your<Else/><If(PlayerParameter(7))><If(<Sheet(BNpcName,PlayerParameter(7),6)/>)>her<Else/>his</If><Else/><If(PlayerParameter(5))>her<Else/>his</If></If></If> weapon before <If(Equal(ObjectParameter(1),ObjectParameter(3)))><If(PlayerParameter(8))><SheetEn(ObjStr,2,PlayerParameter(8),1,1)/><Else/>you</If><Else/><If(PlayerParameter(8))><SheetEn(ObjStr,2,PlayerParameter(8),1,1)/><Else/>ObjectParameter(3)</If></If>.","<Clickable(<If(Equal(ObjectParameter(1),ObjectParameter(2)))>you<Else/><If(PlayerParameter(7))><SheetEn(ObjStr,2,PlayerParameter(7),1,1)/><Else/>ObjectParameter(2)</If></If>)/> <If(Equal(ObjectParameter(1),ObjectParameter(2)))>sheathe<Else/>sheathes</If> <If(Equal(ObjectParameter(1),ObjectParameter(2)))>your<Else/><If(PlayerParameter(7))><If(<Sheet(BNpcName,PlayerParameter(7),6)/>)>her<Else/>his</If><Else/><If(PlayerParameter(5))>her<Else/>his</If></If></If> weapon.",430,610
238,"Draw Weapon","event/event_bt_active","","","","","","",True,True,True,"General","EmoteMode#0",False,True,False,True,False,8000,"/draw","ui/icon/246000/246398.tex","<Clickable(<If(Equal(ObjectParameter(1),ObjectParameter(2)))>you<Else/><If(PlayerParameter(7))><SheetEn(ObjStr,2,PlayerParameter(7),1,1)/><Else/>ObjectParameter(2)</If></If>)/> <If(Equal(ObjectParameter(1),ObjectParameter(2)))>draw<Else/>draws</If> <If(Equal(ObjectParameter(1),ObjectParameter(2)))>your<Else/><If(PlayerParameter(7))><If(<Sheet(BNpcName,PlayerParameter(7),6)/>)>her<Else/>his</If><Else/><If(PlayerParameter(5))>her<Else/>his</If></If></If> weapon before <If(Equal(ObjectParameter(1),ObjectParameter(3)))><If(PlayerParameter(8))><SheetEn(ObjStr,2,PlayerParameter(8),1,1)/><Else/>you</If><Else/><If(PlayerParameter(8))><SheetEn(ObjStr,2,PlayerParameter(8),1,1)/><Else/>ObjectParameter(3)</If></If>.","<Clickable(<If(Equal(ObjectParameter(1),ObjectParameter(2)))>you<Else/><If(PlayerParameter(7))><SheetEn(ObjStr,2,PlayerParameter(7),1,1)/><Else/>ObjectParameter(2)</If></If>)/> <If(Equal(ObjectParameter(1),ObjectParameter(2)))>draw<Else/>draws</If> <If(Equal(ObjectParameter(1),ObjectParameter(2)))>your<Else/><If(PlayerParameter(7))><If(<Sheet(BNpcName,PlayerParameter(7),6)/>)>her<Else/>his</If><Else/><If(PlayerParameter(5))>her<Else/>his</If></If></If> weapon.",431,610
239,"Drink Tea","emote_sp/sp39","","emote_sp/u_sp39","emote_sp/u_sp39","emote_sp/u_sp39","","",True,True,True,"General","EmoteMode#0",False,True,False,False,False,6048,"/tea","ui/icon/246000/246393.tex","<Clickable(<If(Equal(ObjectParameter(1),ObjectParameter(2)))>you<Else/><If(PlayerParameter(7))><SheetEn(ObjStr,2,PlayerParameter(7),1,1)/><Else/>ObjectParameter(2)</If></If>)/> <If(Equal(ObjectParameter(1),ObjectParameter(2)))>sip<Else/>sips</If> tea serenely in front of <If(Equal(ObjectParameter(1),ObjectParameter(3)))><If(PlayerParameter(8))><SheetEn(ObjStr,2,PlayerParameter(8),1,1)/><Else/>you</If><Else/><If(PlayerParameter(8))><SheetEn(ObjStr,2,PlayerParameter(8),1,1)/><Else/>ObjectParameter(3)</If></If>.","<Clickable(<If(Equal(ObjectParameter(1),ObjectParameter(2)))>you<Else/><If(PlayerParameter(7))><SheetEn(ObjStr,2,PlayerParameter(7),1,1)/><Else/>ObjectParameter(2)</If></If>)/> <If(Equal(ObjectParameter(1),ObjectParameter(2)))>sip<Else/>sips</If> tea serenely.",433,610
240,"Determined","emote/act_emot26","","emote/u_act_emot26","emote/u_act_emot26","emote/u_act_emot26","","",True,True,True,"General","EmoteMode#0",False,True,False,False,False,2005,"/determined","ui/icon/246000/246394.tex","<Clickable(<If(Equal(ObjectParameter(1),ObjectParameter(2)))>you<Else/><If(PlayerParameter(7))><SheetEn(ObjStr,2,PlayerParameter(7),1,1)/><Else/>ObjectParameter(2)</If></If>)/> <If(Equal(ObjectParameter(1),ObjectParameter(2)))>make<Else/>makes</If> a show of <If(Equal(ObjectParameter(1),ObjectParameter(2)))>your<Else/><If(PlayerParameter(7))><If(<Sheet(BNpcName,PlayerParameter(7),6)/>)>her<Else/>his</If><Else/><If(PlayerParameter(5))>her<Else/>his</If></If></If> resolve before <If(Equal(ObjectParameter(1),ObjectParameter(3)))><If(PlayerParameter(8))><SheetEn(ObjStr,2,PlayerParameter(8),1,1)/><Else/>you</If><Else/><If(PlayerParameter(8))><SheetEn(ObjStr,2,PlayerParameter(8),1,1)/><Else/>ObjectParameter(3)</If></If>.","<Clickable(<If(Equal(ObjectParameter(1),ObjectParameter(2)))>you<Else/><If(PlayerParameter(7))><SheetEn(ObjStr,2,PlayerParameter(7),1,1)/><Else/>ObjectParameter(2)</If></If>)/> <If(Equal(ObjectParameter(1),ObjectParameter(2)))>make<Else/>makes</If> a show of <If(Equal(ObjectParameter(1),ObjectParameter(2)))>your<Else/><If(PlayerParameter(7))><If(<Sheet(BNpcName,PlayerParameter(7),6)/>)>her<Else/>his</If><Else/><If(PlayerParameter(5))>her<Else/>his</If></If></If> resolve.",432,610
241,"Show Right","emote_sp/sp40_loop","emote_sp/sp40_start","","","","","",False,False,False,"Special","EmoteMode#64",False,True,False,False,False,11507,"/showright","ui/icon/246000/246395.tex","<Clickable(<If(Equal(ObjectParameter(1),ObjectParameter(2)))>you<Else/><If(PlayerParameter(7))><SheetEn(ObjStr,2,PlayerParameter(7),1,1)/><Else/>ObjectParameter(2)</If></If>)/> <If(Equal(ObjectParameter(1),ObjectParameter(2)))>appeal<Else/>appeals</If> to <If(Equal(ObjectParameter(1),ObjectParameter(3)))><If(PlayerParameter(8))><SheetEn(ObjStr,2,PlayerParameter(8),1,1)/><Else/>you</If><Else/><If(PlayerParameter(8))><SheetEn(ObjStr,2,PlayerParameter(8),1,1)/><Else/>ObjectParameter(3)</If></If> with a flourish.","<Clickable(<If(Equal(ObjectParameter(1),ObjectParameter(2)))>you<Else/><If(PlayerParameter(7))><SheetEn(ObjStr,2,PlayerParameter(7),1,1)/><Else/>ObjectParameter(2)</If></If>)/> <If(Equal(ObjectParameter(1),ObjectParameter(2)))>appeal<Else/>appeals</If> to <If(Equal(ObjectParameter(1),ObjectParameter(2)))>your<Else/><If(PlayerParameter(7))><If(<Sheet(BNpcName,PlayerParameter(7),6)/>)>her<Else/>his</If><Else/><If(PlayerParameter(5))>her<Else/>his</If></If></If> audience with a flourish.",434,610
242,"Show Left","emote_sp/sp41_loop","emote_sp/sp41_start","","","","","",False,False,False,"Special","EmoteMode#65",False,True,False,False,False,11508,"/showleft","ui/icon/246000/246396.tex","<Clickable(<If(Equal(ObjectParameter(1),ObjectParameter(2)))>you<Else/><If(PlayerParameter(7))><SheetEn(ObjStr,2,PlayerParameter(7),1,1)/><Else/>ObjectParameter(2)</If></If>)/> <If(Equal(ObjectParameter(1),ObjectParameter(2)))>appeal<Else/>appeals</If> to <If(Equal(ObjectParameter(1),ObjectParameter(3)))><If(PlayerParameter(8))><SheetEn(ObjStr,2,PlayerParameter(8),1,1)/><Else/>you</If><Else/><If(PlayerParameter(8))><SheetEn(ObjStr,2,PlayerParameter(8),1,1)/><Else/>ObjectParameter(3)</If></If> with a flourish.","<Clickable(<If(Equal(ObjectParameter(1),ObjectParameter(2)))>you<Else/><If(PlayerParameter(7))><SheetEn(ObjStr,2,PlayerParameter(7),1,1)/><Else/>ObjectParameter(2)</If></If>)/> <If(Equal(ObjectParameter(1),ObjectParameter(2)))>appeal<Else/>appeals</If> to <If(Equal(ObjectParameter(1),ObjectParameter(2)))>your<Else/><If(PlayerParameter(7))><If(<Sheet(BNpcName,PlayerParameter(7),6)/>)>her<Else/>his</If><Else/><If(PlayerParameter(5))>her<Else/>his</If></If></If> audience with a flourish.",434,610
243,"","ornament_sp/m6001/onm_pose01_loop","ornament_sp/m6001/onm_pose01_start","","","","","",False,False,False,"","EmoteMode#0",False,False,False,False,False,0,"",,"","",0,1
244,"","ornament_sp/m6001/onm_pose02_loop","ornament_sp/m6001/onm_pose02_start","","","","","",False,False,False,"","EmoteMode#0",False,False,False,False,False,0,"",,"","",0,1
245,"Deride","emote/act_emot27","","","","","","",False,False,False,"General","EmoteMode#0",False,True,False,False,False,5011,"/deride","ui/icon/246000/246399.tex","<Clickable(<If(Equal(ObjectParameter(1),ObjectParameter(2)))>you<Else/><If(PlayerParameter(7))><SheetEn(ObjStr,2,PlayerParameter(7),1,1)/><Else/>ObjectParameter(2)</If></If>)/> <If(Equal(ObjectParameter(1),ObjectParameter(2)))>bare<Else/>bares</If> <If(Equal(ObjectParameter(1),ObjectParameter(2)))>your<Else/><If(PlayerParameter(7))><If(<Sheet(BNpcName,PlayerParameter(7),6)/>)>her<Else/>his</If><Else/><If(PlayerParameter(5))>her<Else/>his</If></If></If> teeth derisively at <If(Equal(ObjectParameter(1),ObjectParameter(3)))><If(PlayerParameter(8))><SheetEn(ObjStr,2,PlayerParameter(8),1,1)/><Else/>you</If><Else/><If(PlayerParameter(8))><SheetEn(ObjStr,2,PlayerParameter(8),1,1)/><Else/>ObjectParameter(3)</If></If>.","<Clickable(<If(Equal(ObjectParameter(1),ObjectParameter(2)))>you<Else/><If(PlayerParameter(7))><SheetEn(ObjStr,2,PlayerParameter(7),1,1)/><Else/>ObjectParameter(2)</If></If>)/> <If(Equal(ObjectParameter(1),ObjectParameter(2)))>bare<Else/>bares</If> <If(Equal(ObjectParameter(1),ObjectParameter(2)))>your<Else/><If(PlayerParameter(7))><If(<Sheet(BNpcName,PlayerParameter(7),6)/>)>her<Else/>his</If><Else/><If(PlayerParameter(5))>her<Else/>his</If></If></If> teeth derisively.",437,620
246,"Wow","emote_sp/sp42","","emote_sp/u_sp42","emote_sp/u_sp42","emote_sp/u_sp42","","",True,True,True,"General","EmoteMode#0",False,True,False,False,False,3005,"/wow","ui/icon/246000/246400.tex","<Clickable(<If(Equal(ObjectParameter(1),ObjectParameter(2)))>Your<Else/><If(Equal(ObjectParameter(1),ObjectParameter(2)))>you<Else/><If(PlayerParameter(7))><SheetEn(ObjStr,2,PlayerParameter(7),1,1)/><Else/>ObjectParameter(2)</If></If>'s</If>)/> eyes sparkle in amazement at <If(Equal(ObjectParameter(1),ObjectParameter(3)))><If(PlayerParameter(8))><SheetEn(ObjStr,2,PlayerParameter(8),1,1)/><Else/>you</If><Else/><If(PlayerParameter(8))><SheetEn(ObjStr,2,PlayerParameter(8),1,1)/><Else/>ObjectParameter(3)</If></If>.","<Clickable(<If(Equal(ObjectParameter(1),ObjectParameter(2)))>Your<Else/><If(Equal(ObjectParameter(1),ObjectParameter(2)))>you<Else/><If(PlayerParameter(7))><SheetEn(ObjStr,2,PlayerParameter(7),1,1)/><Else/>ObjectParameter(2)</If></If>'s</If>)/> eyes sparkle in amazement.",438,625
247,"Eat Pumpkin Cookie","emote_sp/sp29","","emote_sp/u_sp29","emote_sp/u_sp29","emote_sp/u_sp29","","",True,True,True,"General","EmoteMode#0",False,True,False,False,False,6045,"/eatpumpkincookie","ui/icon/246000/246389.tex","<Clickable(<If(Equal(ObjectParameter(1),ObjectParameter(2)))>you<Else/><If(PlayerParameter(7))><SheetEn(ObjStr,2,PlayerParameter(7),1,1)/><Else/>ObjectParameter(2)</If></If>)/> <If(Equal(ObjectParameter(1),ObjectParameter(2)))>snack<Else/>snacks</If> on a pumpkin cookie in front of <If(Equal(ObjectParameter(1),ObjectParameter(3)))><If(PlayerParameter(8))><SheetEn(ObjStr,2,PlayerParameter(8),1,1)/><Else/>you</If><Else/><If(PlayerParameter(8))><SheetEn(ObjStr,2,PlayerParameter(8),1,1)/><Else/>ObjectParameter(3)</If></If>.","<Clickable(<If(Equal(ObjectParameter(1),ObjectParameter(2)))>you<Else/><If(PlayerParameter(7))><SheetEn(ObjStr,2,PlayerParameter(7),1,1)/><Else/>ObjectParameter(2)</If></If>)/> <If(Equal(ObjectParameter(1),ObjectParameter(2)))>snack<Else/>snacks</If> on a pumpkin cookie.",439,620
248,"Spirit","emote/loop_emot27_loop","emote/loop_emot27_start","","","","","",False,False,False,"Special","EmoteMode#66",False,True,False,False,False,11509,"/spirit","ui/icon/246000/246401.tex","<Clickable(<If(Equal(ObjectParameter(1),ObjectParameter(2)))>you<Else/><If(PlayerParameter(7))><SheetEn(ObjStr,2,PlayerParameter(7),1,1)/><Else/>ObjectParameter(2)</If></If>)/> <If(Equal(ObjectParameter(1),ObjectParameter(2)))>show<Else/>shows</If> <If(Equal(ObjectParameter(1),ObjectParameter(3)))><If(PlayerParameter(8))><SheetEn(ObjStr,2,PlayerParameter(8),1,1)/><Else/>you</If><Else/><If(PlayerParameter(8))><SheetEn(ObjStr,2,PlayerParameter(8),1,1)/><Else/>ObjectParameter(3)</If></If> <If(Equal(ObjectParameter(1),ObjectParameter(2)))>your<Else/><If(PlayerParameter(7))><If(<Sheet(BNpcName,PlayerParameter(7),6)/>)>her<Else/>his</If><Else/><If(PlayerParameter(5))>her<Else/>his</If></If></If> team spirit.","<Clickable(<If(Equal(ObjectParameter(1),ObjectParameter(2)))>you<Else/><If(PlayerParameter(7))><SheetEn(ObjStr,2,PlayerParameter(7),1,1)/><Else/>ObjectParameter(2)</If></If>)/> <If(Equal(ObjectParameter(1),ObjectParameter(2)))>show<Else/>shows</If> <If(Equal(ObjectParameter(1),ObjectParameter(2)))>your<Else/><If(PlayerParameter(7))><If(<Sheet(BNpcName,PlayerParameter(7),6)/>)>her<Else/>his</If><Else/><If(PlayerParameter(5))>her<Else/>his</If></If></If> team spirit.",440,620
249,"Magic Trick","emote_sp/sp43","","","","","","",False,False,False,"General","EmoteMode#0",False,True,False,False,False,3111,"/magictrick","ui/icon/246000/246402.tex","<Clickable(<If(Equal(ObjectParameter(1),ObjectParameter(2)))>you<Else/><If(PlayerParameter(7))><SheetEn(ObjStr,2,PlayerParameter(7),1,1)/><Else/>ObjectParameter(2)</If></If>)/> <If(Equal(ObjectParameter(1),ObjectParameter(2)))>perform<Else/>performs</If> a fabulous magic trick for <If(Equal(ObjectParameter(1),ObjectParameter(3)))><If(PlayerParameter(8))><SheetEn(ObjStr,2,PlayerParameter(8),1,1)/><Else/>you</If><Else/><If(PlayerParameter(8))><SheetEn(ObjStr,2,PlayerParameter(8),1,1)/><Else/>ObjectParameter(3)</If></If>.","<Clickable(<If(Equal(ObjectParameter(1),ObjectParameter(2)))>you<Else/><If(PlayerParameter(7))><SheetEn(ObjStr,2,PlayerParameter(7),1,1)/><Else/>ObjectParameter(2)</If></If>)/> <If(Equal(ObjectParameter(1),ObjectParameter(2)))>perform<Else/>performs</If> a fabulous magic trick.",443,630
250,"Little Ladies' Dance","emote_sp/sp44","","","","","","",False,False,False,"General","EmoteMode#0",False,True,False,False,False,6010,"/littleladiesdance","ui/icon/246000/246403.tex","<Clickable(<If(Equal(ObjectParameter(1),ObjectParameter(2)))>you<Else/><If(PlayerParameter(7))><SheetEn(ObjStr,2,PlayerParameter(7),1,1)/><Else/>ObjectParameter(2)</If></If>)/> <If(Equal(ObjectParameter(1),ObjectParameter(2)))>perform<Else/>performs</If> an elegant dance before <If(Equal(ObjectParameter(1),ObjectParameter(3)))><If(PlayerParameter(8))><SheetEn(ObjStr,2,PlayerParameter(8),1,1)/><Else/>you</If><Else/><If(PlayerParameter(8))><SheetEn(ObjStr,2,PlayerParameter(8),1,1)/><Else/>ObjectParameter(3)</If></If>.","<Clickable(<If(Equal(ObjectParameter(1),ObjectParameter(2)))>you<Else/><If(PlayerParameter(7))><SheetEn(ObjStr,2,PlayerParameter(7),1,1)/><Else/>ObjectParameter(2)</If></If>)/> <If(Equal(ObjectParameter(1),ObjectParameter(2)))>perform<Else/>performs</If> an elegant dance.",444,630
251,"Linkpearl","emote/act_emot28","","emote/u_act_emot28","emote/u_act_emot28","emote/u_act_emot28","","",True,True,True,"General","EmoteMode#0",False,True,False,False,False,6103,"/linkpearl","ui/icon/246000/246404.tex","<Clickable(<If(Equal(ObjectParameter(1),ObjectParameter(2)))>you<Else/><If(PlayerParameter(7))><SheetEn(ObjStr,2,PlayerParameter(7),1,1)/><Else/>ObjectParameter(2)</If></If>)/> <If(Equal(ObjectParameter(1),ObjectParameter(2)))>communicate<Else/>communicates</If> via linkpearl in front of <If(Equal(ObjectParameter(1),ObjectParameter(3)))><If(PlayerParameter(8))><SheetEn(ObjStr,2,PlayerParameter(8),1,1)/><Else/>you</If><Else/><If(PlayerParameter(8))><SheetEn(ObjStr,2,PlayerParameter(8),1,1)/><Else/>ObjectParameter(3)</If></If>.","<Clickable(<If(Equal(ObjectParameter(1),ObjectParameter(2)))>you<Else/><If(PlayerParameter(7))><SheetEn(ObjStr,2,PlayerParameter(7),1,1)/><Else/>ObjectParameter(2)</If></If>)/> <If(Equal(ObjectParameter(1),ObjectParameter(2)))>communicate<Else/>communicates</If> via linkpearl.",445,630
252,"Ear Wiggle","emote_sp/sp50","","","","","","",False,False,False,"General","EmoteMode#0",False,True,False,False,False,3110,"/earwiggle","ui/icon/246000/246405.tex","<Clickable(<If(Equal(ObjectParameter(1),ObjectParameter(2)))>you<Else/><If(PlayerParameter(7))><SheetEn(ObjStr,2,PlayerParameter(7),1,1)/><Else/>ObjectParameter(2)</If></If>)/> <If(Equal(ObjectParameter(1),ObjectParameter(2)))>wiggle<Else/>wiggles</If> suddenly enormous ears at <If(Equal(ObjectParameter(1),ObjectParameter(3)))><If(PlayerParameter(8))><SheetEn(ObjStr,2,PlayerParameter(8),1,1)/><Else/>you</If><Else/><If(PlayerParameter(8))><SheetEn(ObjStr,2,PlayerParameter(8),1,1)/><Else/>ObjectParameter(3)</If></If>.","<Clickable(<If(Equal(ObjectParameter(1),ObjectParameter(2)))>you<Else/><If(PlayerParameter(7))><SheetEn(ObjStr,2,PlayerParameter(7),1,1)/><Else/>ObjectParameter(2)</If></If>)/> <If(Equal(ObjectParameter(1),ObjectParameter(2)))>wiggle<Else/>wiggles</If> suddenly enormous ears.",70222,635
253,"","ornament_sp/m6001/onm_pose03_loop","ornament_sp/m6001/onm_pose03_start","","","","","",False,False,False,"","EmoteMode#0",False,False,False,False,False,0,"",,"","",0,1
254,"","emote/s_pose03_loop","emote/s_pose03_start","","emote/s_pose03_loop","","","",False,False,False,"","EmoteMode#2",False,False,False,False,False,0,"",,"","",0,1
255,"","emote/s_pose04_loop","emote/s_pose04_start","","emote/s_pose04_loop","","","",False,False,False,"","EmoteMode#2",False,False,False,False,False,0,"",,"","",0,1
256,"Frighten","emote_sp/sp51","","","","","","",False,False,False,"General","EmoteMode#0",False,True,False,False,False,5017,"/frighten","ui/icon/246000/246406.tex","<Clickable(<If(Equal(ObjectParameter(1),ObjectParameter(2)))>you<Else/><If(PlayerParameter(7))><SheetEn(ObjStr,2,PlayerParameter(7),1,1)/><Else/>ObjectParameter(2)</If></If>)/> <If(Equal(ObjectParameter(1),ObjectParameter(2)))>unleash<Else/>unleashes</If> <If(Equal(ObjectParameter(1),ObjectParameter(2)))>your<Else/><If(PlayerParameter(7))><If(<Sheet(BNpcName,PlayerParameter(7),6)/>)>her<Else/>his</If><Else/><If(PlayerParameter(5))>her<Else/>his</If></If></If> rancor to frighten <If(Equal(ObjectParameter(1),ObjectParameter(3)))><If(PlayerParameter(8))><SheetEn(ObjStr,2,PlayerParameter(8),1,1)/><Else/>you</If><Else/><If(PlayerParameter(8))><SheetEn(ObjStr,2,PlayerParameter(8),1,1)/><Else/>ObjectParameter(3)</If></If>.","<Clickable(<If(Equal(ObjectParameter(1),ObjectParameter(2)))>you<Else/><If(PlayerParameter(7))><SheetEn(ObjStr,2,PlayerParameter(7),1,1)/><Else/>ObjectParameter(2)</If></If>)/> <If(Equal(ObjectParameter(1),ObjectParameter(2)))>unleash<Else/>unleashes</If> <If(Equal(ObjectParameter(1),ObjectParameter(2)))>your<Else/><If(PlayerParameter(7))><If(<Sheet(BNpcName,PlayerParameter(7),6)/>)>her<Else/>his</If><Else/><If(PlayerParameter(5))>her<Else/>his</If></If></If> rancor.",450,630
257,"Advent of Light","emote_sp/sp52","","","","","","",False,False,False,"General","EmoteMode#0",False,True,False,False,False,6104,"/adventoflight","ui/icon/246000/246407.tex","<Clickable(<If(Equal(ObjectParameter(1),ObjectParameter(2)))>you<Else/><If(PlayerParameter(7))><SheetEn(ObjStr,2,PlayerParameter(7),1,1)/><Else/>ObjectParameter(2)</If></If>)/> <If(Equal(ObjectParameter(1),ObjectParameter(2)))>leap<Else/>leaps</If> majestically into the air before making a suitably heroic landing near <If(Equal(ObjectParameter(1),ObjectParameter(3)))><If(PlayerParameter(8))><SheetEn(ObjStr,2,PlayerParameter(8),1,1)/><Else/>you</If><Else/><If(PlayerParameter(8))><SheetEn(ObjStr,2,PlayerParameter(8),1,1)/><Else/>ObjectParameter(3)</If></If>.","<Clickable(<If(Equal(ObjectParameter(1),ObjectParameter(2)))>you<Else/><If(PlayerParameter(7))><SheetEn(ObjStr,2,PlayerParameter(7),1,1)/><Else/>ObjectParameter(2)</If></If>)/> <If(Equal(ObjectParameter(1),ObjectParameter(2)))>leap<Else/>leaps</If> majestically into the air before making a suitably heroic landing.",451,640
258,"Jump for Joy 1","emote/act_emot31","","","","","","",False,False,False,"General","EmoteMode#0",False,True,False,False,False,3113,"/jumpforjoy1","ui/icon/246000/246408.tex","<Clickable(<If(Equal(ObjectParameter(1),ObjectParameter(2)))>you<Else/><If(PlayerParameter(7))><SheetEn(ObjStr,2,PlayerParameter(7),1,1)/><Else/>ObjectParameter(2)</If></If>)/> <If(Equal(ObjectParameter(1),ObjectParameter(2)))>jump<Else/>jumps</If> happily for joy before <If(Equal(ObjectParameter(1),ObjectParameter(3)))><If(PlayerParameter(8))><SheetEn(ObjStr,2,PlayerParameter(8),1,1)/><Else/>you</If><Else/><If(PlayerParameter(8))><SheetEn(ObjStr,2,PlayerParameter(8),1,1)/><Else/>ObjectParameter(3)</If></If>!","<Clickable(<If(Equal(ObjectParameter(1),ObjectParameter(2)))>you<Else/><If(PlayerParameter(7))><SheetEn(ObjStr,2,PlayerParameter(7),1,1)/><Else/>ObjectParameter(2)</If></If>)/> <If(Equal(ObjectParameter(1),ObjectParameter(2)))>jump<Else/>jumps</If> happily for joy!",452,640
259,"Jump for Joy 2","emote/act_emot32","","","","","","",False,False,False,"General","EmoteMode#0",False,True,False,False,False,3114,"/jumpforjoy2","ui/icon/246000/246409.tex","<Clickable(<If(Equal(ObjectParameter(1),ObjectParameter(2)))>you<Else/><If(PlayerParameter(7))><SheetEn(ObjStr,2,PlayerParameter(7),1,1)/><Else/>ObjectParameter(2)</If></If>)/> <If(Equal(ObjectParameter(1),ObjectParameter(2)))>jump<Else/>jumps</If> merrily for joy before <If(Equal(ObjectParameter(1),ObjectParameter(3)))><If(PlayerParameter(8))><SheetEn(ObjStr,2,PlayerParameter(8),1,1)/><Else/>you</If><Else/><If(PlayerParameter(8))><SheetEn(ObjStr,2,PlayerParameter(8),1,1)/><Else/>ObjectParameter(3)</If></If>!","<Clickable(<If(Equal(ObjectParameter(1),ObjectParameter(2)))>you<Else/><If(PlayerParameter(7))><SheetEn(ObjStr,2,PlayerParameter(7),1,1)/><Else/>ObjectParameter(2)</If></If>)/> <If(Equal(ObjectParameter(1),ObjectParameter(2)))>jump<Else/>jumps</If> merrily for joy!",452,640
260,"Jump for Joy 3","emote/act_emot33","","","","","","",False,False,False,"General","EmoteMode#0",False,True,False,False,False,3115,"/jumpforjoy3","ui/icon/246000/246410.tex","<Clickable(<If(Equal(ObjectParameter(1),ObjectParameter(2)))>you<Else/><If(PlayerParameter(7))><SheetEn(ObjStr,2,PlayerParameter(7),1,1)/><Else/>ObjectParameter(2)</If></If>)/> <If(Equal(ObjectParameter(1),ObjectParameter(2)))>jump<Else/>jumps</If> enthusiastically for joy before <If(Equal(ObjectParameter(1),ObjectParameter(3)))><If(PlayerParameter(8))><SheetEn(ObjStr,2,PlayerParameter(8),1,1)/><Else/>you</If><Else/><If(PlayerParameter(8))><SheetEn(ObjStr,2,PlayerParameter(8),1,1)/><Else/>ObjectParameter(3)</If></If>!","<Clickable(<If(Equal(ObjectParameter(1),ObjectParameter(2)))>you<Else/><If(PlayerParameter(7))><SheetEn(ObjStr,2,PlayerParameter(7),1,1)/><Else/>ObjectParameter(2)</If></If>)/> <If(Equal(ObjectParameter(1),ObjectParameter(2)))>jump<Else/>jumps</If> enthusiastically for joy!",452,640
261,"Jump for Joy 4","emote/act_emot34","","","","","","",False,False,False,"General","EmoteMode#0",False,True,False,False,False,3116,"/jumpforjoy4","ui/icon/246000/246411.tex","<Clickable(<If(Equal(ObjectParameter(1),ObjectParameter(2)))>you<Else/><If(PlayerParameter(7))><SheetEn(ObjStr,2,PlayerParameter(7),1,1)/><Else/>ObjectParameter(2)</If></If>)/> <If(Equal(ObjectParameter(1),ObjectParameter(2)))>jump<Else/>jumps</If> cheerfully for joy before <If(Equal(ObjectParameter(1),ObjectParameter(3)))><If(PlayerParameter(8))><SheetEn(ObjStr,2,PlayerParameter(8),1,1)/><Else/>you</If><Else/><If(PlayerParameter(8))><SheetEn(ObjStr,2,PlayerParameter(8),1,1)/><Else/>ObjectParameter(3)</If></If>!","<Clickable(<If(Equal(ObjectParameter(1),ObjectParameter(2)))>you<Else/><If(PlayerParameter(7))><SheetEn(ObjStr,2,PlayerParameter(7),1,1)/><Else/>ObjectParameter(2)</If></If>)/> <If(Equal(ObjectParameter(1),ObjectParameter(2)))>jump<Else/>jumps</If> cheerfully for joy!",452,640
262,"Jump for Joy 5","emote/act_emot35","","","","","","",False,False,False,"General","EmoteMode#0",False,True,False,False,False,3117,"/jumpforjoy5","ui/icon/246000/246412.tex","<Clickable(<If(Equal(ObjectParameter(1),ObjectParameter(2)))>you<Else/><If(PlayerParameter(7))><SheetEn(ObjStr,2,PlayerParameter(7),1,1)/><Else/>ObjectParameter(2)</If></If>)/> <If(Equal(ObjectParameter(1),ObjectParameter(2)))>jump<Else/>jumps</If> for joy like a sabotender before <If(Equal(ObjectParameter(1),ObjectParameter(3)))><If(PlayerParameter(8))><SheetEn(ObjStr,2,PlayerParameter(8),1,1)/><Else/>you</If><Else/><If(PlayerParameter(8))><SheetEn(ObjStr,2,PlayerParameter(8),1,1)/><Else/>ObjectParameter(3)</If></If>!","<Clickable(<If(Equal(ObjectParameter(1),ObjectParameter(2)))>you<Else/><If(PlayerParameter(7))><SheetEn(ObjStr,2,PlayerParameter(7),1,1)/><Else/>ObjectParameter(2)</If></If>)/> <If(Equal(ObjectParameter(1),ObjectParameter(2)))>jump<Else/>jumps</If> for joy like a sabotender!",452,640
263,"Hand to Heart","emote/act_emot29","","emote/u_act_emot29","emote/u_act_emot29","emote/u_act_emot29","","",True,True,True,"General","EmoteMode#0",False,True,False,False,False,1011,"/handtoheart","ui/icon/246000/246413.tex","<Clickable(<If(Equal(ObjectParameter(1),ObjectParameter(2)))>you<Else/><If(PlayerParameter(7))><SheetEn(ObjStr,2,PlayerParameter(7),1,1)/><Else/>ObjectParameter(2)</If></If>)/> gently <If(Equal(ObjectParameter(1),ObjectParameter(2)))>place<Else/>places</If> a hand on <If(Equal(ObjectParameter(1),ObjectParameter(2)))>your<Else/><If(PlayerParameter(7))><If(<Sheet(BNpcName,PlayerParameter(7),6)/>)>her<Else/>his</If><Else/><If(PlayerParameter(5))>her<Else/>his</If></If></If> heart before <If(Equal(ObjectParameter(1),ObjectParameter(3)))><If(PlayerParameter(8))><SheetEn(ObjStr,2,PlayerParameter(8),1,1)/><Else/>you</If><Else/><If(PlayerParameter(8))><SheetEn(ObjStr,2,PlayerParameter(8),1,1)/><Else/>ObjectParameter(3)</If></If>.","<Clickable(<If(Equal(ObjectParameter(1),ObjectParameter(2)))>you<Else/><If(PlayerParameter(7))><SheetEn(ObjStr,2,PlayerParameter(7),1,1)/><Else/>ObjectParameter(2)</If></If>)/> gently <If(Equal(ObjectParameter(1),ObjectParameter(2)))>place<Else/>places</If> a hand on <If(Equal(ObjectParameter(1),ObjectParameter(2)))>your<Else/><If(PlayerParameter(7))><If(<Sheet(BNpcName,PlayerParameter(7),6)/>)>her<Else/>his</If><Else/><If(PlayerParameter(5))>her<Else/>his</If></If></If> heart.",453,640
264,"Cheer On: Bright","emote_sp/sp47_loop","emote_sp/sp47_start","","","","","",False,False,False,"Special","EmoteMode#67",False,True,False,False,False,10023,"/cheeronbright","ui/icon/246000/246414.tex","<Clickable(<If(Equal(ObjectParameter(1),ObjectParameter(2)))>you<Else/><If(PlayerParameter(7))><SheetEn(ObjStr,2,PlayerParameter(7),1,1)/><Else/>ObjectParameter(2)</If></If>)/> <If(Equal(ObjectParameter(1),ObjectParameter(2)))>cheer<Else/>cheers</If> <If(Equal(ObjectParameter(1),ObjectParameter(3)))><If(PlayerParameter(8))><SheetEn(ObjStr,2,PlayerParameter(8),1,1)/><Else/>you</If><Else/><If(PlayerParameter(8))><SheetEn(ObjStr,2,PlayerParameter(8),1,1)/><Else/>ObjectParameter(3)</If></If> on.","<Clickable(<If(Equal(ObjectParameter(1),ObjectParameter(2)))>you<Else/><If(PlayerParameter(7))><SheetEn(ObjStr,2,PlayerParameter(7),1,1)/><Else/>ObjectParameter(2)</If></If>)/> <If(Equal(ObjectParameter(1),ObjectParameter(2)))>cheer<Else/>cheers</If> to the rhythm.",454,640
265,"Cheer Wave: Violet","emote_sp/sp48_loop","emote_sp/sp48_start","","","","","",False,False,False,"Special","EmoteMode#68",False,True,False,False,False,10026,"/cheerwaveviolet","ui/icon/246000/246415.tex","<Clickable(<If(Equal(ObjectParameter(1),ObjectParameter(2)))>you<Else/><If(PlayerParameter(7))><SheetEn(ObjStr,2,PlayerParameter(7),1,1)/><Else/>ObjectParameter(2)</If></If>)/> <If(Equal(ObjectParameter(1),ObjectParameter(2)))>cheer<Else/>cheers</If> <If(Equal(ObjectParameter(1),ObjectParameter(3)))><If(PlayerParameter(8))><SheetEn(ObjStr,2,PlayerParameter(8),1,1)/><Else/>you</If><Else/><If(PlayerParameter(8))><SheetEn(ObjStr,2,PlayerParameter(8),1,1)/><Else/>ObjectParameter(3)</If></If> on.","<Clickable(<If(Equal(ObjectParameter(1),ObjectParameter(2)))>you<Else/><If(PlayerParameter(7))><SheetEn(ObjStr,2,PlayerParameter(7),1,1)/><Else/>ObjectParameter(2)</If></If>)/> <If(Equal(ObjectParameter(1),ObjectParameter(2)))>cheer<Else/>cheers</If> to the rhythm.",455,640
266,"Cheer Jump: Green","emote_sp/sp49_loop","emote_sp/sp49_start","","","","","",False,False,False,"Special","EmoteMode#69",False,True,False,False,False,10029,"/cheerjumpgreen","ui/icon/246000/246416.tex","<Clickable(<If(Equal(ObjectParameter(1),ObjectParameter(2)))>you<Else/><If(PlayerParameter(7))><SheetEn(ObjStr,2,PlayerParameter(7),1,1)/><Else/>ObjectParameter(2)</If></If>)/> <If(Equal(ObjectParameter(1),ObjectParameter(2)))>cheer<Else/>cheers</If> <If(Equal(ObjectParameter(1),ObjectParameter(3)))><If(PlayerParameter(8))><SheetEn(ObjStr,2,PlayerParameter(8),1,1)/><Else/>you</If><Else/><If(PlayerParameter(8))><SheetEn(ObjStr,2,PlayerParameter(8),1,1)/><Else/>ObjectParameter(3)</If></If> on.","<Clickable(<If(Equal(ObjectParameter(1),ObjectParameter(2)))>you<Else/><If(PlayerParameter(7))><SheetEn(ObjStr,2,PlayerParameter(7),1,1)/><Else/>ObjectParameter(2)</If></If>)/> <If(Equal(ObjectParameter(1),ObjectParameter(2)))>cheer<Else/>cheers</If> to the rhythm.",456,640
267,"All Saints' Charm","emote_sp/sp53","","","","","","",False,False,False,"General","EmoteMode#0",False,True,False,False,False,3112,"/allsaintscharm","ui/icon/246000/246417.tex","<Clickable(<If(Equal(ObjectParameter(1),ObjectParameter(2)))>you<Else/><If(PlayerParameter(7))><SheetEn(ObjStr,2,PlayerParameter(7),1,1)/><Else/>ObjectParameter(2)</If></If>)/> <If(Equal(ObjectParameter(1),ObjectParameter(2)))>wave<Else/>waves</If> <If(Equal(ObjectParameter(1),ObjectParameter(2)))>your<Else/><If(PlayerParameter(7))><If(<Sheet(BNpcName,PlayerParameter(7),6)/>)>her<Else/>his</If><Else/><If(PlayerParameter(5))>her<Else/>his</If></If></If> wand at <If(Equal(ObjectParameter(1),ObjectParameter(3)))><If(PlayerParameter(8))><SheetEn(ObjStr,2,PlayerParameter(8),1,1)/><Else/>you</If><Else/><If(PlayerParameter(8))><SheetEn(ObjStr,2,PlayerParameter(8),1,1)/><Else/>ObjectParameter(3)</If></If> with a swish and flick!","<Clickable(<If(Equal(ObjectParameter(1),ObjectParameter(2)))>you<Else/><If(PlayerParameter(7))><SheetEn(ObjStr,2,PlayerParameter(7),1,1)/><Else/>ObjectParameter(2)</If></If>)/> <If(Equal(ObjectParameter(1),ObjectParameter(2)))>wave<Else/>waves</If> <If(Equal(ObjectParameter(1),ObjectParameter(2)))>your<Else/><If(PlayerParameter(7))><If(<Sheet(BNpcName,PlayerParameter(7),6)/>)>her<Else/>his</If><Else/><If(PlayerParameter(5))>her<Else/>his</If></If></If> wand with a swish and flick!",457,640
268,"All Saints' Charm","emote_sp/sp53_no_target","","","","","","",False,False,False,"General","EmoteMode#0",False,True,False,False,False,0,"","ui/icon/246000/246417.tex","<Clickable(<If(Equal(ObjectParameter(1),ObjectParameter(2)))>you<Else/><If(PlayerParameter(7))><SheetEn(ObjStr,2,PlayerParameter(7),1,1)/><Else/>ObjectParameter(2)</If></If>)/> <If(Equal(ObjectParameter(1),ObjectParameter(2)))>wave<Else/>waves</If> <If(Equal(ObjectParameter(1),ObjectParameter(2)))>your<Else/><If(PlayerParameter(7))><If(<Sheet(BNpcName,PlayerParameter(7),6)/>)>her<Else/>his</If><Else/><If(PlayerParameter(5))>her<Else/>his</If></If></If> wand at <If(Equal(ObjectParameter(1),ObjectParameter(3)))><If(PlayerParameter(8))><SheetEn(ObjStr,2,PlayerParameter(8),1,1)/><Else/>you</If><Else/><If(PlayerParameter(8))><SheetEn(ObjStr,2,PlayerParameter(8),1,1)/><Else/>ObjectParameter(3)</If></If> with a swish and flick!","<Clickable(<If(Equal(ObjectParameter(1),ObjectParameter(2)))>you<Else/><If(PlayerParameter(7))><SheetEn(ObjStr,2,PlayerParameter(7),1,1)/><Else/>ObjectParameter(2)</If></If>)/> <If(Equal(ObjectParameter(1),ObjectParameter(2)))>wave<Else/>waves</If> <If(Equal(ObjectParameter(1),ObjectParameter(2)))>your<Else/><If(PlayerParameter(7))><If(<Sheet(BNpcName,PlayerParameter(7),6)/>)>her<Else/>his</If><Else/><If(PlayerParameter(5))>her<Else/>his</If></If></If> wand with a swish and flick!",457,640
269,"Lop Hop","emote/dance19_loop","emote/dance19_start","","","","","",False,False,False,"Special","EmoteMode#70",False,True,False,False,False,10113,"/lophop","ui/icon/246000/246418.tex","<Clickable(<If(Equal(ObjectParameter(1),ObjectParameter(2)))>you<Else/><If(PlayerParameter(7))><SheetEn(ObjStr,2,PlayerParameter(7),1,1)/><Else/>ObjectParameter(2)</If></If>)/> <If(Equal(ObjectParameter(1),ObjectParameter(2)))>perform<Else/>performs</If> the Lop Hop for <If(Equal(ObjectParameter(1),ObjectParameter(3)))><If(PlayerParameter(8))><SheetEn(ObjStr,2,PlayerParameter(8),1,1)/><Else/>you</If><Else/><If(PlayerParameter(8))><SheetEn(ObjStr,2,PlayerParameter(8),1,1)/><Else/>ObjectParameter(3)</If></If>.","<Clickable(<If(Equal(ObjectParameter(1),ObjectParameter(2)))>you<Else/><If(PlayerParameter(7))><SheetEn(ObjStr,2,PlayerParameter(7),1,1)/><Else/>ObjectParameter(2)</If></If>)/> <If(Equal(ObjectParameter(1),ObjectParameter(2)))>perform<Else/>performs</If> the Lop Hop.",458,650
270,"Reference","emote_sp/sp26","","","","","","",False,False,False,"General","EmoteMode#0",False,True,False,False,False,6071,"/reference","ui/icon/246000/246419.tex","<Clickable(<If(Equal(ObjectParameter(1),ObjectParameter(2)))>you<Else/><If(PlayerParameter(7))><SheetEn(ObjStr,2,PlayerParameter(7),1,1)/><Else/>ObjectParameter(2)</If></If>)/> <If(Equal(ObjectParameter(1),ObjectParameter(2)))>consult<Else/>consults</If> literature before <If(Equal(ObjectParameter(1),ObjectParameter(3)))><If(PlayerParameter(8))><SheetEn(ObjStr,2,PlayerParameter(8),1,1)/><Else/>you</If><Else/><If(PlayerParameter(8))><SheetEn(ObjStr,2,PlayerParameter(8),1,1)/><Else/>ObjectParameter(3)</If></If>.","<Clickable(<If(Equal(ObjectParameter(1),ObjectParameter(2)))>you<Else/><If(PlayerParameter(7))><SheetEn(ObjStr,2,PlayerParameter(7),1,1)/><Else/>ObjectParameter(2)</If></If>)/> <If(Equal(ObjectParameter(1),ObjectParameter(2)))>consult<Else/>consults</If> literature.",459,645
271,"Eat Chicken","emote_sp/sp54","","emote_sp/u_sp54","emote_sp/u_sp54","emote_sp/u_sp54","","",True,True,True,"General","EmoteMode#0",False,True,False,False,False,6047,"/eatchicken","ui/icon/246000/246420.tex","<Clickable(<If(Equal(ObjectParameter(1),ObjectParameter(2)))>you<Else/><If(PlayerParameter(7))><SheetEn(ObjStr,2,PlayerParameter(7),1,1)/><Else/>ObjectParameter(2)</If></If>)/> <If(Equal(ObjectParameter(1),ObjectParameter(2)))>snack<Else/>snacks</If> on a piece of fried chicken in front of <If(Equal(ObjectParameter(1),ObjectParameter(3)))><If(PlayerParameter(8))><SheetEn(ObjStr,2,PlayerParameter(8),1,1)/><Else/>you</If><Else/><If(PlayerParameter(8))><SheetEn(ObjStr,2,PlayerParameter(8),1,1)/><Else/>ObjectParameter(3)</If></If>.","<Clickable(<If(Equal(ObjectParameter(1),ObjectParameter(2)))>you<Else/><If(PlayerParameter(7))><SheetEn(ObjStr,2,PlayerParameter(7),1,1)/><Else/>ObjectParameter(2)</If></If>)/> <If(Equal(ObjectParameter(1),ObjectParameter(2)))>snack<Else/>snacks</If> on a piece of fried chicken.",469,650
272,"Sundering","emote_sp/sp46_loop","emote_sp/sp46_start","","","","","",False,False,False,"Special","EmoteMode#73",False,True,False,False,False,12007,"/sundering","ui/icon/246000/246421.tex","<Clickable(<If(Equal(ObjectParameter(1),ObjectParameter(2)))>you<Else/><If(PlayerParameter(7))><SheetEn(ObjStr,2,PlayerParameter(7),1,1)/><Else/>ObjectParameter(2)</If></If>)/> <If(Equal(ObjectParameter(1),ObjectParameter(2)))>perform<Else/>performs</If> Exodus on <If(Equal(ObjectParameter(1),ObjectParameter(3)))><If(PlayerParameter(8))><SheetEn(ObjStr,2,PlayerParameter(8),1,1)/><Else/>you</If><Else/><If(PlayerParameter(8))><SheetEn(ObjStr,2,PlayerParameter(8),1,1)/><Else/>ObjectParameter(3)</If></If>. The world survives unscathed.","<Clickable(<If(Equal(ObjectParameter(1),ObjectParameter(2)))>you<Else/><If(PlayerParameter(7))><SheetEn(ObjStr,2,PlayerParameter(7),1,1)/><Else/>ObjectParameter(2)</If></If>)/> <If(Equal(ObjectParameter(1),ObjectParameter(2)))>perform<Else/>performs</If> Exodus. The world survives unscathed.",470,650
273,"Slump","emote/loop_emot28_loop","emote/loop_emot28_start","","","","","",False,False,False,"Special","EmoteMode#71",False,True,False,False,False,11016,"/slump","ui/icon/246000/246422.tex","<Clickable(<If(Equal(ObjectParameter(1),ObjectParameter(2)))>you<Else/><If(PlayerParameter(7))><SheetEn(ObjStr,2,PlayerParameter(7),1,1)/><Else/>ObjectParameter(2)</If></If>)/> <If(Equal(ObjectParameter(1),ObjectParameter(2)))>hang<Else/>hangs</If> <If(Equal(ObjectParameter(1),ObjectParameter(2)))>your<Else/><If(PlayerParameter(7))><If(<Sheet(BNpcName,PlayerParameter(7),6)/>)>her<Else/>his</If><Else/><If(PlayerParameter(5))>her<Else/>his</If></If></If> head in defeat before <If(Equal(ObjectParameter(1),ObjectParameter(3)))><If(PlayerParameter(8))><SheetEn(ObjStr,2,PlayerParameter(8),1,1)/><Else/>you</If><Else/><If(PlayerParameter(8))><SheetEn(ObjStr,2,PlayerParameter(8),1,1)/><Else/>ObjectParameter(3)</If></If>.","<Clickable(<If(Equal(ObjectParameter(1),ObjectParameter(2)))>you<Else/><If(PlayerParameter(7))><SheetEn(ObjStr,2,PlayerParameter(7),1,1)/><Else/>ObjectParameter(2)</If></If>)/> <If(Equal(ObjectParameter(1),ObjectParameter(2)))>hang<Else/>hangs</If> <If(Equal(ObjectParameter(1),ObjectParameter(2)))>your<Else/><If(PlayerParameter(7))><If(<Sheet(BNpcName,PlayerParameter(7),6)/>)>her<Else/>his</If><Else/><If(PlayerParameter(5))>her<Else/>his</If></If></If> head in defeat.",471,650
274,"Love Heart","emote_sp/sp55_loop","emote_sp/sp55_start","","","","","",False,False,False,"Special","EmoteMode#72",False,True,False,False,False,10114,"/loveheart","ui/icon/246000/246423.tex","<Clickable(<If(Equal(ObjectParameter(1),ObjectParameter(2)))>you<Else/><If(PlayerParameter(7))><SheetEn(ObjStr,2,PlayerParameter(7),1,1)/><Else/>ObjectParameter(2)</If></If>)/> <If(Equal(ObjectParameter(1),ObjectParameter(2)))>make<Else/>makes</If> the shape of a heart with <If(Equal(ObjectParameter(1),ObjectParameter(2)))>your<Else/><If(PlayerParameter(7))><If(<Sheet(BNpcName,PlayerParameter(7),6)/>)>her<Else/>his</If><Else/><If(PlayerParameter(5))>her<Else/>his</If></If></If> hands at <If(Equal(ObjectParameter(1),ObjectParameter(3)))><If(PlayerParameter(8))><SheetEn(ObjStr,2,PlayerParameter(8),1,1)/><Else/>you</If><Else/><If(PlayerParameter(8))><SheetEn(ObjStr,2,PlayerParameter(8),1,1)/><Else/>ObjectParameter(3)</If></If>.","<Clickable(<If(Equal(ObjectParameter(1),ObjectParameter(2)))>you<Else/><If(PlayerParameter(7))><SheetEn(ObjStr,2,PlayerParameter(7),1,1)/><Else/>ObjectParameter(2)</If></If>)/> <If(Equal(ObjectParameter(1),ObjectParameter(2)))>make<Else/>makes</If> the shape of a heart with <If(Equal(ObjectParameter(1),ObjectParameter(2)))>your<Else/><If(PlayerParameter(7))><If(<Sheet(BNpcName,PlayerParameter(7),6)/>)>her<Else/>his</If><Else/><If(PlayerParameter(5))>her<Else/>his</If></If></If> hands.",472,650
275,"Humble Triumph","emote/act_emot37","","","","","","",False,False,False,"General","EmoteMode#0",False,True,False,False,False,3119,"/humbletriumph","ui/icon/246000/246424.tex","<Clickable(<If(Equal(ObjectParameter(1),ObjectParameter(2)))>you<Else/><If(PlayerParameter(7))><SheetEn(ObjStr,2,PlayerParameter(7),1,1)/><Else/>ObjectParameter(2)</If></If>)/> <If(Equal(ObjectParameter(1),ObjectParameter(2)))>strike<Else/>strikes</If> a triumphant─but not <Emphasis>too</Emphasis> triumphant─pose for <If(Equal(ObjectParameter(1),ObjectParameter(3)))><If(PlayerParameter(8))><SheetEn(ObjStr,2,PlayerParameter(8),1,1)/><Else/>you</If><Else/><If(PlayerParameter(8))><SheetEn(ObjStr,2,PlayerParameter(8),1,1)/><Else/>ObjectParameter(3)</If></If>.","<Clickable(<If(Equal(ObjectParameter(1),ObjectParameter(2)))>you<Else/><If(PlayerParameter(7))><SheetEn(ObjStr,2,PlayerParameter(7),1,1)/><Else/>ObjectParameter(2)</If></If>)/> <If(Equal(ObjectParameter(1),ObjectParameter(2)))>strike<Else/>strikes</If> a triumphant─but not <Emphasis>too</Emphasis> triumphant─pose.",473,655
276,"Victory Reveal","emote/act_emot36","","","","","","",False,False,False,"General","EmoteMode#0",False,True,False,False,False,3118,"/victoryreveal","ui/icon/246000/246425.tex","<Clickable(<If(Equal(ObjectParameter(1),ObjectParameter(2)))>you<Else/><If(PlayerParameter(7))><SheetEn(ObjStr,2,PlayerParameter(7),1,1)/><Else/>ObjectParameter(2)</If></If>)/> <If(Equal(ObjectParameter(1),ObjectParameter(2)))>await<Else/>awaits</If> news of <If(Equal(ObjectParameter(1),ObjectParameter(2)))>your<Else/><If(PlayerParameter(7))><If(<Sheet(BNpcName,PlayerParameter(7),6)/>)>her<Else/>his</If><Else/><If(PlayerParameter(5))>her<Else/>his</If></If></If> victory before <If(Equal(ObjectParameter(1),ObjectParameter(3)))><If(PlayerParameter(8))><SheetEn(ObjStr,2,PlayerParameter(8),1,1)/><Else/>you</If><Else/><If(PlayerParameter(8))><SheetEn(ObjStr,2,PlayerParameter(8),1,1)/><Else/>ObjectParameter(3)</If></If>.","<Clickable(<If(Equal(ObjectParameter(1),ObjectParameter(2)))>you<Else/><If(PlayerParameter(7))><SheetEn(ObjStr,2,PlayerParameter(7),1,1)/><Else/>ObjectParameter(2)</If></If>)/> <If(Equal(ObjectParameter(1),ObjectParameter(2)))>await<Else/>awaits</If> news of <If(Equal(ObjectParameter(1),ObjectParameter(2)))>your<Else/><If(PlayerParameter(7))><If(<Sheet(BNpcName,PlayerParameter(7),6)/>)>her<Else/>his</If><Else/><If(PlayerParameter(5))>her<Else/>his</If></If></If> victory. ",474,650
277,"Fry Egg","emote_sp/sp45","","","","","","",False,False,False,"General","EmoteMode#0",False,True,False,False,False,6060,"/fryegg","ui/icon/246000/246426.tex","<Clickable(<If(Equal(ObjectParameter(1),ObjectParameter(2)))>you<Else/><If(PlayerParameter(7))><SheetEn(ObjStr,2,PlayerParameter(7),1,1)/><Else/>ObjectParameter(2)</If></If>)/> <If(Equal(ObjectParameter(1),ObjectParameter(2)))>fry<Else/>fries</If> an egg in front of <If(Equal(ObjectParameter(1),ObjectParameter(3)))><If(PlayerParameter(8))><SheetEn(ObjStr,2,PlayerParameter(8),1,1)/><Else/>you</If><Else/><If(PlayerParameter(8))><SheetEn(ObjStr,2,PlayerParameter(8),1,1)/><Else/>ObjectParameter(3)</If></If>.","<Clickable(<If(Equal(ObjectParameter(1),ObjectParameter(2)))>you<Else/><If(PlayerParameter(7))><SheetEn(ObjStr,2,PlayerParameter(7),1,1)/><Else/>ObjectParameter(2)</If></If>)/> <If(Equal(ObjectParameter(1),ObjectParameter(2)))>fry<Else/>fries</If> an egg.",475,650
278,"Uchiwasshoi","emote_sp/sp56","","","","","","",False,False,False,"General","EmoteMode#0",False,True,False,False,False,3120,"/uchiwasshoi","ui/icon/246000/246427.tex","<Clickable(<If(Equal(ObjectParameter(1),ObjectParameter(2)))>you<Else/><If(PlayerParameter(7))><SheetEn(ObjStr,2,PlayerParameter(7),1,1)/><Else/>ObjectParameter(2)</If></If>)/> <If(Equal(ObjectParameter(1),ObjectParameter(2)))>refresh<Else/>refreshes</If> <If(Equal(ObjectParameter(1),ObjectParameter(3)))><If(PlayerParameter(8))><SheetEn(ObjStr,2,PlayerParameter(8),1,1)/><Else/>you</If><Else/><If(PlayerParameter(8))><SheetEn(ObjStr,2,PlayerParameter(8),1,1)/><Else/>ObjectParameter(3)</If></If> with a giant fan.","<Clickable(<If(Equal(ObjectParameter(1),ObjectParameter(2)))>you<Else/><If(PlayerParameter(7))><SheetEn(ObjStr,2,PlayerParameter(7),1,1)/><Else/>ObjectParameter(2)</If></If>)/> <If(Equal(ObjectParameter(1),ObjectParameter(2)))>stir<Else/>stirs</If> the air with a giant fan.",484,700
279,"Attend","emote/loop_emot29_loop","emote/loop_emot29_start","","","","","",False,False,False,"Special","EmoteMode#74",False,True,False,False,False,11510,"/attend","ui/icon/246000/246428.tex","<Clickable(<If(Equal(ObjectParameter(1),ObjectParameter(2)))>you<Else/><If(PlayerParameter(7))><SheetEn(ObjStr,2,PlayerParameter(7),1,1)/><Else/>ObjectParameter(2)</If></If>)/> <If(Equal(ObjectParameter(1),ObjectParameter(2)))>await<Else/>awaits</If> <If(Equal(ObjectParameter(1),ObjectParameter(2)))>your<Else/><If(PlayerParameter(7))><If(<Sheet(BNpcName,PlayerParameter(7),6)/>)>her<Else/>his</If><Else/><If(PlayerParameter(5))>her<Else/>his</If></If></If> next orders from <If(Equal(ObjectParameter(1),ObjectParameter(3)))><If(PlayerParameter(8))><SheetEn(ObjStr,2,PlayerParameter(8),1,1)/><Else/>you</If><Else/><If(PlayerParameter(8))><SheetEn(ObjStr,2,PlayerParameter(8),1,1)/><Else/>ObjectParameter(3)</If></If>.","<Clickable(<If(Equal(ObjectParameter(1),ObjectParameter(2)))>you<Else/><If(PlayerParameter(7))><SheetEn(ObjStr,2,PlayerParameter(7),1,1)/><Else/>ObjectParameter(2)</If></If>)/> <If(Equal(ObjectParameter(1),ObjectParameter(2)))>await<Else/>awaits</If> <If(Equal(ObjectParameter(1),ObjectParameter(2)))>your<Else/><If(PlayerParameter(7))><If(<Sheet(BNpcName,PlayerParameter(7),6)/>)>her<Else/>his</If><Else/><If(PlayerParameter(5))>her<Else/>his</If></If></If> next orders.",490,710
280,"Water","emote_sp/sp60_loop","emote_sp/sp60_start","","","","","",False,False,False,"Special","EmoteMode#75",False,True,False,False,False,11512,"/water","ui/icon/246000/246429.tex","<Clickable(<If(Equal(ObjectParameter(1),ObjectParameter(2)))>you<Else/><If(PlayerParameter(7))><SheetEn(ObjStr,2,PlayerParameter(7),1,1)/><Else/>ObjectParameter(2)</If></If>)/> <If(Equal(ObjectParameter(1),ObjectParameter(2)))>sprinkle<Else/>sprinkles</If> water over <If(Equal(ObjectParameter(1),ObjectParameter(3)))><If(PlayerParameter(8))><SheetEn(ObjStr,2,PlayerParameter(8),1,1)/><Else/>you</If><Else/><If(PlayerParameter(8))><SheetEn(ObjStr,2,PlayerParameter(8),1,1)/><Else/>ObjectParameter(3)</If></If>.","<Clickable(<If(Equal(ObjectParameter(1),ObjectParameter(2)))>you<Else/><If(PlayerParameter(7))><SheetEn(ObjStr,2,PlayerParameter(7),1,1)/><Else/>ObjectParameter(2)</If></If>)/> <If(Equal(ObjectParameter(1),ObjectParameter(2)))>sprinkle<Else/>sprinkles</If> water over the ground.",491,710
281,"Shake Drink","emote_sp/sp61_loop","emote_sp/sp61_start","","","","","",False,False,False,"Special","EmoteMode#76",False,True,False,False,False,11511,"/shakedrink","ui/icon/246000/246430.tex","<Clickable(<If(Equal(ObjectParameter(1),ObjectParameter(2)))>you<Else/><If(PlayerParameter(7))><SheetEn(ObjStr,2,PlayerParameter(7),1,1)/><Else/>ObjectParameter(2)</If></If>)/> <If(Equal(ObjectParameter(1),ObjectParameter(2)))>shake<Else/>shakes</If> up a refreshing cocktail for <If(Equal(ObjectParameter(1),ObjectParameter(3)))><If(PlayerParameter(8))><SheetEn(ObjStr,2,PlayerParameter(8),1,1)/><Else/>you</If><Else/><If(PlayerParameter(8))><SheetEn(ObjStr,2,PlayerParameter(8),1,1)/><Else/>ObjectParameter(3)</If></If>.","<Clickable(<If(Equal(ObjectParameter(1),ObjectParameter(2)))>you<Else/><If(PlayerParameter(7))><SheetEn(ObjStr,2,PlayerParameter(7),1,1)/><Else/>ObjectParameter(2)</If></If>)/> <If(Equal(ObjectParameter(1),ObjectParameter(2)))>shake<Else/>shakes</If> up a refreshing cocktail.",492,710
282,"Pose of the Unbound","emote/act_emot38","","","","","","",False,False,False,"General","EmoteMode#0",False,True,False,False,False,5052,"/poseoftheunbound","ui/icon/246000/246431.tex","<Clickable(<If(Equal(ObjectParameter(1),ObjectParameter(2)))>you<Else/><If(PlayerParameter(7))><SheetEn(ObjStr,2,PlayerParameter(7),1,1)/><Else/>ObjectParameter(2)</If></If>)/> <If(Equal(ObjectParameter(1),ObjectParameter(2)))>strike<Else/>strikes</If> a decidedly liberated pose for <If(Equal(ObjectParameter(1),ObjectParameter(3)))><If(PlayerParameter(8))><SheetEn(ObjStr,2,PlayerParameter(8),1,1)/><Else/>you</If><Else/><If(PlayerParameter(8))><SheetEn(ObjStr,2,PlayerParameter(8),1,1)/><Else/>ObjectParameter(3)</If></If>.","<Clickable(<If(Equal(ObjectParameter(1),ObjectParameter(2)))>you<Else/><If(PlayerParameter(7))><SheetEn(ObjStr,2,PlayerParameter(7),1,1)/><Else/>ObjectParameter(2)</If></If>)/> <If(Equal(ObjectParameter(1),ObjectParameter(2)))>strike<Else/>strikes</If> a decidedly liberated pose.",70725,710
283,"Bouquet","emote_sp/sp62_loop","emote_sp/sp62_start","","","","","",False,False,False,"Special","EmoteMode#77",False,True,False,False,False,10115,"/bouquet","ui/icon/246000/246432.tex","<Clickable(<If(Equal(ObjectParameter(1),ObjectParameter(2)))>you<Else/><If(PlayerParameter(7))><SheetEn(ObjStr,2,PlayerParameter(7),1,1)/><Else/>ObjectParameter(2)</If></If>)/> <If(Equal(ObjectParameter(1),ObjectParameter(2)))>offer<Else/>offers</If> a bouquet of flowers to <If(Equal(ObjectParameter(1),ObjectParameter(3)))><If(PlayerParameter(8))><SheetEn(ObjStr,2,PlayerParameter(8),1,1)/><Else/>you</If><Else/><If(PlayerParameter(8))><SheetEn(ObjStr,2,PlayerParameter(8),1,1)/><Else/>ObjectParameter(3)</If></If>.","<Clickable(<If(Equal(ObjectParameter(1),ObjectParameter(2)))>you<Else/><If(PlayerParameter(7))><SheetEn(ObjStr,2,PlayerParameter(7),1,1)/><Else/>ObjectParameter(2)</If></If>)/> <If(Equal(ObjectParameter(1),ObjectParameter(2)))>offer<Else/>offers</If> a bouquet of flowers.",493,710
284,"Blow Bubbles","emote_sp/sp63","","emote_sp/u_sp63","emote_sp/u_sp63","emote_sp/u_sp63","","",True,True,True,"General","EmoteMode#0",False,True,False,False,False,6105,"/blowbubbles","ui/icon/246000/246433.tex","<Clickable(<If(Equal(ObjectParameter(1),ObjectParameter(2)))>you<Else/><If(PlayerParameter(7))><SheetEn(ObjStr,2,PlayerParameter(7),1,1)/><Else/>ObjectParameter(2)</If></If>)/> <If(Equal(ObjectParameter(1),ObjectParameter(2)))>blow<Else/>blows</If> bubbles at <If(Equal(ObjectParameter(1),ObjectParameter(3)))><If(PlayerParameter(8))><SheetEn(ObjStr,2,PlayerParameter(8),1,1)/><Else/>you</If><Else/><If(PlayerParameter(8))><SheetEn(ObjStr,2,PlayerParameter(8),1,1)/><Else/>ObjectParameter(3)</If></If>.","<Clickable(<If(Equal(ObjectParameter(1),ObjectParameter(2)))>you<Else/><If(PlayerParameter(7))><SheetEn(ObjStr,2,PlayerParameter(7),1,1)/><Else/>ObjectParameter(2)</If></If>)/> <If(Equal(ObjectParameter(1),ObjectParameter(2)))>blow<Else/>blows</If> bubbles into the air.",494,710
285,"Ohokaliy","emote/act_emot39","","emote/u_act_emot39","emote/u_act_emot39","emote/u_act_emot39","","",True,True,True,"General","EmoteMode#0",False,True,False,False,False,14,"/ohokaliy","ui/icon/246000/246434.tex","<Clickable(<If(Equal(ObjectParameter(1),ObjectParameter(2)))>you<Else/><If(PlayerParameter(7))><SheetEn(ObjStr,2,PlayerParameter(7),1,1)/><Else/>ObjectParameter(2)</If></If>)/> <If(Equal(ObjectParameter(1),ObjectParameter(2)))>demonstrate<Else/>demonstrates</If> a polite “Ohokaliy!” to <If(Equal(ObjectParameter(1),ObjectParameter(3)))><If(PlayerParameter(8))><SheetEn(ObjStr,2,PlayerParameter(8),1,1)/><Else/>you</If><Else/><If(PlayerParameter(8))><SheetEn(ObjStr,2,PlayerParameter(8),1,1)/><Else/>ObjectParameter(3)</If></If>.","<Clickable(<If(Equal(ObjectParameter(1),ObjectParameter(2)))>you<Else/><If(PlayerParameter(7))><SheetEn(ObjStr,2,PlayerParameter(7),1,1)/><Else/>ObjectParameter(2)</If></If>)/> <If(Equal(ObjectParameter(1),ObjectParameter(2)))>demonstrate<Else/>demonstrates</If> a polite “Ohokaliy!”",70729,710
286,"Visage Capture","emote_sp/sp59","","emote_sp/u_sp59","emote_sp/u_sp59","emote_sp/u_sp59","","",True,True,True,"General","EmoteMode#0",False,True,False,False,False,6107,"/visage","ui/icon/246000/246435.tex","<Clickable(<If(Equal(ObjectParameter(1),ObjectParameter(2)))>you<Else/><If(PlayerParameter(7))><SheetEn(ObjStr,2,PlayerParameter(7),1,1)/><Else/>ObjectParameter(2)</If></If>)/> <If(Equal(ObjectParameter(1),ObjectParameter(2)))>capture<Else/>captures</If> <If(Equal(ObjectParameter(1),ObjectParameter(2)))>your<Else/><If(PlayerParameter(7))><If(<Sheet(BNpcName,PlayerParameter(7),6)/>)>her<Else/>his</If><Else/><If(PlayerParameter(5))>her<Else/>his</If></If></If> visage with <If(Equal(ObjectParameter(1),ObjectParameter(2)))>your<Else/><If(PlayerParameter(7))><If(<Sheet(BNpcName,PlayerParameter(7),6)/>)>her<Else/>his</If><Else/><If(PlayerParameter(5))>her<Else/>his</If></If></If> exotablet before <If(Equal(ObjectParameter(1),ObjectParameter(3)))><If(PlayerParameter(8))><SheetEn(ObjStr,2,PlayerParameter(8),1,1)/><Else/>you</If><Else/><If(PlayerParameter(8))><SheetEn(ObjStr,2,PlayerParameter(8),1,1)/><Else/>ObjectParameter(3)</If></If>.","<Clickable(<If(Equal(ObjectParameter(1),ObjectParameter(2)))>you<Else/><If(PlayerParameter(7))><SheetEn(ObjStr,2,PlayerParameter(7),1,1)/><Else/>ObjectParameter(2)</If></If>)/> <If(Equal(ObjectParameter(1),ObjectParameter(2)))>capture<Else/>captures</If> <If(Equal(ObjectParameter(1),ObjectParameter(2)))>your<Else/><If(PlayerParameter(7))><If(<Sheet(BNpcName,PlayerParameter(7),6)/>)>her<Else/>his</If><Else/><If(PlayerParameter(5))>her<Else/>his</If></If></If> visage with <If(Equal(ObjectParameter(1),ObjectParameter(2)))>your<Else/><If(PlayerParameter(7))><If(<Sheet(BNpcName,PlayerParameter(7),6)/>)>her<Else/>his</If><Else/><If(PlayerParameter(5))>her<Else/>his</If></If></If> exotablet.",495,720
287,"","emote_sp/sp62_low_loop","emote_sp/sp62_low_start","","","","","",False,False,False,"Special","EmoteMode#78",False,True,False,False,False,0,"","ui/icon/246000/246432.tex","<Clickable(<If(Equal(ObjectParameter(1),ObjectParameter(2)))>you<Else/><If(PlayerParameter(7))><SheetEn(ObjStr,2,PlayerParameter(7),1,1)/><Else/>ObjectParameter(2)</If></If>)/> <If(Equal(ObjectParameter(1),ObjectParameter(2)))>offer<Else/>offers</If> a bouquet of flowers to <If(Equal(ObjectParameter(1),ObjectParameter(3)))><If(PlayerParameter(8))><SheetEn(ObjStr,2,PlayerParameter(8),1,1)/><Else/>you</If><Else/><If(PlayerParameter(8))><SheetEn(ObjStr,2,PlayerParameter(8),1,1)/><Else/>ObjectParameter(3)</If></If>.","<Clickable(<If(Equal(ObjectParameter(1),ObjectParameter(2)))>you<Else/><If(PlayerParameter(7))><SheetEn(ObjStr,2,PlayerParameter(7),1,1)/><Else/>ObjectParameter(2)</If></If>)/> <If(Equal(ObjectParameter(1),ObjectParameter(2)))>offer<Else/>offers</If> a bouquet of flowers.",493,710
288,"Photograph","emote_sp/sp69","","emote_sp/u_sp69","emote_sp/u_sp69","emote_sp/u_sp69","","",True,True,True,"General","EmoteMode#0",False,True,False,False,False,6106,"/photograph","ui/icon/246000/246436.tex","<Clickable(<If(Equal(ObjectParameter(1),ObjectParameter(2)))>you<Else/><If(PlayerParameter(7))><SheetEn(ObjStr,2,PlayerParameter(7),1,1)/><Else/>ObjectParameter(2)</If></If>)/> <If(Equal(ObjectParameter(1),ObjectParameter(2)))>take<Else/>takes</If> a photograph of <If(Equal(ObjectParameter(1),ObjectParameter(3)))><If(PlayerParameter(8))><SheetEn(ObjStr,2,PlayerParameter(8),1,1)/><Else/>you</If><Else/><If(PlayerParameter(8))><SheetEn(ObjStr,2,PlayerParameter(8),1,1)/><Else/>ObjectParameter(3)</If></If>.","<Clickable(<If(Equal(ObjectParameter(1),ObjectParameter(2)))>you<Else/><If(PlayerParameter(7))><SheetEn(ObjStr,2,PlayerParameter(7),1,1)/><Else/>ObjectParameter(2)</If></If>)/> <If(Equal(ObjectParameter(1),ObjectParameter(2)))>take<Else/>takes</If> a photograph.",0,715
289,"","emote_sp/sp69_high","","emote_sp/u_sp69","emote_sp/u_sp69","emote_sp/u_sp69","","",True,True,True,"General","EmoteMode#0",False,True,False,False,False,0,"","ui/icon/246000/246436.tex","<Clickable(<If(Equal(ObjectParameter(1),ObjectParameter(2)))>you<Else/><If(PlayerParameter(7))><SheetEn(ObjStr,2,PlayerParameter(7),1,1)/><Else/>ObjectParameter(2)</If></If>)/> <If(Equal(ObjectParameter(1),ObjectParameter(2)))>take<Else/>takes</If> a photograph of <If(Equal(ObjectParameter(1),ObjectParameter(3)))><If(PlayerParameter(8))><SheetEn(ObjStr,2,PlayerParameter(8),1,1)/><Else/>you</If><Else/><If(PlayerParameter(8))><SheetEn(ObjStr,2,PlayerParameter(8),1,1)/><Else/>ObjectParameter(3)</If></If>.","<Clickable(<If(Equal(ObjectParameter(1),ObjectParameter(2)))>you<Else/><If(PlayerParameter(7))><SheetEn(ObjStr,2,PlayerParameter(7),1,1)/><Else/>ObjectParameter(2)</If></If>)/> <If(Equal(ObjectParameter(1),ObjectParameter(2)))>take<Else/>takes</If> a photograph.",0,715
290,"","emote_sp/sp69_low","","emote_sp/u_sp69","emote_sp/u_sp69","emote_sp/u_sp69","","",True,True,True,"General","EmoteMode#0",False,True,False,False,False,0,"","ui/icon/246000/246436.tex","<Clickable(<If(Equal(ObjectParameter(1),ObjectParameter(2)))>you<Else/><If(PlayerParameter(7))><SheetEn(ObjStr,2,PlayerParameter(7),1,1)/><Else/>ObjectParameter(2)</If></If>)/> <If(Equal(ObjectParameter(1),ObjectParameter(2)))>take<Else/>takes</If> a photograph of <If(Equal(ObjectParameter(1),ObjectParameter(3)))><If(PlayerParameter(8))><SheetEn(ObjStr,2,PlayerParameter(8),1,1)/><Else/>you</If><Else/><If(PlayerParameter(8))><SheetEn(ObjStr,2,PlayerParameter(8),1,1)/><Else/>ObjectParameter(3)</If></If>.","<Clickable(<If(Equal(ObjectParameter(1),ObjectParameter(2)))>you<Else/><If(PlayerParameter(7))><SheetEn(ObjStr,2,PlayerParameter(7),1,1)/><Else/>ObjectParameter(2)</If></If>)/> <If(Equal(ObjectParameter(1),ObjectParameter(2)))>take<Else/>takes</If> a photograph.",0,715
291,"Overreact","emote/act_emot40","","emote/u_act_emot40","emote/u_act_emot40","emote/u_act_emot40","","",True,True,True,"General","EmoteMode#0",False,True,False,False,False,5026,"/overreact","ui/icon/246000/246437.tex","<Clickable(<If(Equal(ObjectParameter(1),ObjectParameter(2)))>you<Else/><If(PlayerParameter(7))><SheetEn(ObjStr,2,PlayerParameter(7),1,1)/><Else/>ObjectParameter(2)</If></If>)/> <If(Equal(ObjectParameter(1),ObjectParameter(2)))>react<Else/>reacts</If> to <If(Equal(ObjectParameter(1),ObjectParameter(3)))><If(PlayerParameter(8))><SheetEn(ObjStr,2,PlayerParameter(8),1,1)/><Else/>you</If><Else/><If(PlayerParameter(8))><SheetEn(ObjStr,2,PlayerParameter(8),1,1)/><Else/>ObjectParameter(3)</If></If> effusively, yet for little reason.","<Clickable(<If(Equal(ObjectParameter(1),ObjectParameter(2)))>you<Else/><If(PlayerParameter(7))><SheetEn(ObjStr,2,PlayerParameter(7),1,1)/><Else/>ObjectParameter(2)</If></If>)/> <If(Equal(ObjectParameter(1),ObjectParameter(2)))>react<Else/>reacts</If> effusively, yet for little reason.",543,720
292,"Twirl","emote/act_emot42","","","","","","",False,False,False,"General","EmoteMode#0",False,True,False,False,False,6108,"/twirl","ui/icon/246000/246438.tex","<Clickable(<If(Equal(ObjectParameter(1),ObjectParameter(2)))>you<Else/><If(PlayerParameter(7))><SheetEn(ObjStr,2,PlayerParameter(7),1,1)/><Else/>ObjectParameter(2)</If></If>)/> <If(Equal(ObjectParameter(1),ObjectParameter(2)))>perform<Else/>performs</If> a dazzling twirl for <If(Equal(ObjectParameter(1),ObjectParameter(3)))><If(PlayerParameter(8))><SheetEn(ObjStr,2,PlayerParameter(8),1,1)/><Else/>you</If><Else/><If(PlayerParameter(8))><SheetEn(ObjStr,2,PlayerParameter(8),1,1)/><Else/>ObjectParameter(3)</If></If>.","<Clickable(<If(Equal(ObjectParameter(1),ObjectParameter(2)))>you<Else/><If(PlayerParameter(7))><SheetEn(ObjStr,2,PlayerParameter(7),1,1)/><Else/>ObjectParameter(2)</If></If>)/> <If(Equal(ObjectParameter(1),ObjectParameter(2)))>perform<Else/>performs</If> a dazzling twirl.",544,725
293,"Dazed","emote_sp/sp64_loop","emote_sp/sp64_start","","","","","",False,False,False,"Special","EmoteMode#79",False,True,False,False,False,11513,"/dazed","ui/icon/246000/246439.tex","<Clickable(<If(Equal(ObjectParameter(1),ObjectParameter(2)))>you<Else/><If(PlayerParameter(7))><SheetEn(ObjStr,2,PlayerParameter(7),1,1)/><Else/>ObjectParameter(2)</If></If>)/> <If(Equal(ObjectParameter(1),ObjectParameter(2)))>sway<Else/>sways</If> dizzily before <If(Equal(ObjectParameter(1),ObjectParameter(3)))><If(PlayerParameter(8))><SheetEn(ObjStr,2,PlayerParameter(8),1,1)/><Else/>you</If><Else/><If(PlayerParameter(8))><SheetEn(ObjStr,2,PlayerParameter(8),1,1)/><Else/>ObjectParameter(3)</If></If>.","<Clickable(<If(Equal(ObjectParameter(1),ObjectParameter(2)))>you<Else/><If(PlayerParameter(7))><SheetEn(ObjStr,2,PlayerParameter(7),1,1)/><Else/>ObjectParameter(2)</If></If>)/> <If(Equal(ObjectParameter(1),ObjectParameter(2)))>sway<Else/>sways</If> dizzily.",545,720
294,"Rage","emote/loop_emot30_loop","emote/loop_emot30_start","","","","","",False,False,False,"Special","EmoteMode#80",False,True,False,False,False,11514,"/rage","ui/icon/246000/246440.tex","<Clickable(<If(Equal(ObjectParameter(1),ObjectParameter(2)))>you<Else/><If(PlayerParameter(7))><SheetEn(ObjStr,2,PlayerParameter(7),1,1)/><Else/>ObjectParameter(2)</If></If>)/> <If(Equal(ObjectParameter(1),ObjectParameter(2)))>tremble<Else/>trembles</If> with rage before <If(Equal(ObjectParameter(1),ObjectParameter(3)))><If(PlayerParameter(8))><SheetEn(ObjStr,2,PlayerParameter(8),1,1)/><Else/>you</If><Else/><If(PlayerParameter(8))><SheetEn(ObjStr,2,PlayerParameter(8),1,1)/><Else/>ObjectParameter(3)</If></If>.","<Clickable(<If(Equal(ObjectParameter(1),ObjectParameter(2)))>you<Else/><If(PlayerParameter(7))><SheetEn(ObjStr,2,PlayerParameter(7),1,1)/><Else/>ObjectParameter(2)</If></If>)/> <If(Equal(ObjectParameter(1),ObjectParameter(2)))>tremble<Else/>trembles</If> with rage.",546,721
295,"Tomescroll","emote_sp/sp70_loop","emote_sp/sp70_start","","","","","",False,False,False,"Special","EmoteMode#81",False,True,False,False,False,11515,"/tomescroll","ui/icon/246000/246441.tex","<Clickable(<If(Equal(ObjectParameter(1),ObjectParameter(2)))>you<Else/><If(PlayerParameter(7))><SheetEn(ObjStr,2,PlayerParameter(7),1,1)/><Else/>ObjectParameter(2)</If></If>)/> <If(Equal(ObjectParameter(1),ObjectParameter(2)))>ignore<Else/>ignores</If> <If(Equal(ObjectParameter(1),ObjectParameter(3)))><If(PlayerParameter(8))><SheetEn(ObjStr,2,PlayerParameter(8),1,1)/><Else/>you</If><Else/><If(PlayerParameter(8))><SheetEn(ObjStr,2,PlayerParameter(8),1,1)/><Else/>ObjectParameter(3)</If></If> and <If(Equal(ObjectParameter(1),ObjectParameter(2)))>caress<Else/>caresses</If> <If(Equal(ObjectParameter(1),ObjectParameter(2)))>your<Else/><If(PlayerParameter(7))><If(<Sheet(BNpcName,PlayerParameter(7),6)/>)>her<Else/>his</If><Else/><If(PlayerParameter(5))>her<Else/>his</If></If></If> tomestone in search of succor.","<Clickable(<If(Equal(ObjectParameter(1),ObjectParameter(2)))>you<Else/><If(PlayerParameter(7))><SheetEn(ObjStr,2,PlayerParameter(7),1,1)/><Else/>ObjectParameter(2)</If></If>)/> <If(Equal(ObjectParameter(1),ObjectParameter(2)))>caress<Else/>caresses</If> <If(Equal(ObjectParameter(1),ObjectParameter(2)))>your<Else/><If(PlayerParameter(7))><If(<Sheet(BNpcName,PlayerParameter(7),6)/>)>her<Else/>his</If><Else/><If(PlayerParameter(5))>her<Else/>his</If></If></If> tomestone in search of succor.",406,720
296,"Study","emote_sp/sp71_loop","emote_sp/sp71_start","","","","","",False,False,False,"Special","EmoteMode#82",False,True,False,False,False,11516,"/study","ui/icon/246000/246442.tex","<Clickable(<If(Equal(ObjectParameter(1),ObjectParameter(2)))>you<Else/><If(PlayerParameter(7))><SheetEn(ObjStr,2,PlayerParameter(7),1,1)/><Else/>ObjectParameter(2)</If></If>)/> <If(Equal(ObjectParameter(1),ObjectParameter(2)))>study<Else/>studies</If> intently with <If(Equal(ObjectParameter(1),ObjectParameter(3)))><If(PlayerParameter(8))><SheetEn(ObjStr,2,PlayerParameter(8),1,1)/><Else/>you</If><Else/><If(PlayerParameter(8))><SheetEn(ObjStr,2,PlayerParameter(8),1,1)/><Else/>ObjectParameter(3)</If></If>.","<Clickable(<If(Equal(ObjectParameter(1),ObjectParameter(2)))>you<Else/><If(PlayerParameter(7))><SheetEn(ObjStr,2,PlayerParameter(7),1,1)/><Else/>ObjectParameter(2)</If></If>)/> <If(Equal(ObjectParameter(1),ObjectParameter(2)))>study<Else/>studies</If> intently.",70,720
297,"","","","","","","","",False,False,False,"","EmoteMode#0",False,False,False,False,False,0,"",,"","",0,0
298,"Gridanian Sip","emote_sp/sp72","","emote_sp/u_sp72","emote_sp/u_sp72","emote_sp/u_sp72","","",True,True,True,"General","EmoteMode#0",False,True,False,False,False,6051,"/gridaniansip","ui/icon/246000/246443.tex","<Clickable(<If(Equal(ObjectParameter(1),ObjectParameter(2)))>you<Else/><If(PlayerParameter(7))><SheetEn(ObjStr,2,PlayerParameter(7),1,1)/><Else/>ObjectParameter(2)</If></If>)/> <If(Equal(ObjectParameter(1),ObjectParameter(2)))>sip<Else/>sips</If> at a mug of mulled Gridanian punch before <If(Equal(ObjectParameter(1),ObjectParameter(3)))><If(PlayerParameter(8))><SheetEn(ObjStr,2,PlayerParameter(8),1,1)/><Else/>you</If><Else/><If(PlayerParameter(8))><SheetEn(ObjStr,2,PlayerParameter(8),1,1)/><Else/>ObjectParameter(3)</If></If>.","<Clickable(<If(Equal(ObjectParameter(1),ObjectParameter(2)))>you<Else/><If(PlayerParameter(7))><SheetEn(ObjStr,2,PlayerParameter(7),1,1)/><Else/>ObjectParameter(2)</If></If>)/> <If(Equal(ObjectParameter(1),ObjectParameter(2)))>sip<Else/>sips</If> at a mug of mulled Gridanian punch.",554,730
299,"Ul'dahn Sip","emote_sp/sp72_uldaha","","emote_sp/u_sp72_uldaha","emote_sp/u_sp72_uldaha","emote_sp/u_sp72_uldaha","","",True,True,True,"General","EmoteMode#0",False,True,False,False,False,6052,"/uldahnsip","ui/icon/246000/246444.tex","<Clickable(<If(Equal(ObjectParameter(1),ObjectParameter(2)))>you<Else/><If(PlayerParameter(7))><SheetEn(ObjStr,2,PlayerParameter(7),1,1)/><Else/>ObjectParameter(2)</If></If>)/> <If(Equal(ObjectParameter(1),ObjectParameter(2)))>sip<Else/>sips</If> at a mug of mulled Ul'dahn punch before <If(Equal(ObjectParameter(1),ObjectParameter(3)))><If(PlayerParameter(8))><SheetEn(ObjStr,2,PlayerParameter(8),1,1)/><Else/>you</If><Else/><If(PlayerParameter(8))><SheetEn(ObjStr,2,PlayerParameter(8),1,1)/><Else/>ObjectParameter(3)</If></If>.","<Clickable(<If(Equal(ObjectParameter(1),ObjectParameter(2)))>you<Else/><If(PlayerParameter(7))><SheetEn(ObjStr,2,PlayerParameter(7),1,1)/><Else/>ObjectParameter(2)</If></If>)/> <If(Equal(ObjectParameter(1),ObjectParameter(2)))>sip<Else/>sips</If> at a mug of mulled Ul'dahn punch.",554,730
300,"Lominsan Sip","emote_sp/sp72_limsa","","emote_sp/u_sp72_limsa","emote_sp/u_sp72_limsa","emote_sp/u_sp72_limsa","","",True,True,True,"General","EmoteMode#0",False,True,False,False,False,6050,"/lominsansip","ui/icon/246000/246445.tex","<Clickable(<If(Equal(ObjectParameter(1),ObjectParameter(2)))>you<Else/><If(PlayerParameter(7))><SheetEn(ObjStr,2,PlayerParameter(7),1,1)/><Else/>ObjectParameter(2)</If></If>)/> <If(Equal(ObjectParameter(1),ObjectParameter(2)))>sip<Else/>sips</If> at a mug of mulled Lominsan punch before <If(Equal(ObjectParameter(1),ObjectParameter(3)))><If(PlayerParameter(8))><SheetEn(ObjStr,2,PlayerParameter(8),1,1)/><Else/>you</If><Else/><If(PlayerParameter(8))><SheetEn(ObjStr,2,PlayerParameter(8),1,1)/><Else/>ObjectParameter(3)</If></If>.","<Clickable(<If(Equal(ObjectParameter(1),ObjectParameter(2)))>you<Else/><If(PlayerParameter(7))><SheetEn(ObjStr,2,PlayerParameter(7),1,1)/><Else/>ObjectParameter(2)</If></If>)/> <If(Equal(ObjectParameter(1),ObjectParameter(2)))>sip<Else/>sips</If> at a mug of mulled Lominsan punch.",554,730
301,"Gridanian Gulp","emote_sp/sp72_loop","emote_sp/sp72_start","","","","","",False,False,False,"Special","EmoteMode#83",False,True,False,False,False,11602,"/gridaniangulp","ui/icon/246000/246446.tex","<Clickable(<If(Equal(ObjectParameter(1),ObjectParameter(2)))>you<Else/><If(PlayerParameter(7))><SheetEn(ObjStr,2,PlayerParameter(7),1,1)/><Else/>ObjectParameter(2)</If></If>)/> <If(Equal(ObjectParameter(1),ObjectParameter(2)))>savor<Else/>savors</If> a serving of mulled Gridanian punch before <If(Equal(ObjectParameter(1),ObjectParameter(3)))><If(PlayerParameter(8))><SheetEn(ObjStr,2,PlayerParameter(8),1,1)/><Else/>you</If><Else/><If(PlayerParameter(8))><SheetEn(ObjStr,2,PlayerParameter(8),1,1)/><Else/>ObjectParameter(3)</If></If>.","<Clickable(<If(Equal(ObjectParameter(1),ObjectParameter(2)))>you<Else/><If(PlayerParameter(7))><SheetEn(ObjStr,2,PlayerParameter(7),1,1)/><Else/>ObjectParameter(2)</If></If>)/> <If(Equal(ObjectParameter(1),ObjectParameter(2)))>savor<Else/>savors</If> a serving of mulled Gridanian punch.",554,730
302,"Ul'dahn Gulp","emote_sp/sp72_uldaha_loop","emote_sp/sp72_uldaha_start","","","","","",False,False,False,"Special","EmoteMode#84",False,True,False,False,False,11603,"/uldahngulp","ui/icon/246000/246447.tex","<Clickable(<If(Equal(ObjectParameter(1),ObjectParameter(2)))>you<Else/><If(PlayerParameter(7))><SheetEn(ObjStr,2,PlayerParameter(7),1,1)/><Else/>ObjectParameter(2)</If></If>)/> <If(Equal(ObjectParameter(1),ObjectParameter(2)))>savor<Else/>savors</If> a serving of mulled Ul'dahn punch before <If(Equal(ObjectParameter(1),ObjectParameter(3)))><If(PlayerParameter(8))><SheetEn(ObjStr,2,PlayerParameter(8),1,1)/><Else/>you</If><Else/><If(PlayerParameter(8))><SheetEn(ObjStr,2,PlayerParameter(8),1,1)/><Else/>ObjectParameter(3)</If></If>.","<Clickable(<If(Equal(ObjectParameter(1),ObjectParameter(2)))>you<Else/><If(PlayerParameter(7))><SheetEn(ObjStr,2,PlayerParameter(7),1,1)/><Else/>ObjectParameter(2)</If></If>)/> <If(Equal(ObjectParameter(1),ObjectParameter(2)))>savor<Else/>savors</If> a serving of mulled Ul'dahn punch.",554,730
303,"Lominsan Gulp","emote_sp/sp72_limsa_loop","emote_sp/sp72_limsa_start","","","","","",False,False,False,"Special","EmoteMode#85",False,True,False,False,False,11601,"/lominsangulp","ui/icon/246000/246448.tex","<Clickable(<If(Equal(ObjectParameter(1),ObjectParameter(2)))>you<Else/><If(PlayerParameter(7))><SheetEn(ObjStr,2,PlayerParameter(7),1,1)/><Else/>ObjectParameter(2)</If></If>)/> <If(Equal(ObjectParameter(1),ObjectParameter(2)))>savor<Else/>savors</If> a serving of mulled Lominsan punch before <If(Equal(ObjectParameter(1),ObjectParameter(3)))><If(PlayerParameter(8))><SheetEn(ObjStr,2,PlayerParameter(8),1,1)/><Else/>you</If><Else/><If(PlayerParameter(8))><SheetEn(ObjStr,2,PlayerParameter(8),1,1)/><Else/>ObjectParameter(3)</If></If>.","<Clickable(<If(Equal(ObjectParameter(1),ObjectParameter(2)))>you<Else/><If(PlayerParameter(7))><SheetEn(ObjStr,2,PlayerParameter(7),1,1)/><Else/>ObjectParameter(2)</If></If>)/> <If(Equal(ObjectParameter(1),ObjectParameter(2)))>savor<Else/>savors</If> a serving of mulled Lominsan punch.",554,730
304,"Limber Up","emote/act_emot41","","","","","","",False,False,False,"General","EmoteMode#0",False,True,False,False,False,3122,"/limberup","ui/icon/246000/246449.tex","<Clickable(<If(Equal(ObjectParameter(1),ObjectParameter(2)))>you<Else/><If(PlayerParameter(7))><SheetEn(ObjStr,2,PlayerParameter(7),1,1)/><Else/>ObjectParameter(2)</If></If>)/> <If(Equal(ObjectParameter(1),ObjectParameter(2)))>wind<Else/>winds</If> up <If(Equal(ObjectParameter(1),ObjectParameter(2)))>your<Else/><If(PlayerParameter(7))><If(<Sheet(BNpcName,PlayerParameter(7),6)/>)>her<Else/>his</If><Else/><If(PlayerParameter(5))>her<Else/>his</If></If></If> arm in a brisk stretch before <If(Equal(ObjectParameter(1),ObjectParameter(3)))><If(PlayerParameter(8))><SheetEn(ObjStr,2,PlayerParameter(8),1,1)/><Else/>you</If><Else/><If(PlayerParameter(8))><SheetEn(ObjStr,2,PlayerParameter(8),1,1)/><Else/>ObjectParameter(3)</If></If>.","<Clickable(<If(Equal(ObjectParameter(1),ObjectParameter(2)))>you<Else/><If(PlayerParameter(7))><SheetEn(ObjStr,2,PlayerParameter(7),1,1)/><Else/>ObjectParameter(2)</If></If>)/> <If(Equal(ObjectParameter(1),ObjectParameter(2)))>wind<Else/>winds</If> up <If(Equal(ObjectParameter(1),ObjectParameter(2)))>your<Else/><If(PlayerParameter(7))><If(<Sheet(BNpcName,PlayerParameter(7),6)/>)>her<Else/>his</If><Else/><If(PlayerParameter(5))>her<Else/>his</If></If></If> arm in a brisk stretch.",555,731
305,"Drink Green Tea","emote_sp/sp77","","emote_sp/u_sp77","emote_sp/u_sp77","emote_sp/u_sp77","","",True,True,True,"General","EmoteMode#0",False,True,False,False,False,6049,"/drinkgreentea","ui/icon/246000/246450.tex","<Clickable(<If(Equal(ObjectParameter(1),ObjectParameter(2)))>you<Else/><If(PlayerParameter(7))><SheetEn(ObjStr,2,PlayerParameter(7),1,1)/><Else/>ObjectParameter(2)</If></If>)/> <If(Equal(ObjectParameter(1),ObjectParameter(2)))>sip<Else/>sips</If> at a soothing cup of green tea before <If(Equal(ObjectParameter(1),ObjectParameter(3)))><If(PlayerParameter(8))><SheetEn(ObjStr,2,PlayerParameter(8),1,1)/><Else/>you</If><Else/><If(PlayerParameter(8))><SheetEn(ObjStr,2,PlayerParameter(8),1,1)/><Else/>ObjectParameter(3)</If></If>.","<Clickable(<If(Equal(ObjectParameter(1),ObjectParameter(2)))>you<Else/><If(PlayerParameter(7))><SheetEn(ObjStr,2,PlayerParameter(7),1,1)/><Else/>ObjectParameter(2)</If></If>)/> <If(Equal(ObjectParameter(1),ObjectParameter(2)))>sip<Else/>sips</If> at a soothing cup of green tea.",556,730
306,"Savor Tea","emote_sp/sp77_loop","emote_sp/sp77_start","emote_sp/sp77_loop","","","","",False,False,False,"Special","EmoteMode#86",False,True,False,False,False,11600,"/savortea","ui/icon/246000/246451.tex","<Clickable(<If(Equal(ObjectParameter(1),ObjectParameter(2)))>you<Else/><If(PlayerParameter(7))><SheetEn(ObjStr,2,PlayerParameter(7),1,1)/><Else/>ObjectParameter(2)</If></If>)/> <If(Equal(ObjectParameter(1),ObjectParameter(2)))>take<Else/>takes</If> a seat to savor a cup of green tea before <If(Equal(ObjectParameter(1),ObjectParameter(3)))><If(PlayerParameter(8))><SheetEn(ObjStr,2,PlayerParameter(8),1,1)/><Else/>you</If><Else/><If(PlayerParameter(8))><SheetEn(ObjStr,2,PlayerParameter(8),1,1)/><Else/>ObjectParameter(3)</If></If>.","<Clickable(<If(Equal(ObjectParameter(1),ObjectParameter(2)))>you<Else/><If(PlayerParameter(7))><SheetEn(ObjStr,2,PlayerParameter(7),1,1)/><Else/>ObjectParameter(2)</If></If>)/> <If(Equal(ObjectParameter(1),ObjectParameter(2)))>take<Else/>takes</If> a seat to savor a cup of green tea.",556,730
307,"Pen","emote_sp/sp65_loop","emote_sp/sp65_start","","","","","",False,False,False,"Special","EmoteMode#87",False,True,False,False,False,11518,"/pen","ui/icon/246000/246452.tex","<Clickable(<If(Equal(ObjectParameter(1),ObjectParameter(2)))>you<Else/><If(PlayerParameter(7))><SheetEn(ObjStr,2,PlayerParameter(7),1,1)/><Else/>ObjectParameter(2)</If></If>)/> <If(Equal(ObjectParameter(1),ObjectParameter(2)))>scrawl<Else/>scrawls</If> down some notes before <If(Equal(ObjectParameter(1),ObjectParameter(3)))><If(PlayerParameter(8))><SheetEn(ObjStr,2,PlayerParameter(8),1,1)/><Else/>you</If><Else/><If(PlayerParameter(8))><SheetEn(ObjStr,2,PlayerParameter(8),1,1)/><Else/>ObjectParameter(3)</If></If>.","<Clickable(<If(Equal(ObjectParameter(1),ObjectParameter(2)))>you<Else/><If(PlayerParameter(7))><SheetEn(ObjStr,2,PlayerParameter(7),1,1)/><Else/>ObjectParameter(2)</If></If>)/> <If(Equal(ObjectParameter(1),ObjectParameter(2)))>scrawl<Else/>scrawls</If> down some notes.",557,730
308,"","","","","","","","",False,False,False,"","EmoteMode#0",False,False,False,False,False,0,"",,"","",0,0
309,"","","","","","","","",False,False,False,"","EmoteMode#0",False,False,False,False,False,0,"",,"","",0,0
310,"Cheer Rhythm: Red","emote_sp/sp73_loop","emote_sp/sp73_start","","","","","",False,False,False,"Special","EmoteMode#88",False,True,False,False,False,10031,"/cheerrhythmred","ui/icon/246000/246456.tex","<Clickable(<If(Equal(ObjectParameter(1),ObjectParameter(2)))>you<Else/><If(PlayerParameter(7))><SheetEn(ObjStr,2,PlayerParameter(7),1,1)/><Else/>ObjectParameter(2)</If></If>)/> <If(Equal(ObjectParameter(1),ObjectParameter(2)))>cheer<Else/>cheers</If> <If(Equal(ObjectParameter(1),ObjectParameter(3)))><If(PlayerParameter(8))><SheetEn(ObjStr,2,PlayerParameter(8),1,1)/><Else/>you</If><Else/><If(PlayerParameter(8))><SheetEn(ObjStr,2,PlayerParameter(8),1,1)/><Else/>ObjectParameter(3)</If></If> on.","<Clickable(<If(Equal(ObjectParameter(1),ObjectParameter(2)))>you<Else/><If(PlayerParameter(7))><SheetEn(ObjStr,2,PlayerParameter(7),1,1)/><Else/>ObjectParameter(2)</If></If>)/> <If(Equal(ObjectParameter(1),ObjectParameter(2)))>cheer<Else/>cheers</If> to the rhythm.",579,740
311,"Cheer Light: Yellow","emote_sp/sp74_loop","emote_sp/sp74_start","","","","","",False,False,False,"Special","EmoteMode#89",False,True,False,False,False,10034,"/cheerlightyellow","ui/icon/246000/246457.tex","<Clickable(<If(Equal(ObjectParameter(1),ObjectParameter(2)))>you<Else/><If(PlayerParameter(7))><SheetEn(ObjStr,2,PlayerParameter(7),1,1)/><Else/>ObjectParameter(2)</If></If>)/> <If(Equal(ObjectParameter(1),ObjectParameter(2)))>cheer<Else/>cheers</If> <If(Equal(ObjectParameter(1),ObjectParameter(3)))><If(PlayerParameter(8))><SheetEn(ObjStr,2,PlayerParameter(8),1,1)/><Else/>you</If><Else/><If(PlayerParameter(8))><SheetEn(ObjStr,2,PlayerParameter(8),1,1)/><Else/>ObjectParameter(3)</If></If> on.","<Clickable(<If(Equal(ObjectParameter(1),ObjectParameter(2)))>you<Else/><If(PlayerParameter(7))><SheetEn(ObjStr,2,PlayerParameter(7),1,1)/><Else/>ObjectParameter(2)</If></If>)/> <If(Equal(ObjectParameter(1),ObjectParameter(2)))>cheer<Else/>cheers</If> to the rhythm.",580,740
312,"","","","","","","","",False,False,False,"","EmoteMode#0",False,False,False,False,False,0,"",,"","",0,0
313,"Runway Walk","emote/act_emot46","","","","","","",False,False,False,"General","EmoteMode#0",False,True,False,False,False,5053,"/runwaywalk","ui/icon/246000/246459.tex","<Clickable(<If(Equal(ObjectParameter(1),ObjectParameter(2)))>you<Else/><If(PlayerParameter(7))><SheetEn(ObjStr,2,PlayerParameter(7),1,1)/><Else/>ObjectParameter(2)</If></If>)/> <If(Equal(ObjectParameter(1),ObjectParameter(2)))>strut<Else/>struts</If> confidently before <If(Equal(ObjectParameter(1),ObjectParameter(3)))><If(PlayerParameter(8))><SheetEn(ObjStr,2,PlayerParameter(8),1,1)/><Else/>you</If><Else/><If(PlayerParameter(8))><SheetEn(ObjStr,2,PlayerParameter(8),1,1)/><Else/>ObjectParameter(3)</If></If>, as though all eyes are on <If(Equal(ObjectParameter(1),ObjectParameter(2)))>you<Else/><If(PlayerParameter(7))><If(<Sheet(BNpcName,PlayerParameter(7),6)/>)>her<Else/>him</If><Else/><If(PlayerParameter(5))>her<Else/>him</If></If></If>.","<Clickable(<If(Equal(ObjectParameter(1),ObjectParameter(2)))>you<Else/><If(PlayerParameter(7))><SheetEn(ObjStr,2,PlayerParameter(7),1,1)/><Else/>ObjectParameter(2)</If></If>)/> <If(Equal(ObjectParameter(1),ObjectParameter(2)))>strut<Else/>struts</If> confidently, as though all eyes are on <If(Equal(ObjectParameter(1),ObjectParameter(2)))>you<Else/><If(PlayerParameter(7))><If(<Sheet(BNpcName,PlayerParameter(7),6)/>)>her<Else/>him</If><Else/><If(PlayerParameter(5))>her<Else/>him</If></If></If>.",582,740
314,"","","","","","","","",False,False,False,"","EmoteMode#0",False,False,False,False,False,0,"",,"","",0,0
315,"","","","","","","","",False,False,False,"","EmoteMode#0",False,False,False,False,False,0,"",,"","",0,0
316,"","","","","","","","",False,False,False,"","EmoteMode#0",False,False,False,False,False,0,"",,"","",0,0
317,"Carry Book","emote_sp/sp67_loop","emote_sp/sp67_start","","","","","",False,False,False,"Special","EmoteMode#93",False,True,False,False,False,11517,"/carrybook","ui/icon/246000/246463.tex","<Clickable(<If(Equal(ObjectParameter(1),ObjectParameter(2)))>you<Else/><If(PlayerParameter(7))><SheetEn(ObjStr,2,PlayerParameter(7),1,1)/><Else/>ObjectParameter(2)</If></If>)/> <If(Equal(ObjectParameter(1),ObjectParameter(2)))>clutch<Else/>clutches</If> a book to <If(Equal(ObjectParameter(1),ObjectParameter(2)))>your<Else/><If(PlayerParameter(7))><If(<Sheet(BNpcName,PlayerParameter(7),6)/>)>her<Else/>his</If><Else/><If(PlayerParameter(5))>her<Else/>his</If></If></If> chest in front of <If(Equal(ObjectParameter(1),ObjectParameter(3)))><If(PlayerParameter(8))><SheetEn(ObjStr,2,PlayerParameter(8),1,1)/><Else/>you</If><Else/><If(PlayerParameter(8))><SheetEn(ObjStr,2,PlayerParameter(8),1,1)/><Else/>ObjectParameter(3)</If></If>.","<Clickable(<If(Equal(ObjectParameter(1),ObjectParameter(2)))>you<Else/><If(PlayerParameter(7))><SheetEn(ObjStr,2,PlayerParameter(7),1,1)/><Else/>ObjectParameter(2)</If></If>)/> <If(Equal(ObjectParameter(1),ObjectParameter(2)))>clutch<Else/>clutches</If> a book to <If(Equal(ObjectParameter(1),ObjectParameter(2)))>your<Else/><If(PlayerParameter(7))><If(<Sheet(BNpcName,PlayerParameter(7),6)/>)>her<Else/>his</If><Else/><If(PlayerParameter(5))>her<Else/>his</If></If></If> chest.",586,740
318,"Divine Arm","emote/battle07","","","","","","",False,False,False,"General","EmoteMode#0",False,True,False,True,False,3124,"/divinearm","ui/icon/246000/246464.tex","A brilliant light emanates from <If(Equal(ObjectParameter(1),ObjectParameter(2)))>your<Else/><If(Equal(ObjectParameter(1),ObjectParameter(2)))>you<Else/><If(PlayerParameter(7))><SheetEn(ObjStr,2,PlayerParameter(7),1,1)/><Else/>ObjectParameter(2)</If></If>'s</If> gauntlet, falling upon <If(Equal(ObjectParameter(1),ObjectParameter(3)))><If(PlayerParameter(8))><SheetEn(ObjStr,2,PlayerParameter(8),1,1)/><Else/>you</If><Else/><If(PlayerParameter(8))><SheetEn(ObjStr,2,PlayerParameter(8),1,1)/><Else/>ObjectParameter(3)</If></If>.","A brilliant light emanates from <If(Equal(ObjectParameter(1),ObjectParameter(2)))>your<Else/><If(Equal(ObjectParameter(1),ObjectParameter(2)))>you<Else/><If(PlayerParameter(7))><SheetEn(ObjStr,2,PlayerParameter(7),1,1)/><Else/>ObjectParameter(2)</If></If>'s</If> gauntlet.",587,740
319,"Divine Disk","emote/battle08","","","","","","",False,False,False,"General","EmoteMode#0",False,True,False,True,False,3125,"/divinedisk","ui/icon/246000/246465.tex","A brilliant light emanates from <If(Equal(ObjectParameter(1),ObjectParameter(2)))>your<Else/><If(Equal(ObjectParameter(1),ObjectParameter(2)))>you<Else/><If(PlayerParameter(7))><SheetEn(ObjStr,2,PlayerParameter(7),1,1)/><Else/>ObjectParameter(2)</If></If>'s</If> necklace, falling upon <If(Equal(ObjectParameter(1),ObjectParameter(3)))><If(PlayerParameter(8))><SheetEn(ObjStr,2,PlayerParameter(8),1,1)/><Else/>you</If><Else/><If(PlayerParameter(8))><SheetEn(ObjStr,2,PlayerParameter(8),1,1)/><Else/>ObjectParameter(3)</If></If>.","A brilliant light emanates from <If(Equal(ObjectParameter(1),ObjectParameter(2)))>your<Else/><If(Equal(ObjectParameter(1),ObjectParameter(2)))>you<Else/><If(PlayerParameter(7))><SheetEn(ObjStr,2,PlayerParameter(7),1,1)/><Else/>ObjectParameter(2)</If></If>'s</If> necklace.",588,740
320,"Divine Tiara","emote/battle09","","","","","","",False,False,False,"General","EmoteMode#0",False,True,False,True,False,3126,"/divinetiara","ui/icon/246000/246466.tex","A brilliant light emanates from <If(Equal(ObjectParameter(1),ObjectParameter(2)))>your<Else/><If(Equal(ObjectParameter(1),ObjectParameter(2)))>you<Else/><If(PlayerParameter(7))><SheetEn(ObjStr,2,PlayerParameter(7),1,1)/><Else/>ObjectParameter(2)</If></If>'s</If> tiara, falling upon <If(Equal(ObjectParameter(1),ObjectParameter(3)))><If(PlayerParameter(8))><SheetEn(ObjStr,2,PlayerParameter(8),1,1)/><Else/>you</If><Else/><If(PlayerParameter(8))><SheetEn(ObjStr,2,PlayerParameter(8),1,1)/><Else/>ObjectParameter(3)</If></If>.","A brilliant light emanates from <If(Equal(ObjectParameter(1),ObjectParameter(2)))>your<Else/><If(Equal(ObjectParameter(1),ObjectParameter(2)))>you<Else/><If(PlayerParameter(7))><SheetEn(ObjStr,2,PlayerParameter(7),1,1)/><Else/>ObjectParameter(2)</If></If>'s</If> tiara.",589,740
321,"Cheer Rhythm: Violet","emote_sp/sp86_loop","emote_sp/sp86_start","","","","","",False,False,False,"Special","EmoteMode#94",False,True,False,False,False,10032,"/cheerrhythmviolet","ui/icon/246000/246467.tex","<Clickable(<If(Equal(ObjectParameter(1),ObjectParameter(2)))>you<Else/><If(PlayerParameter(7))><SheetEn(ObjStr,2,PlayerParameter(7),1,1)/><Else/>ObjectParameter(2)</If></If>)/> <If(Equal(ObjectParameter(1),ObjectParameter(2)))>cheer<Else/>cheers</If> <If(Equal(ObjectParameter(1),ObjectParameter(3)))><If(PlayerParameter(8))><SheetEn(ObjStr,2,PlayerParameter(8),1,1)/><Else/>you</If><Else/><If(PlayerParameter(8))><SheetEn(ObjStr,2,PlayerParameter(8),1,1)/><Else/>ObjectParameter(3)</If></If> on.","<Clickable(<If(Equal(ObjectParameter(1),ObjectParameter(2)))>you<Else/><If(PlayerParameter(7))><SheetEn(ObjStr,2,PlayerParameter(7),1,1)/><Else/>ObjectParameter(2)</If></If>)/> <If(Equal(ObjectParameter(1),ObjectParameter(2)))>cheer<Else/>cheers</If> to the rhythm.",590,740
322,"Cheer Rhythm: Bright","emote_sp/sp87_loop","emote_sp/sp87_start","","","","","",False,False,False,"Special","EmoteMode#95",False,True,False,False,False,10033,"/cheerrhythmbright","ui/icon/246000/246469.tex","<Clickable(<If(Equal(ObjectParameter(1),ObjectParameter(2)))>you<Else/><If(PlayerParameter(7))><SheetEn(ObjStr,2,PlayerParameter(7),1,1)/><Else/>ObjectParameter(2)</If></If>)/> <If(Equal(ObjectParameter(1),ObjectParameter(2)))>cheer<Else/>cheers</If> <If(Equal(ObjectParameter(1),ObjectParameter(3)))><If(PlayerParameter(8))><SheetEn(ObjStr,2,PlayerParameter(8),1,1)/><Else/>you</If><Else/><If(PlayerParameter(8))><SheetEn(ObjStr,2,PlayerParameter(8),1,1)/><Else/>ObjectParameter(3)</If></If> on.","<Clickable(<If(Equal(ObjectParameter(1),ObjectParameter(2)))>you<Else/><If(PlayerParameter(7))><SheetEn(ObjStr,2,PlayerParameter(7),1,1)/><Else/>ObjectParameter(2)</If></If>)/> <If(Equal(ObjectParameter(1),ObjectParameter(2)))>cheer<Else/>cheers</If> to the rhythm.",591,740
323,"Cheer Light: Blue","emote_sp/sp88_loop","emote_sp/sp88_start","","","","","",False,False,False,"Special","EmoteMode#96",False,True,False,False,False,10035,"/cheerlightblue","ui/icon/246000/246468.tex","<Clickable(<If(Equal(ObjectParameter(1),ObjectParameter(2)))>you<Else/><If(PlayerParameter(7))><SheetEn(ObjStr,2,PlayerParameter(7),1,1)/><Else/>ObjectParameter(2)</If></If>)/> <If(Equal(ObjectParameter(1),ObjectParameter(2)))>cheer<Else/>cheers</If> <If(Equal(ObjectParameter(1),ObjectParameter(3)))><If(PlayerParameter(8))><SheetEn(ObjStr,2,PlayerParameter(8),1,1)/><Else/>you</If><Else/><If(PlayerParameter(8))><SheetEn(ObjStr,2,PlayerParameter(8),1,1)/><Else/>ObjectParameter(3)</If></If> on.","<Clickable(<If(Equal(ObjectParameter(1),ObjectParameter(2)))>you<Else/><If(PlayerParameter(7))><SheetEn(ObjStr,2,PlayerParameter(7),1,1)/><Else/>ObjectParameter(2)</If></If>)/> <If(Equal(ObjectParameter(1),ObjectParameter(2)))>cheer<Else/>cheers</If> to the rhythm.",592,740
324,"Cheer Light: Green","emote_sp/sp89_loop","emote_sp/sp89_start","","","","","",False,False,False,"Special","EmoteMode#97",False,True,False,False,False,10036,"/cheerlightgreen","ui/icon/246000/246470.tex","<Clickable(<If(Equal(ObjectParameter(1),ObjectParameter(2)))>you<Else/><If(PlayerParameter(7))><SheetEn(ObjStr,2,PlayerParameter(7),1,1)/><Else/>ObjectParameter(2)</If></If>)/> <If(Equal(ObjectParameter(1),ObjectParameter(2)))>cheer<Else/>cheers</If> <If(Equal(ObjectParameter(1),ObjectParameter(3)))><If(PlayerParameter(8))><SheetEn(ObjStr,2,PlayerParameter(8),1,1)/><Else/>you</If><Else/><If(PlayerParameter(8))><SheetEn(ObjStr,2,PlayerParameter(8),1,1)/><Else/>ObjectParameter(3)</If></If> on.","<Clickable(<If(Equal(ObjectParameter(1),ObjectParameter(2)))>you<Else/><If(PlayerParameter(7))><SheetEn(ObjStr,2,PlayerParameter(7),1,1)/><Else/>ObjectParameter(2)</If></If>)/> <If(Equal(ObjectParameter(1),ObjectParameter(2)))>cheer<Else/>cheers</If> to the rhythm.",593,740
