key,0,1,2,3,4
#,MirageStoreSetItem[0],MirageStoreSetItem[1],,,
int32,MirageStoreSetItem,MirageStoreSetItem,uint32,uint32,uint32
1,"MirageStoreSetItem#0","MirageStoreSetItem#0",0,0,0
2642,"MirageStoreSetItem#45094","MirageStoreSetItem#0",0,0,0
2643,"MirageStoreSetItem#45095","MirageStoreSetItem#0",0,0,0
2650,"MirageStoreSetItem#45112","MirageStoreSetItem#0",0,0,0
2920,"MirageStoreSetItem#50659","MirageStoreSetItem#0",0,0,0
2921,"MirageStoreSetItem#50660","MirageStoreSetItem#0",0,0,0
2922,"MirageStoreSetItem#50661","MirageStoreSetItem#0",0,0,0
2923,"MirageStoreSetItem#50662","MirageStoreSetItem#0",0,0,0
2924,"MirageStoreSetItem#50663","MirageStoreSetItem#0",0,0,0
2925,"MirageStoreSetItem#50664","MirageStoreSetItem#0",0,0,0
2926,"MirageStoreSetItem#50665","MirageStoreSetItem#0",0,0,0
2927,"MirageStoreSetItem#50666","MirageStoreSetItem#0",0,0,0
2928,"MirageStoreSetItem#50667","MirageStoreSetItem#0",0,0,0
2929,"MirageStoreSetItem#50668","MirageStoreSetItem#0",0,0,0
2930,"MirageStoreSetItem#50669","MirageStoreSetItem#0",0,0,0
2965,"MirageStoreSetItem#45094","MirageStoreSetItem#0",0,0,0
2966,"MirageStoreSetItem#45095","MirageStoreSetItem#0",0,0,0
2973,"MirageStoreSetItem#45102","MirageStoreSetItem#0",0,0,0
2974,"MirageStoreSetItem#45103","MirageStoreSetItem#0",0,0,0
2975,"MirageStoreSetItem#45104","MirageStoreSetItem#0",0,0,0
2976,"MirageStoreSetItem#45105","MirageStoreSetItem#0",0,0,0
2977,"MirageStoreSetItem#45106","MirageStoreSetItem#0",0,0,0
2978,"MirageStoreSetItem#45107","MirageStoreSetItem#0",0,0,0
2979,"MirageStoreSetItem#45108","MirageStoreSetItem#0",0,0,0
2980,"MirageStoreSetItem#45109","MirageStoreSetItem#0",0,0,0
2981,"MirageStoreSetItem#45110","MirageStoreSetItem#0",0,0,0
2982,"MirageStoreSetItem#45111","MirageStoreSetItem#0",0,0,0
2983,"MirageStoreSetItem#50467","MirageStoreSetItem#0",0,0,0
2984,"MirageStoreSetItem#50468","MirageStoreSetItem#0",0,0,0
2985,"MirageStoreSetItem#50469","MirageStoreSetItem#0",0,0,0
2986,"MirageStoreSetItem#50470","MirageStoreSetItem#0",0,0,0
2987,"MirageStoreSetItem#50471","MirageStoreSetItem#0",0,0,0
2988,"MirageStoreSetItem#50472","MirageStoreSetItem#0",0,0,0
2989,"MirageStoreSetItem#50473","MirageStoreSetItem#0",0,0,0
2990,"MirageStoreSetItem#50474","MirageStoreSetItem#0",0,0,0
2991,"MirageStoreSetItem#50475","MirageStoreSetItem#0",0,0,0
2992,"MirageStoreSetItem#50476","MirageStoreSetItem#0",0,0,0
2993,"MirageStoreSetItem#45112","MirageStoreSetItem#0",0,0,0
3229,"MirageStoreSetItem#50659","MirageStoreSetItem#0",0,0,0
3230,"MirageStoreSetItem#50660","MirageStoreSetItem#0",0,0,0
3231,"MirageStoreSetItem#50661","MirageStoreSetItem#0",0,0,0
3232,"MirageStoreSetItem#50662","MirageStoreSetItem#0",0,0,0
3233,"MirageStoreSetItem#50663","MirageStoreSetItem#0",0,0,0
3234,"MirageStoreSetItem#50664","MirageStoreSetItem#0",0,0,0
3235,"MirageStoreSetItem#50665","MirageStoreSetItem#0",0,0,0
3236,"MirageStoreSetItem#50666","MirageStoreSetItem#0",0,0,0
3237,"MirageStoreSetItem#50667","MirageStoreSetItem#0",0,0,0
3238,"MirageStoreSetItem#50668","MirageStoreSetItem#0",0,0,0
3239,"MirageStoreSetItem#50669","MirageStoreSetItem#0",0,0,0
3286,"MirageStoreSetItem#45102","MirageStoreSetItem#0",0,0,0
3287,"MirageStoreSetItem#45103","MirageStoreSetItem#0",0,0,0
3288,"MirageStoreSetItem#45104","MirageStoreSetItem#0",0,0,0
3289,"MirageStoreSetItem#45105","MirageStoreSetItem#0",0,0,0
3290,"MirageStoreSetItem#45106","MirageStoreSetItem#0",0,0,0
3291,"MirageStoreSetItem#45107","MirageStoreSetItem#0",0,0,0
3292,"MirageStoreSetItem#45108","MirageStoreSetItem#0",0,0,0
3293,"MirageStoreSetItem#45109","MirageStoreSetItem#0",0,0,0
3294,"MirageStoreSetItem#45110","MirageStoreSetItem#0",0,0,0
3295,"MirageStoreSetItem#45111","MirageStoreSetItem#0",0,0,0
3296,"MirageStoreSetItem#50467","MirageStoreSetItem#0",0,0,0
3297,"MirageStoreSetItem#50468","MirageStoreSetItem#0",0,0,0
3298,"MirageStoreSetItem#50469","MirageStoreSetItem#0",0,0,0
3299,"MirageStoreSetItem#50470","MirageStoreSetItem#0",0,0,0
3300,"MirageStoreSetItem#50471","MirageStoreSetItem#0",0,0,0
3301,"MirageStoreSetItem#50472","MirageStoreSetItem#0",0,0,0
3302,"MirageStoreSetItem#50473","MirageStoreSetItem#0",0,0,0
3303,"MirageStoreSetItem#50474","MirageStoreSetItem#0",0,0,0
3304,"MirageStoreSetItem#50475","MirageStoreSetItem#0",0,0,0
3305,"MirageStoreSetItem#50476","MirageStoreSetItem#0",0,0,0
3481,"MirageStoreSetItem#50659","MirageStoreSetItem#0",0,0,0
3482,"MirageStoreSetItem#50660","MirageStoreSetItem#0",0,0,0
3483,"MirageStoreSetItem#50661","MirageStoreSetItem#0",0,0,0
3484,"MirageStoreSetItem#50662","MirageStoreSetItem#0",0,0,0
3485,"MirageStoreSetItem#50663","MirageStoreSetItem#0",0,0,0
3486,"MirageStoreSetItem#50664","MirageStoreSetItem#0",0,0,0
3487,"MirageStoreSetItem#50665","MirageStoreSetItem#0",0,0,0
3488,"MirageStoreSetItem#50666","MirageStoreSetItem#0",0,0,0
3489,"MirageStoreSetItem#50667","MirageStoreSetItem#0",0,0,0
3490,"MirageStoreSetItem#50668","MirageStoreSetItem#0",0,0,0
3491,"MirageStoreSetItem#50669","MirageStoreSetItem#0",0,0,0
3520,"MirageStoreSetItem#50467","MirageStoreSetItem#0",0,0,0
3521,"MirageStoreSetItem#50468","MirageStoreSetItem#0",0,0,0
3522,"MirageStoreSetItem#50469","MirageStoreSetItem#0",0,0,0
3523,"MirageStoreSetItem#50470","MirageStoreSetItem#0",0,0,0
3524,"MirageStoreSetItem#50471","MirageStoreSetItem#0",0,0,0
3525,"MirageStoreSetItem#50472","MirageStoreSetItem#0",0,0,0
3526,"MirageStoreSetItem#50473","MirageStoreSetItem#0",0,0,0
3527,"MirageStoreSetItem#50474","MirageStoreSetItem#0",0,0,0
3528,"MirageStoreSetItem#50475","MirageStoreSetItem#0",0,0,0
3529,"MirageStoreSetItem#50476","MirageStoreSetItem#0",0,0,0
3706,"MirageStoreSetItem#50659","MirageStoreSetItem#0",0,0,0
3707,"MirageStoreSetItem#50660","MirageStoreSetItem#0",0,0,0
3708,"MirageStoreSetItem#50661","MirageStoreSetItem#0",0,0,0
3709,"MirageStoreSetItem#50662","MirageStoreSetItem#0",0,0,0
3710,"MirageStoreSetItem#50663","MirageStoreSetItem#0",0,0,0
3711,"MirageStoreSetItem#50664","MirageStoreSetItem#0",0,0,0
3712,"MirageStoreSetItem#50665","MirageStoreSetItem#0",0,0,0
3713,"MirageStoreSetItem#50666","MirageStoreSetItem#0",0,0,0
3714,"MirageStoreSetItem#50667","MirageStoreSetItem#0",0,0,0
3715,"MirageStoreSetItem#50668","MirageStoreSetItem#0",0,0,0
3716,"MirageStoreSetItem#50669","MirageStoreSetItem#0",0,0,0
3747,"MirageStoreSetItem#45094","MirageStoreSetItem#0",0,0,0
3750,"MirageStoreSetItem#50467","MirageStoreSetItem#0",0,0,0
3751,"MirageStoreSetItem#50468","MirageStoreSetItem#0",0,0,0
3752,"MirageStoreSetItem#50469","MirageStoreSetItem#0",0,0,0
3753,"MirageStoreSetItem#50470","MirageStoreSetItem#0",0,0,0
3754,"MirageStoreSetItem#50471","MirageStoreSetItem#0",0,0,0
3755,"MirageStoreSetItem#50472","MirageStoreSetItem#0",0,0,0
3756,"MirageStoreSetItem#50473","MirageStoreSetItem#0",0,0,0
3757,"MirageStoreSetItem#50474","MirageStoreSetItem#0",0,0,0
3758,"MirageStoreSetItem#50475","MirageStoreSetItem#0",0,0,0
3759,"MirageStoreSetItem#50476","MirageStoreSetItem#0",0,0,0
3927,"MirageStoreSetItem#50659","MirageStoreSetItem#0",0,0,0
3928,"MirageStoreSetItem#50660","MirageStoreSetItem#0",0,0,0
3929,"MirageStoreSetItem#50661","MirageStoreSetItem#0",0,0,0
3930,"MirageStoreSetItem#50662","MirageStoreSetItem#0",0,0,0
3931,"MirageStoreSetItem#50663","MirageStoreSetItem#0",0,0,0
3932,"MirageStoreSetItem#50664","MirageStoreSetItem#0",0,0,0
3933,"MirageStoreSetItem#50665","MirageStoreSetItem#0",0,0,0
3934,"MirageStoreSetItem#50666","MirageStoreSetItem#0",0,0,0
3935,"MirageStoreSetItem#50667","MirageStoreSetItem#0",0,0,0
3936,"MirageStoreSetItem#50668","MirageStoreSetItem#0",0,0,0
3937,"MirageStoreSetItem#50669","MirageStoreSetItem#0",0,0,0
6041,"MirageStoreSetItem#50486","MirageStoreSetItem#0",0,0,0
6042,"MirageStoreSetItem#50486","MirageStoreSetItem#0",0,0,0
6043,"MirageStoreSetItem#50486","MirageStoreSetItem#0",0,0,0
6044,"MirageStoreSetItem#50486","MirageStoreSetItem#0",0,0,0
6045,"MirageStoreSetItem#50487","MirageStoreSetItem#0",0,0,0
6046,"MirageStoreSetItem#50487","MirageStoreSetItem#0",0,0,0
6047,"MirageStoreSetItem#50487","MirageStoreSetItem#0",0,0,0
6048,"MirageStoreSetItem#50487","MirageStoreSetItem#0",0,0,0
6049,"MirageStoreSetItem#50520","MirageStoreSetItem#0",0,0,0
6050,"MirageStoreSetItem#50520","MirageStoreSetItem#0",0,0,0
6051,"MirageStoreSetItem#50520","MirageStoreSetItem#0",0,0,0
6052,"MirageStoreSetItem#50520","MirageStoreSetItem#0",0,0,0
6053,"MirageStoreSetItem#50520","MirageStoreSetItem#0",0,0,0
6054,"MirageStoreSetItem#50521","MirageStoreSetItem#0",0,0,0
6055,"MirageStoreSetItem#50521","MirageStoreSetItem#0",0,0,0
6056,"MirageStoreSetItem#50521","MirageStoreSetItem#0",0,0,0
6057,"MirageStoreSetItem#50521","MirageStoreSetItem#0",0,0,0
6058,"MirageStoreSetItem#50521","MirageStoreSetItem#0",0,0,0
6059,"MirageStoreSetItem#50522","MirageStoreSetItem#0",0,0,0
6060,"MirageStoreSetItem#50522","MirageStoreSetItem#0",0,0,0
6061,"MirageStoreSetItem#50522","MirageStoreSetItem#0",0,0,0
6062,"MirageStoreSetItem#50522","MirageStoreSetItem#0",0,0,0
6063,"MirageStoreSetItem#50522","MirageStoreSetItem#0",0,0,0
6064,"MirageStoreSetItem#50523","MirageStoreSetItem#0",0,0,0
6065,"MirageStoreSetItem#50523","MirageStoreSetItem#0",0,0,0
6066,"MirageStoreSetItem#50523","MirageStoreSetItem#0",0,0,0
6067,"MirageStoreSetItem#50523","MirageStoreSetItem#0",0,0,0
6068,"MirageStoreSetItem#50523","MirageStoreSetItem#0",0,0,0
6069,"MirageStoreSetItem#50524","MirageStoreSetItem#0",0,0,0
6070,"MirageStoreSetItem#50524","MirageStoreSetItem#0",0,0,0
6071,"MirageStoreSetItem#50524","MirageStoreSetItem#0",0,0,0
6072,"MirageStoreSetItem#50524","MirageStoreSetItem#0",0,0,0
6073,"MirageStoreSetItem#50524","MirageStoreSetItem#0",0,0,0
6074,"MirageStoreSetItem#50525","MirageStoreSetItem#0",0,0,0
6075,"MirageStoreSetItem#50525","MirageStoreSetItem#0",0,0,0
6076,"MirageStoreSetItem#50525","MirageStoreSetItem#0",0,0,0
6077,"MirageStoreSetItem#50525","MirageStoreSetItem#0",0,0,0
6078,"MirageStoreSetItem#50525","MirageStoreSetItem#0",0,0,0
6079,"MirageStoreSetItem#50526","MirageStoreSetItem#0",0,0,0
6080,"MirageStoreSetItem#50526","MirageStoreSetItem#0",0,0,0
6081,"MirageStoreSetItem#50526","MirageStoreSetItem#0",0,0,0
6082,"MirageStoreSetItem#50526","MirageStoreSetItem#0",0,0,0
6083,"MirageStoreSetItem#50526","MirageStoreSetItem#0",0,0,0
6084,"MirageStoreSetItem#50527","MirageStoreSetItem#0",0,0,0
6085,"MirageStoreSetItem#50527","MirageStoreSetItem#0",0,0,0
6086,"MirageStoreSetItem#50527","MirageStoreSetItem#0",0,0,0
6087,"MirageStoreSetItem#50527","MirageStoreSetItem#0",0,0,0
6088,"MirageStoreSetItem#50527","MirageStoreSetItem#0",0,0,0
6089,"MirageStoreSetItem#50528","MirageStoreSetItem#0",0,0,0
6090,"MirageStoreSetItem#50528","MirageStoreSetItem#0",0,0,0
6091,"MirageStoreSetItem#50528","MirageStoreSetItem#0",0,0,0
6092,"MirageStoreSetItem#50528","MirageStoreSetItem#0",0,0,0
6093,"MirageStoreSetItem#50528","MirageStoreSetItem#0",0,0,0
6094,"MirageStoreSetItem#45113","MirageStoreSetItem#0",0,0,0
6095,"MirageStoreSetItem#45113","MirageStoreSetItem#0",0,0,0
6096,"MirageStoreSetItem#45114","MirageStoreSetItem#0",0,0,0
6097,"MirageStoreSetItem#45114","MirageStoreSetItem#0",0,0,0
6098,"MirageStoreSetItem#45115","MirageStoreSetItem#0",0,0,0
6099,"MirageStoreSetItem#45115","MirageStoreSetItem#0",0,0,0
6100,"MirageStoreSetItem#45116","MirageStoreSetItem#0",0,0,0
6101,"MirageStoreSetItem#45116","MirageStoreSetItem#0",0,0,0
6102,"MirageStoreSetItem#45117","MirageStoreSetItem#0",0,0,0
6103,"MirageStoreSetItem#45117","MirageStoreSetItem#0",0,0,0
6104,"MirageStoreSetItem#45118","MirageStoreSetItem#0",0,0,0
6105,"MirageStoreSetItem#45118","MirageStoreSetItem#0",0,0,0
6223,"MirageStoreSetItem#45119","MirageStoreSetItem#0",0,0,0
6224,"MirageStoreSetItem#45119","MirageStoreSetItem#0",0,0,0
6968,"MirageStoreSetItem#45120","MirageStoreSetItem#0",0,0,0
6969,"MirageStoreSetItem#45120","MirageStoreSetItem#0",0,0,0
6970,"MirageStoreSetItem#45120","MirageStoreSetItem#0",0,0,0
6971,"MirageStoreSetItem#45121","MirageStoreSetItem#45122",0,0,0
6972,"MirageStoreSetItem#45121","MirageStoreSetItem#0",0,0,0
6973,"MirageStoreSetItem#45122","MirageStoreSetItem#0",0,0,0
6974,"MirageStoreSetItem#45121","MirageStoreSetItem#45122",0,0,0
6975,"MirageStoreSetItem#45121","MirageStoreSetItem#0",0,0,0
6976,"MirageStoreSetItem#45122","MirageStoreSetItem#0",0,0,0
6977,"MirageStoreSetItem#45121","MirageStoreSetItem#45122",0,0,0
6978,"MirageStoreSetItem#45123","MirageStoreSetItem#0",0,0,0
6979,"MirageStoreSetItem#45123","MirageStoreSetItem#0",0,0,0
6980,"MirageStoreSetItem#45123","MirageStoreSetItem#0",0,0,0
6981,"MirageStoreSetItem#45123","MirageStoreSetItem#0",0,0,0
6982,"MirageStoreSetItem#45124","MirageStoreSetItem#0",0,0,0
6983,"MirageStoreSetItem#45124","MirageStoreSetItem#0",0,0,0
7360,"MirageStoreSetItem#50633","MirageStoreSetItem#0",0,0,0
7361,"MirageStoreSetItem#50633","MirageStoreSetItem#0",0,0,0
7362,"MirageStoreSetItem#50633","MirageStoreSetItem#0",0,0,0
7363,"MirageStoreSetItem#50633","MirageStoreSetItem#0",0,0,0
7364,"MirageStoreSetItem#50633","MirageStoreSetItem#0",0,0,0
7366,"MirageStoreSetItem#50634","MirageStoreSetItem#0",0,0,0
7367,"MirageStoreSetItem#50634","MirageStoreSetItem#0",0,0,0
7368,"MirageStoreSetItem#50634","MirageStoreSetItem#0",0,0,0
7369,"MirageStoreSetItem#50634","MirageStoreSetItem#0",0,0,0
7370,"MirageStoreSetItem#50634","MirageStoreSetItem#0",0,0,0
7372,"MirageStoreSetItem#50635","MirageStoreSetItem#0",0,0,0
7373,"MirageStoreSetItem#50635","MirageStoreSetItem#0",0,0,0
7374,"MirageStoreSetItem#50635","MirageStoreSetItem#0",0,0,0
7375,"MirageStoreSetItem#50635","MirageStoreSetItem#0",0,0,0
7376,"MirageStoreSetItem#50635","MirageStoreSetItem#0",0,0,0
7378,"MirageStoreSetItem#50636","MirageStoreSetItem#0",0,0,0
7379,"MirageStoreSetItem#50636","MirageStoreSetItem#0",0,0,0
7380,"MirageStoreSetItem#50636","MirageStoreSetItem#0",0,0,0
7381,"MirageStoreSetItem#50636","MirageStoreSetItem#0",0,0,0
7382,"MirageStoreSetItem#50636","MirageStoreSetItem#0",0,0,0
7384,"MirageStoreSetItem#50637","MirageStoreSetItem#0",0,0,0
7385,"MirageStoreSetItem#50637","MirageStoreSetItem#0",0,0,0
7386,"MirageStoreSetItem#50637","MirageStoreSetItem#0",0,0,0
7387,"MirageStoreSetItem#50637","MirageStoreSetItem#0",0,0,0
7388,"MirageStoreSetItem#50637","MirageStoreSetItem#0",0,0,0
7390,"MirageStoreSetItem#50638","MirageStoreSetItem#0",0,0,0
7391,"MirageStoreSetItem#50638","MirageStoreSetItem#0",0,0,0
7392,"MirageStoreSetItem#50638","MirageStoreSetItem#0",0,0,0
7393,"MirageStoreSetItem#50638","MirageStoreSetItem#0",0,0,0
7394,"MirageStoreSetItem#50638","MirageStoreSetItem#0",0,0,0
7396,"MirageStoreSetItem#50639","MirageStoreSetItem#0",0,0,0
7397,"MirageStoreSetItem#50639","MirageStoreSetItem#0",0,0,0
7398,"MirageStoreSetItem#50639","MirageStoreSetItem#0",0,0,0
7399,"MirageStoreSetItem#50639","MirageStoreSetItem#0",0,0,0
7400,"MirageStoreSetItem#50639","MirageStoreSetItem#0",0,0,0
7402,"MirageStoreSetItem#50640","MirageStoreSetItem#0",0,0,0
7403,"MirageStoreSetItem#50640","MirageStoreSetItem#0",0,0,0
7404,"MirageStoreSetItem#50640","MirageStoreSetItem#0",0,0,0
7405,"MirageStoreSetItem#50640","MirageStoreSetItem#0",0,0,0
7406,"MirageStoreSetItem#50640","MirageStoreSetItem#0",0,0,0
7408,"MirageStoreSetItem#50641","MirageStoreSetItem#0",0,0,0
7409,"MirageStoreSetItem#50641","MirageStoreSetItem#0",0,0,0
7410,"MirageStoreSetItem#50641","MirageStoreSetItem#0",0,0,0
7411,"MirageStoreSetItem#50641","MirageStoreSetItem#0",0,0,0
7412,"MirageStoreSetItem#50641","MirageStoreSetItem#0",0,0,0
7535,"MirageStoreSetItem#45125","MirageStoreSetItem#0",0,0,0
7537,"MirageStoreSetItem#45125","MirageStoreSetItem#0",0,0,0
7538,"MirageStoreSetItem#45125","MirageStoreSetItem#0",0,0,0
7539,"MirageStoreSetItem#45126","MirageStoreSetItem#0",0,0,0
7540,"MirageStoreSetItem#45126","MirageStoreSetItem#0",0,0,0
7541,"MirageStoreSetItem#45126","MirageStoreSetItem#0",0,0,0
7542,"MirageStoreSetItem#45126","MirageStoreSetItem#0",0,0,0
7546,"MirageStoreSetItem#45127","MirageStoreSetItem#0",0,0,0
7547,"MirageStoreSetItem#45127","MirageStoreSetItem#0",0,0,0
7548,"MirageStoreSetItem#45128","MirageStoreSetItem#0",0,0,0
7549,"MirageStoreSetItem#45128","MirageStoreSetItem#0",0,0,0
7953,"MirageStoreSetItem#50529","MirageStoreSetItem#0",0,0,0
7954,"MirageStoreSetItem#50529","MirageStoreSetItem#0",0,0,0
7955,"MirageStoreSetItem#50529","MirageStoreSetItem#0",0,0,0
7956,"MirageStoreSetItem#50529","MirageStoreSetItem#0",0,0,0
7957,"MirageStoreSetItem#50529","MirageStoreSetItem#0",0,0,0
8111,"MirageStoreSetItem#45129","MirageStoreSetItem#0",0,0,0
8116,"MirageStoreSetItem#45129","MirageStoreSetItem#0",0,0,0
8119,"MirageStoreSetItem#45129","MirageStoreSetItem#0",0,0,0
8391,"MirageStoreSetItem#50510","MirageStoreSetItem#0",0,0,0
8392,"MirageStoreSetItem#50510","MirageStoreSetItem#0",0,0,0
8393,"MirageStoreSetItem#50510","MirageStoreSetItem#0",0,0,0
8394,"MirageStoreSetItem#50510","MirageStoreSetItem#0",0,0,0
8395,"MirageStoreSetItem#50510","MirageStoreSetItem#0",0,0,0
8396,"MirageStoreSetItem#50511","MirageStoreSetItem#0",0,0,0
8397,"MirageStoreSetItem#50511","MirageStoreSetItem#0",0,0,0
8398,"MirageStoreSetItem#50511","MirageStoreSetItem#0",0,0,0
8399,"MirageStoreSetItem#50511","MirageStoreSetItem#0",0,0,0
8400,"MirageStoreSetItem#50511","MirageStoreSetItem#0",0,0,0
8401,"MirageStoreSetItem#50512","MirageStoreSetItem#0",0,0,0
8402,"MirageStoreSetItem#50512","MirageStoreSetItem#0",0,0,0
8403,"MirageStoreSetItem#50512","MirageStoreSetItem#0",0,0,0
8404,"MirageStoreSetItem#50512","MirageStoreSetItem#0",0,0,0
8405,"MirageStoreSetItem#50512","MirageStoreSetItem#0",0,0,0
8406,"MirageStoreSetItem#50513","MirageStoreSetItem#0",0,0,0
8407,"MirageStoreSetItem#50513","MirageStoreSetItem#0",0,0,0
8408,"MirageStoreSetItem#50513","MirageStoreSetItem#0",0,0,0
8409,"MirageStoreSetItem#50513","MirageStoreSetItem#0",0,0,0
8410,"MirageStoreSetItem#50513","MirageStoreSetItem#0",0,0,0
8411,"MirageStoreSetItem#50514","MirageStoreSetItem#0",0,0,0
8412,"MirageStoreSetItem#50514","MirageStoreSetItem#0",0,0,0
8413,"MirageStoreSetItem#50514","MirageStoreSetItem#0",0,0,0
8414,"MirageStoreSetItem#50514","MirageStoreSetItem#0",0,0,0
8415,"MirageStoreSetItem#50514","MirageStoreSetItem#0",0,0,0
8416,"MirageStoreSetItem#50515","MirageStoreSetItem#0",0,0,0
8417,"MirageStoreSetItem#50515","MirageStoreSetItem#0",0,0,0
8418,"MirageStoreSetItem#50515","MirageStoreSetItem#0",0,0,0
8419,"MirageStoreSetItem#50515","MirageStoreSetItem#0",0,0,0
8420,"MirageStoreSetItem#50515","MirageStoreSetItem#0",0,0,0
8421,"MirageStoreSetItem#50516","MirageStoreSetItem#0",0,0,0
8422,"MirageStoreSetItem#50516","MirageStoreSetItem#0",0,0,0
8423,"MirageStoreSetItem#50516","MirageStoreSetItem#0",0,0,0
8424,"MirageStoreSetItem#50516","MirageStoreSetItem#0",0,0,0
8425,"MirageStoreSetItem#50516","MirageStoreSetItem#0",0,0,0
8426,"MirageStoreSetItem#50517","MirageStoreSetItem#0",0,0,0
8427,"MirageStoreSetItem#50517","MirageStoreSetItem#0",0,0,0
8428,"MirageStoreSetItem#50517","MirageStoreSetItem#0",0,0,0
8429,"MirageStoreSetItem#50517","MirageStoreSetItem#0",0,0,0
8430,"MirageStoreSetItem#50517","MirageStoreSetItem#0",0,0,0
8431,"MirageStoreSetItem#50518","MirageStoreSetItem#0",0,0,0
8432,"MirageStoreSetItem#50518","MirageStoreSetItem#0",0,0,0
8433,"MirageStoreSetItem#50518","MirageStoreSetItem#0",0,0,0
8434,"MirageStoreSetItem#50518","MirageStoreSetItem#0",0,0,0
8435,"MirageStoreSetItem#50518","MirageStoreSetItem#0",0,0,0
8542,"MirageStoreSetItem#45130","MirageStoreSetItem#0",0,0,0
8543,"MirageStoreSetItem#45130","MirageStoreSetItem#0",0,0,0
8544,"MirageStoreSetItem#45131","MirageStoreSetItem#0",0,0,0
8545,"MirageStoreSetItem#45131","MirageStoreSetItem#0",0,0,0
8546,"MirageStoreSetItem#45132","MirageStoreSetItem#45590",0,0,0
8547,"MirageStoreSetItem#45132","MirageStoreSetItem#0",0,0,0
8548,"MirageStoreSetItem#45590","MirageStoreSetItem#0",0,0,0
8549,"MirageStoreSetItem#45133","MirageStoreSetItem#0",0,0,0
8550,"MirageStoreSetItem#45133","MirageStoreSetItem#0",0,0,0
8551,"MirageStoreSetItem#45134","MirageStoreSetItem#0",0,0,0
8552,"MirageStoreSetItem#45134","MirageStoreSetItem#0",0,0,0
8553,"MirageStoreSetItem#45135","MirageStoreSetItem#45136",0,0,0
8554,"MirageStoreSetItem#45135","MirageStoreSetItem#0",0,0,0
8555,"MirageStoreSetItem#45136","MirageStoreSetItem#0",0,0,0
8557,"MirageStoreSetItem#45137","MirageStoreSetItem#0",0,0,0
8558,"MirageStoreSetItem#45138","MirageStoreSetItem#0",0,0,0
8559,"MirageStoreSetItem#45137","MirageStoreSetItem#45138",0,0,0
8560,"MirageStoreSetItem#45137","MirageStoreSetItem#45138",0,0,0
8561,"MirageStoreSetItem#45137","MirageStoreSetItem#45138",0,0,0
8669,"MirageStoreSetItem#45139","MirageStoreSetItem#0",0,0,0
8670,"MirageStoreSetItem#45140","MirageStoreSetItem#0",0,0,0
8671,"MirageStoreSetItem#45141","MirageStoreSetItem#0",0,0,0
8672,"MirageStoreSetItem#45139","MirageStoreSetItem#0",0,0,0
8673,"MirageStoreSetItem#45140","MirageStoreSetItem#0",0,0,0
8674,"MirageStoreSetItem#45141","MirageStoreSetItem#0",0,0,0
8675,"MirageStoreSetItem#45139","MirageStoreSetItem#0",0,0,0
8676,"MirageStoreSetItem#45140","MirageStoreSetItem#0",0,0,0
8677,"MirageStoreSetItem#45141","MirageStoreSetItem#0",0,0,0
8678,"MirageStoreSetItem#45139","MirageStoreSetItem#0",0,0,0
8679,"MirageStoreSetItem#45140","MirageStoreSetItem#0",0,0,0
8680,"MirageStoreSetItem#45141","MirageStoreSetItem#0",0,0,0
8681,"MirageStoreSetItem#45142","MirageStoreSetItem#0",0,0,0
8682,"MirageStoreSetItem#45143","MirageStoreSetItem#0",0,0,0
8683,"MirageStoreSetItem#45144","MirageStoreSetItem#0",0,0,0
8684,"MirageStoreSetItem#45142","MirageStoreSetItem#0",0,0,0
8685,"MirageStoreSetItem#45143","MirageStoreSetItem#0",0,0,0
8686,"MirageStoreSetItem#45144","MirageStoreSetItem#0",0,0,0
8687,"MirageStoreSetItem#45142","MirageStoreSetItem#0",0,0,0
8688,"MirageStoreSetItem#45143","MirageStoreSetItem#0",0,0,0
8689,"MirageStoreSetItem#45144","MirageStoreSetItem#0",0,0,0
8690,"MirageStoreSetItem#45142","MirageStoreSetItem#0",0,0,0
8691,"MirageStoreSetItem#45143","MirageStoreSetItem#0",0,0,0
8692,"MirageStoreSetItem#45144","MirageStoreSetItem#0",0,0,0
8706,"MirageStoreSetItem#45145","MirageStoreSetItem#0",0,0,0
8707,"MirageStoreSetItem#45145","MirageStoreSetItem#0",0,0,0
8708,"MirageStoreSetItem#45145","MirageStoreSetItem#0",0,0,0
8709,"MirageStoreSetItem#45145","MirageStoreSetItem#0",0,0,0
8710,"MirageStoreSetItem#45145","MirageStoreSetItem#0",0,0,0
8711,"MirageStoreSetItem#45146","MirageStoreSetItem#0",0,0,0
8712,"MirageStoreSetItem#45146","MirageStoreSetItem#0",0,0,0
8713,"MirageStoreSetItem#45146","MirageStoreSetItem#0",0,0,0
8714,"MirageStoreSetItem#45146","MirageStoreSetItem#0",0,0,0
9093,"MirageStoreSetItem#50646","MirageStoreSetItem#0",0,0,0
9094,"MirageStoreSetItem#50646","MirageStoreSetItem#0",0,0,0
9095,"MirageStoreSetItem#50646","MirageStoreSetItem#0",0,0,0
9096,"MirageStoreSetItem#50646","MirageStoreSetItem#0",0,0,0
9097,"MirageStoreSetItem#50646","MirageStoreSetItem#0",0,0,0
9099,"MirageStoreSetItem#50647","MirageStoreSetItem#0",0,0,0
9100,"MirageStoreSetItem#50647","MirageStoreSetItem#0",0,0,0
9101,"MirageStoreSetItem#50647","MirageStoreSetItem#0",0,0,0
9102,"MirageStoreSetItem#50647","MirageStoreSetItem#0",0,0,0
9103,"MirageStoreSetItem#50647","MirageStoreSetItem#0",0,0,0
9105,"MirageStoreSetItem#50648","MirageStoreSetItem#0",0,0,0
9106,"MirageStoreSetItem#50648","MirageStoreSetItem#0",0,0,0
9107,"MirageStoreSetItem#50648","MirageStoreSetItem#0",0,0,0
9108,"MirageStoreSetItem#50648","MirageStoreSetItem#0",0,0,0
9109,"MirageStoreSetItem#50648","MirageStoreSetItem#0",0,0,0
9111,"MirageStoreSetItem#50649","MirageStoreSetItem#0",0,0,0
9112,"MirageStoreSetItem#50649","MirageStoreSetItem#0",0,0,0
9113,"MirageStoreSetItem#50649","MirageStoreSetItem#0",0,0,0
9114,"MirageStoreSetItem#50649","MirageStoreSetItem#0",0,0,0
9115,"MirageStoreSetItem#50649","MirageStoreSetItem#0",0,0,0
9117,"MirageStoreSetItem#50650","MirageStoreSetItem#0",0,0,0
9118,"MirageStoreSetItem#50650","MirageStoreSetItem#0",0,0,0
9119,"MirageStoreSetItem#50650","MirageStoreSetItem#0",0,0,0
9120,"MirageStoreSetItem#50650","MirageStoreSetItem#0",0,0,0
9121,"MirageStoreSetItem#50650","MirageStoreSetItem#0",0,0,0
9123,"MirageStoreSetItem#50651","MirageStoreSetItem#0",0,0,0
9124,"MirageStoreSetItem#50651","MirageStoreSetItem#0",0,0,0
9125,"MirageStoreSetItem#50651","MirageStoreSetItem#0",0,0,0
9126,"MirageStoreSetItem#50651","MirageStoreSetItem#0",0,0,0
9127,"MirageStoreSetItem#50651","MirageStoreSetItem#0",0,0,0
9129,"MirageStoreSetItem#50652","MirageStoreSetItem#0",0,0,0
9130,"MirageStoreSetItem#50652","MirageStoreSetItem#0",0,0,0
9131,"MirageStoreSetItem#50652","MirageStoreSetItem#0",0,0,0
9132,"MirageStoreSetItem#50652","MirageStoreSetItem#0",0,0,0
9133,"MirageStoreSetItem#50652","MirageStoreSetItem#0",0,0,0
9135,"MirageStoreSetItem#50653","MirageStoreSetItem#0",0,0,0
9136,"MirageStoreSetItem#50653","MirageStoreSetItem#0",0,0,0
9137,"MirageStoreSetItem#50653","MirageStoreSetItem#0",0,0,0
9138,"MirageStoreSetItem#50653","MirageStoreSetItem#0",0,0,0
9139,"MirageStoreSetItem#50653","MirageStoreSetItem#0",0,0,0
9141,"MirageStoreSetItem#50654","MirageStoreSetItem#0",0,0,0
9142,"MirageStoreSetItem#50654","MirageStoreSetItem#0",0,0,0
9143,"MirageStoreSetItem#50654","MirageStoreSetItem#0",0,0,0
9144,"MirageStoreSetItem#50654","MirageStoreSetItem#0",0,0,0
9145,"MirageStoreSetItem#50654","MirageStoreSetItem#0",0,0,0
9147,"MirageStoreSetItem#50655","MirageStoreSetItem#0",0,0,0
9148,"MirageStoreSetItem#50655","MirageStoreSetItem#0",0,0,0
9149,"MirageStoreSetItem#50655","MirageStoreSetItem#0",0,0,0
9150,"MirageStoreSetItem#50655","MirageStoreSetItem#0",0,0,0
9151,"MirageStoreSetItem#50655","MirageStoreSetItem#0",0,0,0
9257,"MirageStoreSetItem#50519","MirageStoreSetItem#0",0,0,0
9258,"MirageStoreSetItem#50519","MirageStoreSetItem#0",0,0,0
9259,"MirageStoreSetItem#50519","MirageStoreSetItem#0",0,0,0
9260,"MirageStoreSetItem#50519","MirageStoreSetItem#0",0,0,0
9261,"MirageStoreSetItem#50519","MirageStoreSetItem#0",0,0,0
9262,"MirageStoreSetItem#50642","MirageStoreSetItem#0",0,0,0
9263,"MirageStoreSetItem#50642","MirageStoreSetItem#0",0,0,0
9264,"MirageStoreSetItem#50642","MirageStoreSetItem#0",0,0,0
9265,"MirageStoreSetItem#50642","MirageStoreSetItem#0",0,0,0
9266,"MirageStoreSetItem#50642","MirageStoreSetItem#0",0,0,0
9272,"MirageStoreSetItem#45147","MirageStoreSetItem#0",0,0,0
9273,"MirageStoreSetItem#45147","MirageStoreSetItem#0",0,0,0
9274,"MirageStoreSetItem#45147","MirageStoreSetItem#0",0,0,0
9275,"MirageStoreSetItem#45147","MirageStoreSetItem#0",0,0,0
9283,"MirageStoreSetItem#45148","MirageStoreSetItem#0",0,0,0
9284,"MirageStoreSetItem#45148","MirageStoreSetItem#0",0,0,0
9285,"MirageStoreSetItem#45148","MirageStoreSetItem#0",0,0,0
9286,"MirageStoreSetItem#45149","MirageStoreSetItem#0",0,0,0
9287,"MirageStoreSetItem#45149","MirageStoreSetItem#0",0,0,0
9288,"MirageStoreSetItem#45149","MirageStoreSetItem#0",0,0,0
9292,"MirageStoreSetItem#45156","MirageStoreSetItem#0",0,0,0
9293,"MirageStoreSetItem#45156","MirageStoreSetItem#0",0,0,0
9294,"MirageStoreSetItem#45156","MirageStoreSetItem#0",0,0,0
9295,"MirageStoreSetItem#45156","MirageStoreSetItem#0",0,0,0
9645,"MirageStoreSetItem#50477","MirageStoreSetItem#0",0,0,0
9646,"MirageStoreSetItem#50477","MirageStoreSetItem#0",0,0,0
9647,"MirageStoreSetItem#50477","MirageStoreSetItem#0",0,0,0
9648,"MirageStoreSetItem#50477","MirageStoreSetItem#0",0,0,0
9649,"MirageStoreSetItem#50478","MirageStoreSetItem#0",0,0,0
9650,"MirageStoreSetItem#50478","MirageStoreSetItem#0",0,0,0
9651,"MirageStoreSetItem#50478","MirageStoreSetItem#0",0,0,0
9652,"MirageStoreSetItem#50478","MirageStoreSetItem#0",0,0,0
10005,"MirageStoreSetItem#45150","MirageStoreSetItem#0",0,0,0
10006,"MirageStoreSetItem#45150","MirageStoreSetItem#0",0,0,0
10007,"MirageStoreSetItem#45150","MirageStoreSetItem#0",0,0,0
10008,"MirageStoreSetItem#45150","MirageStoreSetItem#0",0,0,0
10009,"MirageStoreSetItem#45151","MirageStoreSetItem#0",0,0,0
10010,"MirageStoreSetItem#45151","MirageStoreSetItem#0",0,0,0
10011,"MirageStoreSetItem#45151","MirageStoreSetItem#0",0,0,0
10012,"MirageStoreSetItem#45151","MirageStoreSetItem#0",0,0,0
10013,"MirageStoreSetItem#45151","MirageStoreSetItem#0",0,0,0
10014,"MirageStoreSetItem#45152","MirageStoreSetItem#0",0,0,0
10015,"MirageStoreSetItem#45152","MirageStoreSetItem#0",0,0,0
10017,"MirageStoreSetItem#45153","MirageStoreSetItem#0",0,0,0
10018,"MirageStoreSetItem#45153","MirageStoreSetItem#0",0,0,0
10019,"MirageStoreSetItem#45154","MirageStoreSetItem#0",0,0,0
10020,"MirageStoreSetItem#45154","MirageStoreSetItem#0",0,0,0
10021,"MirageStoreSetItem#45155","MirageStoreSetItem#0",0,0,0
10022,"MirageStoreSetItem#45155","MirageStoreSetItem#0",0,0,0
10023,"MirageStoreSetItem#45155","MirageStoreSetItem#0",0,0,0
10032,"MirageStoreSetItem#45156","MirageStoreSetItem#0",0,0,0
10033,"MirageStoreSetItem#45156","MirageStoreSetItem#0",0,0,0
10034,"MirageStoreSetItem#45156","MirageStoreSetItem#0",0,0,0
10035,"MirageStoreSetItem#45156","MirageStoreSetItem#0",0,0,0
10036,"MirageStoreSetItem#45156","MirageStoreSetItem#0",0,0,0
10042,"MirageStoreSetItem#45157","MirageStoreSetItem#0",0,0,0
10043,"MirageStoreSetItem#45157","MirageStoreSetItem#0",0,0,0
10044,"MirageStoreSetItem#45157","MirageStoreSetItem#0",0,0,0
10045,"MirageStoreSetItem#45157","MirageStoreSetItem#0",0,0,0
10143,"MirageStoreSetItem#45158","MirageStoreSetItem#0",0,0,0
10144,"MirageStoreSetItem#45158","MirageStoreSetItem#0",0,0,0
10316,"MirageStoreSetItem#45159","MirageStoreSetItem#0",0,0,0
10317,"MirageStoreSetItem#45160","MirageStoreSetItem#0",0,0,0
10318,"MirageStoreSetItem#45159","MirageStoreSetItem#45161",0,0,0
10319,"MirageStoreSetItem#45160","MirageStoreSetItem#45162",0,0,0
10320,"MirageStoreSetItem#45161","MirageStoreSetItem#0",0,0,0
10321,"MirageStoreSetItem#45162","MirageStoreSetItem#0",0,0,0
10387,"MirageStoreSetItem#45163","MirageStoreSetItem#0",0,0,0
10388,"MirageStoreSetItem#45163","MirageStoreSetItem#0",0,0,0
10389,"MirageStoreSetItem#45163","MirageStoreSetItem#0",0,0,0
10390,"MirageStoreSetItem#45163","MirageStoreSetItem#0",0,0,0
10391,"MirageStoreSetItem#45163","MirageStoreSetItem#0",0,0,0
10392,"MirageStoreSetItem#45164","MirageStoreSetItem#0",0,0,0
10393,"MirageStoreSetItem#45164","MirageStoreSetItem#0",0,0,0
10394,"MirageStoreSetItem#45164","MirageStoreSetItem#0",0,0,0
10395,"MirageStoreSetItem#45164","MirageStoreSetItem#0",0,0,0
10396,"MirageStoreSetItem#45164","MirageStoreSetItem#0",0,0,0
10397,"MirageStoreSetItem#45165","MirageStoreSetItem#0",0,0,0
10398,"MirageStoreSetItem#45165","MirageStoreSetItem#0",0,0,0
11779,"MirageStoreSetItem#50530","MirageStoreSetItem#0",0,0,0
11780,"MirageStoreSetItem#50530","MirageStoreSetItem#0",0,0,0
11781,"MirageStoreSetItem#50530","MirageStoreSetItem#0",0,0,0
11782,"MirageStoreSetItem#50530","MirageStoreSetItem#0",0,0,0
11783,"MirageStoreSetItem#50530","MirageStoreSetItem#0",0,0,0
11784,"MirageStoreSetItem#50531","MirageStoreSetItem#0",0,0,0
11785,"MirageStoreSetItem#50531","MirageStoreSetItem#0",0,0,0
11786,"MirageStoreSetItem#50531","MirageStoreSetItem#0",0,0,0
11787,"MirageStoreSetItem#50531","MirageStoreSetItem#0",0,0,0
11788,"MirageStoreSetItem#50531","MirageStoreSetItem#0",0,0,0
11789,"MirageStoreSetItem#50532","MirageStoreSetItem#0",0,0,0
11790,"MirageStoreSetItem#50532","MirageStoreSetItem#0",0,0,0
11791,"MirageStoreSetItem#50532","MirageStoreSetItem#0",0,0,0
11792,"MirageStoreSetItem#50532","MirageStoreSetItem#0",0,0,0
11793,"MirageStoreSetItem#50532","MirageStoreSetItem#0",0,0,0
11794,"MirageStoreSetItem#50533","MirageStoreSetItem#0",0,0,0
11795,"MirageStoreSetItem#50533","MirageStoreSetItem#0",0,0,0
11796,"MirageStoreSetItem#50533","MirageStoreSetItem#0",0,0,0
11797,"MirageStoreSetItem#50533","MirageStoreSetItem#0",0,0,0
11798,"MirageStoreSetItem#50533","MirageStoreSetItem#0",0,0,0
11799,"MirageStoreSetItem#50534","MirageStoreSetItem#0",0,0,0
11800,"MirageStoreSetItem#50534","MirageStoreSetItem#0",0,0,0
11801,"MirageStoreSetItem#50534","MirageStoreSetItem#0",0,0,0
11802,"MirageStoreSetItem#50534","MirageStoreSetItem#0",0,0,0
11803,"MirageStoreSetItem#50534","MirageStoreSetItem#0",0,0,0
11804,"MirageStoreSetItem#50539","MirageStoreSetItem#0",0,0,0
11805,"MirageStoreSetItem#50539","MirageStoreSetItem#0",0,0,0
11806,"MirageStoreSetItem#50539","MirageStoreSetItem#0",0,0,0
11807,"MirageStoreSetItem#50539","MirageStoreSetItem#0",0,0,0
11808,"MirageStoreSetItem#50539","MirageStoreSetItem#0",0,0,0
11809,"MirageStoreSetItem#50540","MirageStoreSetItem#0",0,0,0
11810,"MirageStoreSetItem#50540","MirageStoreSetItem#0",0,0,0
11811,"MirageStoreSetItem#50540","MirageStoreSetItem#0",0,0,0
11812,"MirageStoreSetItem#50540","MirageStoreSetItem#0",0,0,0
11813,"MirageStoreSetItem#50540","MirageStoreSetItem#0",0,0,0
11814,"MirageStoreSetItem#50541","MirageStoreSetItem#0",0,0,0
11815,"MirageStoreSetItem#50541","MirageStoreSetItem#0",0,0,0
11816,"MirageStoreSetItem#50541","MirageStoreSetItem#0",0,0,0
11817,"MirageStoreSetItem#50541","MirageStoreSetItem#0",0,0,0
11818,"MirageStoreSetItem#50541","MirageStoreSetItem#0",0,0,0
11819,"MirageStoreSetItem#50535","MirageStoreSetItem#0",0,0,0
11820,"MirageStoreSetItem#50535","MirageStoreSetItem#0",0,0,0
11821,"MirageStoreSetItem#50535","MirageStoreSetItem#0",0,0,0
11822,"MirageStoreSetItem#50535","MirageStoreSetItem#0",0,0,0
11823,"MirageStoreSetItem#50535","MirageStoreSetItem#0",0,0,0
11824,"MirageStoreSetItem#50536","MirageStoreSetItem#0",0,0,0
11825,"MirageStoreSetItem#50536","MirageStoreSetItem#0",0,0,0
11826,"MirageStoreSetItem#50536","MirageStoreSetItem#0",0,0,0
11827,"MirageStoreSetItem#50536","MirageStoreSetItem#0",0,0,0
11828,"MirageStoreSetItem#50536","MirageStoreSetItem#0",0,0,0
11829,"MirageStoreSetItem#50537","MirageStoreSetItem#0",0,0,0
11830,"MirageStoreSetItem#50537","MirageStoreSetItem#0",0,0,0
11831,"MirageStoreSetItem#50537","MirageStoreSetItem#0",0,0,0
11832,"MirageStoreSetItem#50537","MirageStoreSetItem#0",0,0,0
11833,"MirageStoreSetItem#50537","MirageStoreSetItem#0",0,0,0
11834,"MirageStoreSetItem#50538","MirageStoreSetItem#0",0,0,0
11835,"MirageStoreSetItem#50538","MirageStoreSetItem#0",0,0,0
11836,"MirageStoreSetItem#50538","MirageStoreSetItem#0",0,0,0
11837,"MirageStoreSetItem#50538","MirageStoreSetItem#0",0,0,0
11838,"MirageStoreSetItem#50538","MirageStoreSetItem#0",0,0,0
11839,"MirageStoreSetItem#50542","MirageStoreSetItem#0",0,0,0
11840,"MirageStoreSetItem#50542","MirageStoreSetItem#0",0,0,0
11841,"MirageStoreSetItem#50542","MirageStoreSetItem#0",0,0,0
11842,"MirageStoreSetItem#50542","MirageStoreSetItem#0",0,0,0
11843,"MirageStoreSetItem#50542","MirageStoreSetItem#0",0,0,0
12035,"MirageStoreSetItem#45166","MirageStoreSetItem#0",0,0,0
12036,"MirageStoreSetItem#45166","MirageStoreSetItem#0",0,0,0
12037,"MirageStoreSetItem#45166","MirageStoreSetItem#0",0,0,0
12038,"MirageStoreSetItem#45166","MirageStoreSetItem#0",0,0,0
12039,"MirageStoreSetItem#45166","MirageStoreSetItem#0",0,0,0
12476,"MirageStoreSetItem#50643","MirageStoreSetItem#0",0,0,0
12477,"MirageStoreSetItem#50643","MirageStoreSetItem#0",0,0,0
12478,"MirageStoreSetItem#50643","MirageStoreSetItem#0",0,0,0
12479,"MirageStoreSetItem#50643","MirageStoreSetItem#0",0,0,0
12480,"MirageStoreSetItem#50643","MirageStoreSetItem#0",0,0,0
12482,"MirageStoreSetItem#50656","MirageStoreSetItem#0",0,0,0
12483,"MirageStoreSetItem#50656","MirageStoreSetItem#0",0,0,0
12484,"MirageStoreSetItem#50656","MirageStoreSetItem#0",0,0,0
12485,"MirageStoreSetItem#50656","MirageStoreSetItem#0",0,0,0
12486,"MirageStoreSetItem#50656","MirageStoreSetItem#0",0,0,0
12488,"MirageStoreSetItem#50644","MirageStoreSetItem#0",0,0,0
12489,"MirageStoreSetItem#50644","MirageStoreSetItem#0",0,0,0
12490,"MirageStoreSetItem#50644","MirageStoreSetItem#0",0,0,0
12491,"MirageStoreSetItem#50644","MirageStoreSetItem#0",0,0,0
12492,"MirageStoreSetItem#50644","MirageStoreSetItem#0",0,0,0
12494,"MirageStoreSetItem#50657","MirageStoreSetItem#0",0,0,0
12495,"MirageStoreSetItem#50657","MirageStoreSetItem#0",0,0,0
12496,"MirageStoreSetItem#50657","MirageStoreSetItem#0",0,0,0
12497,"MirageStoreSetItem#50657","MirageStoreSetItem#0",0,0,0
12498,"MirageStoreSetItem#50657","MirageStoreSetItem#0",0,0,0
12500,"MirageStoreSetItem#50645","MirageStoreSetItem#0",0,0,0
12501,"MirageStoreSetItem#50645","MirageStoreSetItem#0",0,0,0
12502,"MirageStoreSetItem#50645","MirageStoreSetItem#0",0,0,0
12503,"MirageStoreSetItem#50645","MirageStoreSetItem#0",0,0,0
12504,"MirageStoreSetItem#50645","MirageStoreSetItem#0",0,0,0
12506,"MirageStoreSetItem#50658","MirageStoreSetItem#0",0,0,0
12507,"MirageStoreSetItem#50658","MirageStoreSetItem#0",0,0,0
12508,"MirageStoreSetItem#50658","MirageStoreSetItem#0",0,0,0
12509,"MirageStoreSetItem#50658","MirageStoreSetItem#0",0,0,0
12510,"MirageStoreSetItem#50658","MirageStoreSetItem#0",0,0,0
12513,"MirageStoreSetItem#50488","MirageStoreSetItem#0",0,0,0
12514,"MirageStoreSetItem#50488","MirageStoreSetItem#0",0,0,0
12515,"MirageStoreSetItem#50488","MirageStoreSetItem#0",0,0,0
12516,"MirageStoreSetItem#50488","MirageStoreSetItem#0",0,0,0
12517,"MirageStoreSetItem#50488","MirageStoreSetItem#0",0,0,0
13099,"MirageStoreSetItem#45167","MirageStoreSetItem#0",0,0,0
13100,"MirageStoreSetItem#45167","MirageStoreSetItem#0",0,0,0
13101,"MirageStoreSetItem#45167","MirageStoreSetItem#0",0,0,0
13102,"MirageStoreSetItem#45167","MirageStoreSetItem#0",0,0,0
13251,"MirageStoreSetItem#45170","MirageStoreSetItem#0",0,0,0
13252,"MirageStoreSetItem#45170","MirageStoreSetItem#0",0,0,0
13253,"MirageStoreSetItem#45170","MirageStoreSetItem#0",0,0,0
13254,"MirageStoreSetItem#45170","MirageStoreSetItem#0",0,0,0
13255,"MirageStoreSetItem#45170","MirageStoreSetItem#0",0,0,0
13266,"MirageStoreSetItem#45171","MirageStoreSetItem#0",0,0,0
13267,"MirageStoreSetItem#45171","MirageStoreSetItem#0",0,0,0
13268,"MirageStoreSetItem#45171","MirageStoreSetItem#0",0,0,0
13269,"MirageStoreSetItem#45172","MirageStoreSetItem#0",0,0,0
13270,"MirageStoreSetItem#45172","MirageStoreSetItem#0",0,0,0
13271,"MirageStoreSetItem#45172","MirageStoreSetItem#0",0,0,0
13272,"MirageStoreSetItem#45173","MirageStoreSetItem#0",0,0,0
13300,"MirageStoreSetItem#45174","MirageStoreSetItem#0",0,0,0
13322,"MirageStoreSetItem#45175","MirageStoreSetItem#0",0,0,0
13323,"MirageStoreSetItem#45176","MirageStoreSetItem#0",0,0,0
13324,"MirageStoreSetItem#45177","MirageStoreSetItem#0",0,0,0
13325,"MirageStoreSetItem#45177","MirageStoreSetItem#0",0,0,0
13326,"MirageStoreSetItem#45178","MirageStoreSetItem#0",0,0,0
13327,"MirageStoreSetItem#45179","MirageStoreSetItem#0",0,0,0
13330,"MirageStoreSetItem#45180","MirageStoreSetItem#0",0,0,0
13331,"MirageStoreSetItem#45180","MirageStoreSetItem#0",0,0,0
13332,"MirageStoreSetItem#45180","MirageStoreSetItem#0",0,0,0
13333,"MirageStoreSetItem#45180","MirageStoreSetItem#0",0,0,0
13334,"MirageStoreSetItem#45180","MirageStoreSetItem#0",0,0,0
13639,"MirageStoreSetItem#45181","MirageStoreSetItem#0",0,0,0
13682,"MirageStoreSetItem#45182","MirageStoreSetItem#0",0,0,0
13683,"MirageStoreSetItem#45182","MirageStoreSetItem#0",0,0,0
13684,"MirageStoreSetItem#45182","MirageStoreSetItem#0",0,0,0
13685,"MirageStoreSetItem#45183","MirageStoreSetItem#0",0,0,0
13686,"MirageStoreSetItem#45183","MirageStoreSetItem#0",0,0,0
13687,"MirageStoreSetItem#45183","MirageStoreSetItem#0",0,0,0
13688,"MirageStoreSetItem#45184","MirageStoreSetItem#0",0,0,0
13691,"MirageStoreSetItem#45175","MirageStoreSetItem#0",0,0,0
13692,"MirageStoreSetItem#45175","MirageStoreSetItem#0",0,0,0
13693,"MirageStoreSetItem#45176","MirageStoreSetItem#0",0,0,0
13694,"MirageStoreSetItem#45176","MirageStoreSetItem#0",0,0,0
13695,"MirageStoreSetItem#45176","MirageStoreSetItem#0",0,0,0
13696,"MirageStoreSetItem#45178","MirageStoreSetItem#0",0,0,0
13697,"MirageStoreSetItem#45178","MirageStoreSetItem#0",0,0,0
13698,"MirageStoreSetItem#45178","MirageStoreSetItem#0",0,0,0
13699,"MirageStoreSetItem#45178","MirageStoreSetItem#0",0,0,0
13700,"MirageStoreSetItem#45179","MirageStoreSetItem#0",0,0,0
13701,"MirageStoreSetItem#45179","MirageStoreSetItem#0",0,0,0
13702,"MirageStoreSetItem#45179","MirageStoreSetItem#0",0,0,0
13724,"MirageStoreSetItem#45174","MirageStoreSetItem#0",0,0,0
13725,"MirageStoreSetItem#45181","MirageStoreSetItem#0",0,0,0
13769,"MirageStoreSetItem#45173","MirageStoreSetItem#0",0,0,0
13770,"MirageStoreSetItem#45173","MirageStoreSetItem#0",0,0,0
13771,"MirageStoreSetItem#45184","MirageStoreSetItem#0",0,0,0
13772,"MirageStoreSetItem#45184","MirageStoreSetItem#0",0,0,0
13987,"MirageStoreSetItem#45185","MirageStoreSetItem#0",0,0,0
13988,"MirageStoreSetItem#45185","MirageStoreSetItem#0",0,0,0
13989,"MirageStoreSetItem#45185","MirageStoreSetItem#0",0,0,0
13990,"MirageStoreSetItem#45185","MirageStoreSetItem#0",0,0,0
14830,"MirageStoreSetItem#45186","MirageStoreSetItem#0",0,0,0
14831,"MirageStoreSetItem#45186","MirageStoreSetItem#0",0,0,0
14832,"MirageStoreSetItem#45186","MirageStoreSetItem#0",0,0,0
14833,"MirageStoreSetItem#45188","MirageStoreSetItem#0",0,0,0
14834,"MirageStoreSetItem#45188","MirageStoreSetItem#0",0,0,0
14835,"MirageStoreSetItem#45188","MirageStoreSetItem#0",0,0,0
14836,"MirageStoreSetItem#45188","MirageStoreSetItem#0",0,0,0
14850,"MirageStoreSetItem#45190","MirageStoreSetItem#0",0,0,0
14851,"MirageStoreSetItem#45190","MirageStoreSetItem#0",0,0,0
14852,"MirageStoreSetItem#45191","MirageStoreSetItem#0",0,0,0
14853,"MirageStoreSetItem#45191","MirageStoreSetItem#0",0,0,0
14854,"MirageStoreSetItem#50506","MirageStoreSetItem#0",0,0,0
14855,"MirageStoreSetItem#50506","MirageStoreSetItem#0",0,0,0
14856,"MirageStoreSetItem#50506","MirageStoreSetItem#0",0,0,0
14857,"MirageStoreSetItem#50507","MirageStoreSetItem#0",0,0,0
14858,"MirageStoreSetItem#50507","MirageStoreSetItem#0",0,0,0
14859,"MirageStoreSetItem#50507","MirageStoreSetItem#0",0,0,0
14861,"MirageStoreSetItem#45192","MirageStoreSetItem#0",0,0,0
14862,"MirageStoreSetItem#45192","MirageStoreSetItem#0",0,0,0
14863,"MirageStoreSetItem#45193","MirageStoreSetItem#0",0,0,0
14864,"MirageStoreSetItem#45193","MirageStoreSetItem#0",0,0,0
14865,"MirageStoreSetItem#45193","MirageStoreSetItem#0",0,0,0
14866,"MirageStoreSetItem#45193","MirageStoreSetItem#0",0,0,0
14867,"MirageStoreSetItem#45193","MirageStoreSetItem#0",0,0,0
14868,"MirageStoreSetItem#45194","MirageStoreSetItem#0",0,0,0
14869,"MirageStoreSetItem#45194","MirageStoreSetItem#0",0,0,0
14894,"MirageStoreSetItem#45194","MirageStoreSetItem#0",0,0,0
14924,"MirageStoreSetItem#45195","MirageStoreSetItem#0",0,0,0
14925,"MirageStoreSetItem#45195","MirageStoreSetItem#0",0,0,0
14926,"MirageStoreSetItem#45195","MirageStoreSetItem#0",0,0,0
14927,"MirageStoreSetItem#45196","MirageStoreSetItem#0",0,0,0
14928,"MirageStoreSetItem#45196","MirageStoreSetItem#0",0,0,0
14929,"MirageStoreSetItem#45196","MirageStoreSetItem#0",0,0,0
14930,"MirageStoreSetItem#45196","MirageStoreSetItem#0",0,0,0
14939,"MirageStoreSetItem#45197","MirageStoreSetItem#0",0,0,0
14940,"MirageStoreSetItem#45197","MirageStoreSetItem#0",0,0,0
14941,"MirageStoreSetItem#45197","MirageStoreSetItem#0",0,0,0
14942,"MirageStoreSetItem#45197","MirageStoreSetItem#0",0,0,0
14943,"MirageStoreSetItem#45197","MirageStoreSetItem#0",0,0,0
14972,"MirageStoreSetItem#45198","MirageStoreSetItem#0",0,0,0
14973,"MirageStoreSetItem#45198","MirageStoreSetItem#0",0,0,0
14974,"MirageStoreSetItem#45198","MirageStoreSetItem#0",0,0,0
14975,"MirageStoreSetItem#45198","MirageStoreSetItem#0",0,0,0
14976,"MirageStoreSetItem#45198","MirageStoreSetItem#0",0,0,0
14977,"MirageStoreSetItem#45199","MirageStoreSetItem#0",0,0,0
14978,"MirageStoreSetItem#45199","MirageStoreSetItem#0",0,0,0
14979,"MirageStoreSetItem#45199","MirageStoreSetItem#0",0,0,0
14980,"MirageStoreSetItem#45199","MirageStoreSetItem#0",0,0,0
14981,"MirageStoreSetItem#45199","MirageStoreSetItem#0",0,0,0
15273,"MirageStoreSetItem#45222","MirageStoreSetItem#0",0,0,0
15274,"MirageStoreSetItem#45222","MirageStoreSetItem#0",0,0,0
15275,"MirageStoreSetItem#45222","MirageStoreSetItem#0",0,0,0
15276,"MirageStoreSetItem#45222","MirageStoreSetItem#0",0,0,0
15277,"MirageStoreSetItem#45222","MirageStoreSetItem#0",0,0,0
15278,"MirageStoreSetItem#45223","MirageStoreSetItem#0",0,0,0
15279,"MirageStoreSetItem#45223","MirageStoreSetItem#0",0,0,0
15280,"MirageStoreSetItem#45223","MirageStoreSetItem#0",0,0,0
15281,"MirageStoreSetItem#45223","MirageStoreSetItem#0",0,0,0
15282,"MirageStoreSetItem#45223","MirageStoreSetItem#0",0,0,0
15452,"MirageStoreSetItem#45224","MirageStoreSetItem#0",0,0,0
15453,"MirageStoreSetItem#45224","MirageStoreSetItem#0",0,0,0
15454,"MirageStoreSetItem#45224","MirageStoreSetItem#0",0,0,0
15455,"MirageStoreSetItem#45224","MirageStoreSetItem#0",0,0,0
15456,"MirageStoreSetItem#45224","MirageStoreSetItem#0",0,0,0
15457,"MirageStoreSetItem#45225","MirageStoreSetItem#45268",0,0,0
15458,"MirageStoreSetItem#45225","MirageStoreSetItem#0",0,0,0
15459,"MirageStoreSetItem#45225","MirageStoreSetItem#45268",0,0,0
15460,"MirageStoreSetItem#45225","MirageStoreSetItem#45268",0,0,0
15461,"MirageStoreSetItem#45225","MirageStoreSetItem#45268",0,0,0
15462,"MirageStoreSetItem#45226","MirageStoreSetItem#0",0,0,0
15463,"MirageStoreSetItem#45226","MirageStoreSetItem#0",0,0,0
15464,"MirageStoreSetItem#45226","MirageStoreSetItem#0",0,0,0
15465,"MirageStoreSetItem#45226","MirageStoreSetItem#0",0,0,0
15466,"MirageStoreSetItem#45226","MirageStoreSetItem#0",0,0,0
15467,"MirageStoreSetItem#45227","MirageStoreSetItem#0",0,0,0
15468,"MirageStoreSetItem#45227","MirageStoreSetItem#0",0,0,0
15469,"MirageStoreSetItem#45227","MirageStoreSetItem#0",0,0,0
15470,"MirageStoreSetItem#45227","MirageStoreSetItem#0",0,0,0
15471,"MirageStoreSetItem#45227","MirageStoreSetItem#0",0,0,0
15472,"MirageStoreSetItem#45228","MirageStoreSetItem#0",0,0,0
15473,"MirageStoreSetItem#45228","MirageStoreSetItem#0",0,0,0
15474,"MirageStoreSetItem#45228","MirageStoreSetItem#0",0,0,0
15475,"MirageStoreSetItem#45228","MirageStoreSetItem#0",0,0,0
15476,"MirageStoreSetItem#45229","MirageStoreSetItem#0",0,0,0
15477,"MirageStoreSetItem#45229","MirageStoreSetItem#0",0,0,0
15478,"MirageStoreSetItem#45230","MirageStoreSetItem#0",0,0,0
15479,"MirageStoreSetItem#45230","MirageStoreSetItem#0",0,0,0
15480,"MirageStoreSetItem#45231","MirageStoreSetItem#0",0,0,0
15481,"MirageStoreSetItem#45231","MirageStoreSetItem#0",0,0,0
15482,"MirageStoreSetItem#45232","MirageStoreSetItem#0",0,0,0
15483,"MirageStoreSetItem#45232","MirageStoreSetItem#0",0,0,0
15484,"MirageStoreSetItem#45232","MirageStoreSetItem#0",0,0,0
15485,"MirageStoreSetItem#45232","MirageStoreSetItem#0",0,0,0
15486,"MirageStoreSetItem#45232","MirageStoreSetItem#0",0,0,0
15487,"MirageStoreSetItem#45233","MirageStoreSetItem#0",0,0,0
15488,"MirageStoreSetItem#45233","MirageStoreSetItem#0",0,0,0
15489,"MirageStoreSetItem#45233","MirageStoreSetItem#0",0,0,0
15490,"MirageStoreSetItem#45233","MirageStoreSetItem#0",0,0,0
15491,"MirageStoreSetItem#45233","MirageStoreSetItem#0",0,0,0
15639,"MirageStoreSetItem#50508","MirageStoreSetItem#0",0,0,0
15640,"MirageStoreSetItem#50508","MirageStoreSetItem#0",0,0,0
15641,"MirageStoreSetItem#50508","MirageStoreSetItem#0",0,0,0
15642,"MirageStoreSetItem#50509","MirageStoreSetItem#0",0,0,0
15643,"MirageStoreSetItem#50509","MirageStoreSetItem#0",0,0,0
15644,"MirageStoreSetItem#50509","MirageStoreSetItem#0",0,0,0
15665,"MirageStoreSetItem#50670","MirageStoreSetItem#0",0,0,0
15666,"MirageStoreSetItem#50670","MirageStoreSetItem#0",0,0,0
15667,"MirageStoreSetItem#50670","MirageStoreSetItem#0",0,0,0
15668,"MirageStoreSetItem#50670","MirageStoreSetItem#0",0,0,0
15669,"MirageStoreSetItem#50670","MirageStoreSetItem#0",0,0,0
15670,"MirageStoreSetItem#50671","MirageStoreSetItem#0",0,0,0
15671,"MirageStoreSetItem#50671","MirageStoreSetItem#0",0,0,0
15672,"MirageStoreSetItem#50671","MirageStoreSetItem#0",0,0,0
15673,"MirageStoreSetItem#50671","MirageStoreSetItem#0",0,0,0
15674,"MirageStoreSetItem#50671","MirageStoreSetItem#0",0,0,0
15675,"MirageStoreSetItem#50672","MirageStoreSetItem#0",0,0,0
15676,"MirageStoreSetItem#50672","MirageStoreSetItem#0",0,0,0
15677,"MirageStoreSetItem#50672","MirageStoreSetItem#0",0,0,0
15678,"MirageStoreSetItem#50672","MirageStoreSetItem#0",0,0,0
15679,"MirageStoreSetItem#50672","MirageStoreSetItem#0",0,0,0
15680,"MirageStoreSetItem#50673","MirageStoreSetItem#0",0,0,0
15681,"MirageStoreSetItem#50673","MirageStoreSetItem#0",0,0,0
15682,"MirageStoreSetItem#50673","MirageStoreSetItem#0",0,0,0
15683,"MirageStoreSetItem#50673","MirageStoreSetItem#0",0,0,0
15684,"MirageStoreSetItem#50673","MirageStoreSetItem#0",0,0,0
15685,"MirageStoreSetItem#50674","MirageStoreSetItem#0",0,0,0
15686,"MirageStoreSetItem#50674","MirageStoreSetItem#0",0,0,0
15687,"MirageStoreSetItem#50674","MirageStoreSetItem#0",0,0,0
15688,"MirageStoreSetItem#50674","MirageStoreSetItem#0",0,0,0
15689,"MirageStoreSetItem#50674","MirageStoreSetItem#0",0,0,0
15690,"MirageStoreSetItem#50675","MirageStoreSetItem#0",0,0,0
15691,"MirageStoreSetItem#50675","MirageStoreSetItem#0",0,0,0
15692,"MirageStoreSetItem#50675","MirageStoreSetItem#0",0,0,0
15693,"MirageStoreSetItem#50675","MirageStoreSetItem#0",0,0,0
15694,"MirageStoreSetItem#50675","MirageStoreSetItem#0",0,0,0
15695,"MirageStoreSetItem#50676","MirageStoreSetItem#0",0,0,0
15696,"MirageStoreSetItem#50676","MirageStoreSetItem#0",0,0,0
15697,"MirageStoreSetItem#50676","MirageStoreSetItem#0",0,0,0
15698,"MirageStoreSetItem#50676","MirageStoreSetItem#0",0,0,0
15699,"MirageStoreSetItem#50676","MirageStoreSetItem#0",0,0,0
15700,"MirageStoreSetItem#50677","MirageStoreSetItem#0",0,0,0
15701,"MirageStoreSetItem#50677","MirageStoreSetItem#0",0,0,0
15702,"MirageStoreSetItem#50677","MirageStoreSetItem#0",0,0,0
15703,"MirageStoreSetItem#50677","MirageStoreSetItem#0",0,0,0
15704,"MirageStoreSetItem#50677","MirageStoreSetItem#0",0,0,0
15705,"MirageStoreSetItem#50678","MirageStoreSetItem#0",0,0,0
15706,"MirageStoreSetItem#50678","MirageStoreSetItem#0",0,0,0
15707,"MirageStoreSetItem#50678","MirageStoreSetItem#0",0,0,0
15708,"MirageStoreSetItem#50678","MirageStoreSetItem#0",0,0,0
15709,"MirageStoreSetItem#50678","MirageStoreSetItem#0",0,0,0
15710,"MirageStoreSetItem#50679","MirageStoreSetItem#0",0,0,0
15711,"MirageStoreSetItem#50679","MirageStoreSetItem#0",0,0,0
15712,"MirageStoreSetItem#50679","MirageStoreSetItem#0",0,0,0
15713,"MirageStoreSetItem#50679","MirageStoreSetItem#0",0,0,0
15714,"MirageStoreSetItem#50679","MirageStoreSetItem#0",0,0,0
15715,"MirageStoreSetItem#50680","MirageStoreSetItem#0",0,0,0
15716,"MirageStoreSetItem#50680","MirageStoreSetItem#0",0,0,0
15717,"MirageStoreSetItem#50680","MirageStoreSetItem#0",0,0,0
15718,"MirageStoreSetItem#50680","MirageStoreSetItem#0",0,0,0
15719,"MirageStoreSetItem#50680","MirageStoreSetItem#0",0,0,0
15921,"MirageStoreSetItem#45234","MirageStoreSetItem#45235",0,0,0
15922,"MirageStoreSetItem#45234","MirageStoreSetItem#0",0,0,0
15923,"MirageStoreSetItem#45234","MirageStoreSetItem#0",0,0,0
15924,"MirageStoreSetItem#45234","MirageStoreSetItem#0",0,0,0
15925,"MirageStoreSetItem#45235","MirageStoreSetItem#0",0,0,0
15926,"MirageStoreSetItem#45235","MirageStoreSetItem#0",0,0,0
15927,"MirageStoreSetItem#45235","MirageStoreSetItem#0",0,0,0
15928,"MirageStoreSetItem#45236","MirageStoreSetItem#0",0,0,0
15929,"MirageStoreSetItem#45236","MirageStoreSetItem#0",0,0,0
15930,"MirageStoreSetItem#45236","MirageStoreSetItem#0",0,0,0
15931,"MirageStoreSetItem#45236","MirageStoreSetItem#0",0,0,0
15938,"MirageStoreSetItem#45237","MirageStoreSetItem#0",0,0,0
15939,"MirageStoreSetItem#45237","MirageStoreSetItem#0",0,0,0
15940,"MirageStoreSetItem#45237","MirageStoreSetItem#0",0,0,0
15941,"MirageStoreSetItem#45237","MirageStoreSetItem#0",0,0,0
15942,"MirageStoreSetItem#45238","MirageStoreSetItem#0",0,0,0
15943,"MirageStoreSetItem#45238","MirageStoreSetItem#0",0,0,0
15944,"MirageStoreSetItem#45238","MirageStoreSetItem#0",0,0,0
16042,"MirageStoreSetItem#45239","MirageStoreSetItem#0",0,0,0
16043,"MirageStoreSetItem#45239","MirageStoreSetItem#0",0,0,0
16044,"MirageStoreSetItem#45239","MirageStoreSetItem#0",0,0,0
16045,"MirageStoreSetItem#45239","MirageStoreSetItem#0",0,0,0
16046,"MirageStoreSetItem#45240","MirageStoreSetItem#0",0,0,0
16047,"MirageStoreSetItem#45240","MirageStoreSetItem#0",0,0,0
16048,"MirageStoreSetItem#45240","MirageStoreSetItem#0",0,0,0
16081,"MirageStoreSetItem#50489","MirageStoreSetItem#0",0,0,0
16082,"MirageStoreSetItem#50489","MirageStoreSetItem#0",0,0,0
16083,"MirageStoreSetItem#50489","MirageStoreSetItem#0",0,0,0
16084,"MirageStoreSetItem#50489","MirageStoreSetItem#0",0,0,0
16085,"MirageStoreSetItem#50489","MirageStoreSetItem#0",0,0,0
16086,"MirageStoreSetItem#50490","MirageStoreSetItem#0",0,0,0
16087,"MirageStoreSetItem#50490","MirageStoreSetItem#0",0,0,0
16088,"MirageStoreSetItem#50490","MirageStoreSetItem#0",0,0,0
16089,"MirageStoreSetItem#50490","MirageStoreSetItem#0",0,0,0
16090,"MirageStoreSetItem#50490","MirageStoreSetItem#0",0,0,0
16091,"MirageStoreSetItem#50491","MirageStoreSetItem#0",0,0,0
16092,"MirageStoreSetItem#50491","MirageStoreSetItem#0",0,0,0
16093,"MirageStoreSetItem#50491","MirageStoreSetItem#0",0,0,0
16094,"MirageStoreSetItem#50491","MirageStoreSetItem#0",0,0,0
16095,"MirageStoreSetItem#50491","MirageStoreSetItem#0",0,0,0
16096,"MirageStoreSetItem#50492","MirageStoreSetItem#0",0,0,0
16097,"MirageStoreSetItem#50492","MirageStoreSetItem#0",0,0,0
16098,"MirageStoreSetItem#50492","MirageStoreSetItem#0",0,0,0
16099,"MirageStoreSetItem#50492","MirageStoreSetItem#0",0,0,0
16100,"MirageStoreSetItem#50492","MirageStoreSetItem#0",0,0,0
16101,"MirageStoreSetItem#50493","MirageStoreSetItem#0",0,0,0
16102,"MirageStoreSetItem#50493","MirageStoreSetItem#0",0,0,0
16103,"MirageStoreSetItem#50493","MirageStoreSetItem#0",0,0,0
16104,"MirageStoreSetItem#50493","MirageStoreSetItem#0",0,0,0
16105,"MirageStoreSetItem#50493","MirageStoreSetItem#0",0,0,0
16106,"MirageStoreSetItem#50494","MirageStoreSetItem#0",0,0,0
16107,"MirageStoreSetItem#50494","MirageStoreSetItem#0",0,0,0
16108,"MirageStoreSetItem#50494","MirageStoreSetItem#0",0,0,0
16109,"MirageStoreSetItem#50494","MirageStoreSetItem#0",0,0,0
16110,"MirageStoreSetItem#50494","MirageStoreSetItem#0",0,0,0
16111,"MirageStoreSetItem#50495","MirageStoreSetItem#0",0,0,0
16112,"MirageStoreSetItem#50495","MirageStoreSetItem#0",0,0,0
16113,"MirageStoreSetItem#50495","MirageStoreSetItem#0",0,0,0
16114,"MirageStoreSetItem#50495","MirageStoreSetItem#0",0,0,0
16115,"MirageStoreSetItem#50495","MirageStoreSetItem#0",0,0,0
16116,"MirageStoreSetItem#50496","MirageStoreSetItem#0",0,0,0
16117,"MirageStoreSetItem#50496","MirageStoreSetItem#0",0,0,0
16118,"MirageStoreSetItem#50496","MirageStoreSetItem#0",0,0,0
16119,"MirageStoreSetItem#50496","MirageStoreSetItem#0",0,0,0
16120,"MirageStoreSetItem#50496","MirageStoreSetItem#0",0,0,0
16121,"MirageStoreSetItem#50497","MirageStoreSetItem#0",0,0,0
16122,"MirageStoreSetItem#50497","MirageStoreSetItem#0",0,0,0
16123,"MirageStoreSetItem#50497","MirageStoreSetItem#0",0,0,0
16124,"MirageStoreSetItem#50497","MirageStoreSetItem#0",0,0,0
16125,"MirageStoreSetItem#50497","MirageStoreSetItem#0",0,0,0
16126,"MirageStoreSetItem#50498","MirageStoreSetItem#0",0,0,0
16127,"MirageStoreSetItem#50498","MirageStoreSetItem#0",0,0,0
16128,"MirageStoreSetItem#50498","MirageStoreSetItem#0",0,0,0
16129,"MirageStoreSetItem#50498","MirageStoreSetItem#0",0,0,0
16130,"MirageStoreSetItem#50498","MirageStoreSetItem#0",0,0,0
16131,"MirageStoreSetItem#50499","MirageStoreSetItem#0",0,0,0
16132,"MirageStoreSetItem#50499","MirageStoreSetItem#0",0,0,0
16133,"MirageStoreSetItem#50499","MirageStoreSetItem#0",0,0,0
16134,"MirageStoreSetItem#50499","MirageStoreSetItem#0",0,0,0
16135,"MirageStoreSetItem#50499","MirageStoreSetItem#0",0,0,0
16136,"MirageStoreSetItem#50500","MirageStoreSetItem#0",0,0,0
16137,"MirageStoreSetItem#50500","MirageStoreSetItem#0",0,0,0
16138,"MirageStoreSetItem#50500","MirageStoreSetItem#0",0,0,0
16139,"MirageStoreSetItem#50500","MirageStoreSetItem#0",0,0,0
16140,"MirageStoreSetItem#50500","MirageStoreSetItem#0",0,0,0
16141,"MirageStoreSetItem#50501","MirageStoreSetItem#0",0,0,0
16142,"MirageStoreSetItem#50501","MirageStoreSetItem#0",0,0,0
16143,"MirageStoreSetItem#50501","MirageStoreSetItem#0",0,0,0
16144,"MirageStoreSetItem#50501","MirageStoreSetItem#0",0,0,0
16145,"MirageStoreSetItem#50501","MirageStoreSetItem#0",0,0,0
16578,"MirageStoreSetItem#45241","MirageStoreSetItem#0",0,0,0
16579,"MirageStoreSetItem#45241","MirageStoreSetItem#0",0,0,0
16580,"MirageStoreSetItem#45241","MirageStoreSetItem#0",0,0,0
16581,"MirageStoreSetItem#45241","MirageStoreSetItem#0",0,0,0
16582,"MirageStoreSetItem#45241","MirageStoreSetItem#0",0,0,0
16583,"MirageStoreSetItem#45242","MirageStoreSetItem#0",0,0,0
16584,"MirageStoreSetItem#45242","MirageStoreSetItem#0",0,0,0
16585,"MirageStoreSetItem#45242","MirageStoreSetItem#0",0,0,0
16586,"MirageStoreSetItem#45242","MirageStoreSetItem#0",0,0,0
16587,"MirageStoreSetItem#45242","MirageStoreSetItem#0",0,0,0
16588,"MirageStoreSetItem#45243","MirageStoreSetItem#0",0,0,0
16589,"MirageStoreSetItem#45243","MirageStoreSetItem#0",0,0,0
16590,"MirageStoreSetItem#45243","MirageStoreSetItem#0",0,0,0
16591,"MirageStoreSetItem#45243","MirageStoreSetItem#0",0,0,0
16592,"MirageStoreSetItem#45244","MirageStoreSetItem#0",0,0,0
16593,"MirageStoreSetItem#45244","MirageStoreSetItem#0",0,0,0
16594,"MirageStoreSetItem#45244","MirageStoreSetItem#0",0,0,0
16595,"MirageStoreSetItem#45244","MirageStoreSetItem#0",0,0,0
16596,"MirageStoreSetItem#45245","MirageStoreSetItem#0",0,0,0
16597,"MirageStoreSetItem#45245","MirageStoreSetItem#0",0,0,0
16598,"MirageStoreSetItem#45245","MirageStoreSetItem#0",0,0,0
16599,"MirageStoreSetItem#45246","MirageStoreSetItem#0",0,0,0
16600,"MirageStoreSetItem#45246","MirageStoreSetItem#0",0,0,0
16601,"MirageStoreSetItem#45246","MirageStoreSetItem#0",0,0,0
16602,"MirageStoreSetItem#45247","MirageStoreSetItem#0",0,0,0
16603,"MirageStoreSetItem#45247","MirageStoreSetItem#0",0,0,0
16604,"MirageStoreSetItem#45247","MirageStoreSetItem#0",0,0,0
16605,"MirageStoreSetItem#45247","MirageStoreSetItem#0",0,0,0
16606,"MirageStoreSetItem#45247","MirageStoreSetItem#0",0,0,0
16607,"MirageStoreSetItem#45248","MirageStoreSetItem#0",0,0,0
16608,"MirageStoreSetItem#45248","MirageStoreSetItem#0",0,0,0
16609,"MirageStoreSetItem#45248","MirageStoreSetItem#0",0,0,0
16610,"MirageStoreSetItem#45248","MirageStoreSetItem#0",0,0,0
16611,"MirageStoreSetItem#45248","MirageStoreSetItem#0",0,0,0
16909,"MirageStoreSetItem#45245","MirageStoreSetItem#0",0,0,0
16910,"MirageStoreSetItem#45246","MirageStoreSetItem#0",0,0,0
17179,"MirageStoreSetItem#45249","MirageStoreSetItem#0",0,0,0
17180,"MirageStoreSetItem#45249","MirageStoreSetItem#0",0,0,0
17181,"MirageStoreSetItem#45249","MirageStoreSetItem#0",0,0,0
17182,"MirageStoreSetItem#45249","MirageStoreSetItem#0",0,0,0
17183,"MirageStoreSetItem#45249","MirageStoreSetItem#0",0,0,0
17184,"MirageStoreSetItem#45250","MirageStoreSetItem#0",0,0,0
17185,"MirageStoreSetItem#45250","MirageStoreSetItem#0",0,0,0
17186,"MirageStoreSetItem#45250","MirageStoreSetItem#0",0,0,0
17187,"MirageStoreSetItem#45250","MirageStoreSetItem#0",0,0,0
17188,"MirageStoreSetItem#45250","MirageStoreSetItem#0",0,0,0
17189,"MirageStoreSetItem#45251","MirageStoreSetItem#0",0,0,0
17190,"MirageStoreSetItem#45251","MirageStoreSetItem#0",0,0,0
17191,"MirageStoreSetItem#45251","MirageStoreSetItem#0",0,0,0
17192,"MirageStoreSetItem#45251","MirageStoreSetItem#0",0,0,0
17193,"MirageStoreSetItem#45251","MirageStoreSetItem#0",0,0,0
17194,"MirageStoreSetItem#45252","MirageStoreSetItem#0",0,0,0
17195,"MirageStoreSetItem#45252","MirageStoreSetItem#0",0,0,0
17196,"MirageStoreSetItem#45252","MirageStoreSetItem#0",0,0,0
17197,"MirageStoreSetItem#45252","MirageStoreSetItem#0",0,0,0
17198,"MirageStoreSetItem#45252","MirageStoreSetItem#0",0,0,0
17199,"MirageStoreSetItem#45253","MirageStoreSetItem#0",0,0,0
17200,"MirageStoreSetItem#45253","MirageStoreSetItem#0",0,0,0
17201,"MirageStoreSetItem#45253","MirageStoreSetItem#0",0,0,0
17202,"MirageStoreSetItem#45253","MirageStoreSetItem#0",0,0,0
17203,"MirageStoreSetItem#45253","MirageStoreSetItem#0",0,0,0
17204,"MirageStoreSetItem#45254","MirageStoreSetItem#0",0,0,0
17205,"MirageStoreSetItem#45254","MirageStoreSetItem#0",0,0,0
17206,"MirageStoreSetItem#45254","MirageStoreSetItem#0",0,0,0
17207,"MirageStoreSetItem#45254","MirageStoreSetItem#0",0,0,0
17208,"MirageStoreSetItem#45254","MirageStoreSetItem#0",0,0,0
17209,"MirageStoreSetItem#45255","MirageStoreSetItem#0",0,0,0
17210,"MirageStoreSetItem#45255","MirageStoreSetItem#0",0,0,0
17211,"MirageStoreSetItem#45255","MirageStoreSetItem#0",0,0,0
17212,"MirageStoreSetItem#45255","MirageStoreSetItem#0",0,0,0
17213,"MirageStoreSetItem#45255","MirageStoreSetItem#0",0,0,0
17214,"MirageStoreSetItem#45256","MirageStoreSetItem#0",0,0,0
17215,"MirageStoreSetItem#45256","MirageStoreSetItem#0",0,0,0
17216,"MirageStoreSetItem#45256","MirageStoreSetItem#0",0,0,0
17217,"MirageStoreSetItem#45256","MirageStoreSetItem#0",0,0,0
17218,"MirageStoreSetItem#45256","MirageStoreSetItem#0",0,0,0
17219,"MirageStoreSetItem#45257","MirageStoreSetItem#0",0,0,0
17220,"MirageStoreSetItem#45257","MirageStoreSetItem#0",0,0,0
17221,"MirageStoreSetItem#45257","MirageStoreSetItem#0",0,0,0
17222,"MirageStoreSetItem#45257","MirageStoreSetItem#0",0,0,0
17223,"MirageStoreSetItem#45257","MirageStoreSetItem#0",0,0,0
17224,"MirageStoreSetItem#45258","MirageStoreSetItem#0",0,0,0
17225,"MirageStoreSetItem#45258","MirageStoreSetItem#0",0,0,0
17226,"MirageStoreSetItem#45258","MirageStoreSetItem#0",0,0,0
17227,"MirageStoreSetItem#45258","MirageStoreSetItem#0",0,0,0
17228,"MirageStoreSetItem#45258","MirageStoreSetItem#0",0,0,0
17229,"MirageStoreSetItem#45259","MirageStoreSetItem#0",0,0,0
17230,"MirageStoreSetItem#45259","MirageStoreSetItem#0",0,0,0
17231,"MirageStoreSetItem#45259","MirageStoreSetItem#0",0,0,0
17232,"MirageStoreSetItem#45259","MirageStoreSetItem#0",0,0,0
17233,"MirageStoreSetItem#45259","MirageStoreSetItem#0",0,0,0
17234,"MirageStoreSetItem#45260","MirageStoreSetItem#0",0,0,0
17235,"MirageStoreSetItem#45260","MirageStoreSetItem#0",0,0,0
17236,"MirageStoreSetItem#45260","MirageStoreSetItem#0",0,0,0
17237,"MirageStoreSetItem#45260","MirageStoreSetItem#0",0,0,0
17238,"MirageStoreSetItem#45260","MirageStoreSetItem#0",0,0,0
17239,"MirageStoreSetItem#45261","MirageStoreSetItem#0",0,0,0
17240,"MirageStoreSetItem#45261","MirageStoreSetItem#0",0,0,0
17241,"MirageStoreSetItem#45261","MirageStoreSetItem#0",0,0,0
17242,"MirageStoreSetItem#45261","MirageStoreSetItem#0",0,0,0
17243,"MirageStoreSetItem#45261","MirageStoreSetItem#0",0,0,0
17462,"MirageStoreSetItem#45262","MirageStoreSetItem#0",0,0,0
17463,"MirageStoreSetItem#45262","MirageStoreSetItem#0",0,0,0
17464,"MirageStoreSetItem#45262","MirageStoreSetItem#0",0,0,0
17465,"MirageStoreSetItem#45262","MirageStoreSetItem#0",0,0,0
17466,"MirageStoreSetItem#45263","MirageStoreSetItem#0",0,0,0
17467,"MirageStoreSetItem#45263","MirageStoreSetItem#0",0,0,0
17468,"MirageStoreSetItem#45263","MirageStoreSetItem#0",0,0,0
17469,"MirageStoreSetItem#45263","MirageStoreSetItem#0",0,0,0
17473,"MirageStoreSetItem#45264","MirageStoreSetItem#0",0,0,0
17474,"MirageStoreSetItem#45264","MirageStoreSetItem#0",0,0,0
17476,"MirageStoreSetItem#45265","MirageStoreSetItem#0",0,0,0
17477,"MirageStoreSetItem#45265","MirageStoreSetItem#0",0,0,0
17478,"MirageStoreSetItem#45265","MirageStoreSetItem#0",0,0,0
17479,"MirageStoreSetItem#45265","MirageStoreSetItem#0",0,0,0
17480,"MirageStoreSetItem#45265","MirageStoreSetItem#0",0,0,0
17481,"MirageStoreSetItem#45266","MirageStoreSetItem#0",0,0,0
17482,"MirageStoreSetItem#45266","MirageStoreSetItem#0",0,0,0
17483,"MirageStoreSetItem#45266","MirageStoreSetItem#0",0,0,0
17484,"MirageStoreSetItem#45266","MirageStoreSetItem#0",0,0,0
17485,"MirageStoreSetItem#45266","MirageStoreSetItem#0",0,0,0
17486,"MirageStoreSetItem#45267","MirageStoreSetItem#0",0,0,0
17487,"MirageStoreSetItem#45267","MirageStoreSetItem#0",0,0,0
17488,"MirageStoreSetItem#45267","MirageStoreSetItem#0",0,0,0
17489,"MirageStoreSetItem#45267","MirageStoreSetItem#0",0,0,0
17490,"MirageStoreSetItem#45268","MirageStoreSetItem#0",0,0,0
17491,"MirageStoreSetItem#45269","MirageStoreSetItem#0",0,0,0
17492,"MirageStoreSetItem#45269","MirageStoreSetItem#0",0,0,0
17493,"MirageStoreSetItem#45269","MirageStoreSetItem#0",0,0,0
17494,"MirageStoreSetItem#45269","MirageStoreSetItem#0",0,0,0
17496,"MirageStoreSetItem#45270","MirageStoreSetItem#0",0,0,0
17497,"MirageStoreSetItem#45270","MirageStoreSetItem#0",0,0,0
17498,"MirageStoreSetItem#45270","MirageStoreSetItem#0",0,0,0
17499,"MirageStoreSetItem#45270","MirageStoreSetItem#0",0,0,0
17596,"MirageStoreSetItem#45271","MirageStoreSetItem#0",0,0,0
17597,"MirageStoreSetItem#45271","MirageStoreSetItem#0",0,0,0
17598,"MirageStoreSetItem#45271","MirageStoreSetItem#0",0,0,0
17599,"MirageStoreSetItem#45271","MirageStoreSetItem#0",0,0,0
17600,"MirageStoreSetItem#45272","MirageStoreSetItem#0",0,0,0
17601,"MirageStoreSetItem#45272","MirageStoreSetItem#0",0,0,0
17602,"MirageStoreSetItem#45272","MirageStoreSetItem#0",0,0,0
17603,"MirageStoreSetItem#45272","MirageStoreSetItem#0",0,0,0
17618,"MirageStoreSetItem#45267","MirageStoreSetItem#0",0,0,0
17718,"MirageStoreSetItem#45273","MirageStoreSetItem#0",0,0,0
17719,"MirageStoreSetItem#45273","MirageStoreSetItem#0",0,0,0
17720,"MirageStoreSetItem#45273","MirageStoreSetItem#0",0,0,0
17721,"MirageStoreSetItem#45273","MirageStoreSetItem#0",0,0,0
17722,"MirageStoreSetItem#45273","MirageStoreSetItem#0",0,0,0
19063,"MirageStoreSetItem#45274","MirageStoreSetItem#0",0,0,0
19064,"MirageStoreSetItem#45274","MirageStoreSetItem#0",0,0,0
19065,"MirageStoreSetItem#45274","MirageStoreSetItem#0",0,0,0
19066,"MirageStoreSetItem#45274","MirageStoreSetItem#0",0,0,0
19067,"MirageStoreSetItem#45274","MirageStoreSetItem#0",0,0,0
19069,"MirageStoreSetItem#45275","MirageStoreSetItem#0",0,0,0
19070,"MirageStoreSetItem#45275","MirageStoreSetItem#0",0,0,0
19071,"MirageStoreSetItem#45275","MirageStoreSetItem#0",0,0,0
19072,"MirageStoreSetItem#45275","MirageStoreSetItem#0",0,0,0
19073,"MirageStoreSetItem#45275","MirageStoreSetItem#0",0,0,0
19075,"MirageStoreSetItem#45276","MirageStoreSetItem#0",0,0,0
19076,"MirageStoreSetItem#45276","MirageStoreSetItem#0",0,0,0
19077,"MirageStoreSetItem#45276","MirageStoreSetItem#0",0,0,0
19078,"MirageStoreSetItem#45276","MirageStoreSetItem#0",0,0,0
19079,"MirageStoreSetItem#45276","MirageStoreSetItem#0",0,0,0
19081,"MirageStoreSetItem#45277","MirageStoreSetItem#0",0,0,0
19082,"MirageStoreSetItem#45277","MirageStoreSetItem#0",0,0,0
19083,"MirageStoreSetItem#45277","MirageStoreSetItem#0",0,0,0
19084,"MirageStoreSetItem#45277","MirageStoreSetItem#0",0,0,0
19085,"MirageStoreSetItem#45277","MirageStoreSetItem#0",0,0,0
19087,"MirageStoreSetItem#45278","MirageStoreSetItem#0",0,0,0
19088,"MirageStoreSetItem#45278","MirageStoreSetItem#0",0,0,0
19089,"MirageStoreSetItem#45278","MirageStoreSetItem#0",0,0,0
19090,"MirageStoreSetItem#45278","MirageStoreSetItem#0",0,0,0
19091,"MirageStoreSetItem#45278","MirageStoreSetItem#0",0,0,0
19093,"MirageStoreSetItem#45279","MirageStoreSetItem#0",0,0,0
19094,"MirageStoreSetItem#45279","MirageStoreSetItem#0",0,0,0
19095,"MirageStoreSetItem#45279","MirageStoreSetItem#0",0,0,0
19096,"MirageStoreSetItem#45279","MirageStoreSetItem#0",0,0,0
19097,"MirageStoreSetItem#45279","MirageStoreSetItem#0",0,0,0
19099,"MirageStoreSetItem#45280","MirageStoreSetItem#0",0,0,0
19100,"MirageStoreSetItem#45280","MirageStoreSetItem#0",0,0,0
19101,"MirageStoreSetItem#45280","MirageStoreSetItem#0",0,0,0
19102,"MirageStoreSetItem#45280","MirageStoreSetItem#0",0,0,0
19103,"MirageStoreSetItem#45280","MirageStoreSetItem#0",0,0,0
20470,"MirageStoreSetItem#45281","MirageStoreSetItem#0",0,0,0
20471,"MirageStoreSetItem#45281","MirageStoreSetItem#0",0,0,0
20472,"MirageStoreSetItem#45281","MirageStoreSetItem#0",0,0,0
20473,"MirageStoreSetItem#45281","MirageStoreSetItem#0",0,0,0
20474,"MirageStoreSetItem#45281","MirageStoreSetItem#0",0,0,0
20475,"MirageStoreSetItem#45282","MirageStoreSetItem#0",0,0,0
20476,"MirageStoreSetItem#45282","MirageStoreSetItem#0",0,0,0
20477,"MirageStoreSetItem#45282","MirageStoreSetItem#0",0,0,0
20478,"MirageStoreSetItem#45282","MirageStoreSetItem#0",0,0,0
20479,"MirageStoreSetItem#45283","MirageStoreSetItem#0",0,0,0
20480,"MirageStoreSetItem#45283","MirageStoreSetItem#0",0,0,0
20481,"MirageStoreSetItem#45283","MirageStoreSetItem#0",0,0,0
20482,"MirageStoreSetItem#45283","MirageStoreSetItem#0",0,0,0
20483,"MirageStoreSetItem#45283","MirageStoreSetItem#0",0,0,0
20484,"MirageStoreSetItem#45284","MirageStoreSetItem#0",0,0,0
20485,"MirageStoreSetItem#45284","MirageStoreSetItem#0",0,0,0
20486,"MirageStoreSetItem#45284","MirageStoreSetItem#0",0,0,0
20487,"MirageStoreSetItem#45284","MirageStoreSetItem#0",0,0,0
20488,"MirageStoreSetItem#45284","MirageStoreSetItem#0",0,0,0
20489,"MirageStoreSetItem#45285","MirageStoreSetItem#0",0,0,0
20490,"MirageStoreSetItem#45285","MirageStoreSetItem#0",0,0,0
20491,"MirageStoreSetItem#45285","MirageStoreSetItem#0",0,0,0
20492,"MirageStoreSetItem#45285","MirageStoreSetItem#0",0,0,0
20493,"MirageStoreSetItem#45285","MirageStoreSetItem#0",0,0,0
20494,"MirageStoreSetItem#45286","MirageStoreSetItem#0",0,0,0
20495,"MirageStoreSetItem#45286","MirageStoreSetItem#0",0,0,0
20496,"MirageStoreSetItem#45286","MirageStoreSetItem#0",0,0,0
20497,"MirageStoreSetItem#45286","MirageStoreSetItem#0",0,0,0
20498,"MirageStoreSetItem#45286","MirageStoreSetItem#0",0,0,0
20564,"MirageStoreSetItem#45287","MirageStoreSetItem#0",0,0,0
20565,"MirageStoreSetItem#45287","MirageStoreSetItem#0",0,0,0
20566,"MirageStoreSetItem#45287","MirageStoreSetItem#0",0,0,0
20596,"MirageStoreSetItem#50483","MirageStoreSetItem#0",0,0,0
20597,"MirageStoreSetItem#50483","MirageStoreSetItem#0",0,0,0
20598,"MirageStoreSetItem#50483","MirageStoreSetItem#0",0,0,0
20599,"MirageStoreSetItem#50483","MirageStoreSetItem#0",0,0,0
20600,"MirageStoreSetItem#50483","MirageStoreSetItem#0",0,0,0
20633,"MirageStoreSetItem#45288","MirageStoreSetItem#0",0,0,0
20634,"MirageStoreSetItem#45288","MirageStoreSetItem#0",0,0,0
20635,"MirageStoreSetItem#45288","MirageStoreSetItem#0",0,0,0
20636,"MirageStoreSetItem#45288","MirageStoreSetItem#0",0,0,0
20977,"MirageStoreSetItem#45289","MirageStoreSetItem#0",0,0,0
20978,"MirageStoreSetItem#45289","MirageStoreSetItem#0",0,0,0
20979,"MirageStoreSetItem#45289","MirageStoreSetItem#0",0,0,0
20980,"MirageStoreSetItem#45289","MirageStoreSetItem#0",0,0,0
20981,"MirageStoreSetItem#45289","MirageStoreSetItem#0",0,0,0
21012,"MirageStoreSetItem#45290","MirageStoreSetItem#0",0,0,0
21013,"MirageStoreSetItem#45290","MirageStoreSetItem#0",0,0,0
21014,"MirageStoreSetItem#45290","MirageStoreSetItem#0",0,0,0
21015,"MirageStoreSetItem#45290","MirageStoreSetItem#0",0,0,0
21016,"MirageStoreSetItem#45290","MirageStoreSetItem#0",0,0,0
21017,"MirageStoreSetItem#45291","MirageStoreSetItem#45292",0,0,0
21018,"MirageStoreSetItem#45291","MirageStoreSetItem#45292",0,0,0
21019,"MirageStoreSetItem#45291","MirageStoreSetItem#45292",0,0,0
21020,"MirageStoreSetItem#45291","MirageStoreSetItem#45292",0,0,0
21021,"MirageStoreSetItem#45291","MirageStoreSetItem#0",0,0,0
21026,"MirageStoreSetItem#45292","MirageStoreSetItem#0",0,0,0
21027,"MirageStoreSetItem#45293","MirageStoreSetItem#0",0,0,0
21028,"MirageStoreSetItem#45294","MirageStoreSetItem#0",0,0,0
21029,"MirageStoreSetItem#45293","MirageStoreSetItem#0",0,0,0
21030,"MirageStoreSetItem#45294","MirageStoreSetItem#0",0,0,0
21031,"MirageStoreSetItem#45293","MirageStoreSetItem#0",0,0,0
21032,"MirageStoreSetItem#45294","MirageStoreSetItem#0",0,0,0
21219,"MirageStoreSetItem#50681","MirageStoreSetItem#0",0,0,0
21220,"MirageStoreSetItem#50681","MirageStoreSetItem#0",0,0,0
21221,"MirageStoreSetItem#50681","MirageStoreSetItem#0",0,0,0
21222,"MirageStoreSetItem#50681","MirageStoreSetItem#0",0,0,0
21223,"MirageStoreSetItem#50681","MirageStoreSetItem#0",0,0,0
21224,"MirageStoreSetItem#50682","MirageStoreSetItem#0",0,0,0
21225,"MirageStoreSetItem#50682","MirageStoreSetItem#0",0,0,0
21226,"MirageStoreSetItem#50682","MirageStoreSetItem#0",0,0,0
21227,"MirageStoreSetItem#50682","MirageStoreSetItem#0",0,0,0
21228,"MirageStoreSetItem#50682","MirageStoreSetItem#0",0,0,0
21229,"MirageStoreSetItem#50683","MirageStoreSetItem#0",0,0,0
21230,"MirageStoreSetItem#50683","MirageStoreSetItem#0",0,0,0
21231,"MirageStoreSetItem#50683","MirageStoreSetItem#0",0,0,0
21232,"MirageStoreSetItem#50683","MirageStoreSetItem#0",0,0,0
21233,"MirageStoreSetItem#50683","MirageStoreSetItem#0",0,0,0
21234,"MirageStoreSetItem#50684","MirageStoreSetItem#0",0,0,0
21235,"MirageStoreSetItem#50684","MirageStoreSetItem#0",0,0,0
21236,"MirageStoreSetItem#50684","MirageStoreSetItem#0",0,0,0
21237,"MirageStoreSetItem#50684","MirageStoreSetItem#0",0,0,0
21238,"MirageStoreSetItem#50684","MirageStoreSetItem#0",0,0,0
21239,"MirageStoreSetItem#50685","MirageStoreSetItem#0",0,0,0
21240,"MirageStoreSetItem#50685","MirageStoreSetItem#0",0,0,0
21241,"MirageStoreSetItem#50685","MirageStoreSetItem#0",0,0,0
21242,"MirageStoreSetItem#50685","MirageStoreSetItem#0",0,0,0
21243,"MirageStoreSetItem#50685","MirageStoreSetItem#0",0,0,0
21244,"MirageStoreSetItem#50686","MirageStoreSetItem#0",0,0,0
21245,"MirageStoreSetItem#50686","MirageStoreSetItem#0",0,0,0
21246,"MirageStoreSetItem#50686","MirageStoreSetItem#0",0,0,0
21247,"MirageStoreSetItem#50686","MirageStoreSetItem#0",0,0,0
21248,"MirageStoreSetItem#50686","MirageStoreSetItem#0",0,0,0
21249,"MirageStoreSetItem#50687","MirageStoreSetItem#0",0,0,0
21250,"MirageStoreSetItem#50687","MirageStoreSetItem#0",0,0,0
21251,"MirageStoreSetItem#50687","MirageStoreSetItem#0",0,0,0
21252,"MirageStoreSetItem#50687","MirageStoreSetItem#0",0,0,0
21253,"MirageStoreSetItem#50687","MirageStoreSetItem#0",0,0,0
21254,"MirageStoreSetItem#50688","MirageStoreSetItem#0",0,0,0
21255,"MirageStoreSetItem#50688","MirageStoreSetItem#0",0,0,0
21256,"MirageStoreSetItem#50688","MirageStoreSetItem#0",0,0,0
21257,"MirageStoreSetItem#50688","MirageStoreSetItem#0",0,0,0
21258,"MirageStoreSetItem#50688","MirageStoreSetItem#0",0,0,0
21259,"MirageStoreSetItem#50689","MirageStoreSetItem#0",0,0,0
21260,"MirageStoreSetItem#50689","MirageStoreSetItem#0",0,0,0
21261,"MirageStoreSetItem#50689","MirageStoreSetItem#0",0,0,0
21262,"MirageStoreSetItem#50689","MirageStoreSetItem#0",0,0,0
21263,"MirageStoreSetItem#50689","MirageStoreSetItem#0",0,0,0
21264,"MirageStoreSetItem#50690","MirageStoreSetItem#0",0,0,0
21265,"MirageStoreSetItem#50690","MirageStoreSetItem#0",0,0,0
21266,"MirageStoreSetItem#50690","MirageStoreSetItem#0",0,0,0
21267,"MirageStoreSetItem#50690","MirageStoreSetItem#0",0,0,0
21268,"MirageStoreSetItem#50690","MirageStoreSetItem#0",0,0,0
21269,"MirageStoreSetItem#50691","MirageStoreSetItem#0",0,0,0
21270,"MirageStoreSetItem#50691","MirageStoreSetItem#0",0,0,0
21271,"MirageStoreSetItem#50691","MirageStoreSetItem#0",0,0,0
21272,"MirageStoreSetItem#50691","MirageStoreSetItem#0",0,0,0
21273,"MirageStoreSetItem#50691","MirageStoreSetItem#0",0,0,0
21302,"MirageStoreSetItem#45297","MirageStoreSetItem#0",0,0,0
21303,"MirageStoreSetItem#45297","MirageStoreSetItem#0",0,0,0
21304,"MirageStoreSetItem#45297","MirageStoreSetItem#0",0,0,0
21305,"MirageStoreSetItem#45297","MirageStoreSetItem#0",0,0,0
21306,"MirageStoreSetItem#45297","MirageStoreSetItem#0",0,0,0
21938,"MirageStoreSetItem#45298","MirageStoreSetItem#0",0,0,0
21939,"MirageStoreSetItem#45298","MirageStoreSetItem#0",0,0,0
21940,"MirageStoreSetItem#45298","MirageStoreSetItem#0",0,0,0
22006,"MirageStoreSetItem#50543","MirageStoreSetItem#0",0,0,0
22007,"MirageStoreSetItem#50543","MirageStoreSetItem#0",0,0,0
22008,"MirageStoreSetItem#50543","MirageStoreSetItem#0",0,0,0
22009,"MirageStoreSetItem#50543","MirageStoreSetItem#0",0,0,0
22010,"MirageStoreSetItem#50543","MirageStoreSetItem#0",0,0,0
22011,"MirageStoreSetItem#50544","MirageStoreSetItem#0",0,0,0
22012,"MirageStoreSetItem#50544","MirageStoreSetItem#0",0,0,0
22013,"MirageStoreSetItem#50544","MirageStoreSetItem#0",0,0,0
22014,"MirageStoreSetItem#50544","MirageStoreSetItem#0",0,0,0
22015,"MirageStoreSetItem#50544","MirageStoreSetItem#0",0,0,0
22016,"MirageStoreSetItem#50545","MirageStoreSetItem#0",0,0,0
22017,"MirageStoreSetItem#50545","MirageStoreSetItem#0",0,0,0
22018,"MirageStoreSetItem#50545","MirageStoreSetItem#0",0,0,0
22019,"MirageStoreSetItem#50545","MirageStoreSetItem#0",0,0,0
22020,"MirageStoreSetItem#50545","MirageStoreSetItem#0",0,0,0
22021,"MirageStoreSetItem#50546","MirageStoreSetItem#0",0,0,0
22022,"MirageStoreSetItem#50546","MirageStoreSetItem#0",0,0,0
22023,"MirageStoreSetItem#50546","MirageStoreSetItem#0",0,0,0
22024,"MirageStoreSetItem#50546","MirageStoreSetItem#0",0,0,0
22025,"MirageStoreSetItem#50546","MirageStoreSetItem#0",0,0,0
22026,"MirageStoreSetItem#50547","MirageStoreSetItem#0",0,0,0
22027,"MirageStoreSetItem#50547","MirageStoreSetItem#0",0,0,0
22028,"MirageStoreSetItem#50547","MirageStoreSetItem#0",0,0,0
22029,"MirageStoreSetItem#50547","MirageStoreSetItem#0",0,0,0
22030,"MirageStoreSetItem#50547","MirageStoreSetItem#0",0,0,0
22031,"MirageStoreSetItem#50548","MirageStoreSetItem#0",0,0,0
22032,"MirageStoreSetItem#50548","MirageStoreSetItem#0",0,0,0
22033,"MirageStoreSetItem#50548","MirageStoreSetItem#0",0,0,0
22034,"MirageStoreSetItem#50548","MirageStoreSetItem#0",0,0,0
22035,"MirageStoreSetItem#50548","MirageStoreSetItem#0",0,0,0
22036,"MirageStoreSetItem#50549","MirageStoreSetItem#0",0,0,0
22037,"MirageStoreSetItem#50549","MirageStoreSetItem#0",0,0,0
22038,"MirageStoreSetItem#50549","MirageStoreSetItem#0",0,0,0
22039,"MirageStoreSetItem#50549","MirageStoreSetItem#0",0,0,0
22040,"MirageStoreSetItem#50549","MirageStoreSetItem#0",0,0,0
22041,"MirageStoreSetItem#50550","MirageStoreSetItem#0",0,0,0
22042,"MirageStoreSetItem#50550","MirageStoreSetItem#0",0,0,0
22043,"MirageStoreSetItem#50550","MirageStoreSetItem#0",0,0,0
22044,"MirageStoreSetItem#50550","MirageStoreSetItem#0",0,0,0
22045,"MirageStoreSetItem#50550","MirageStoreSetItem#0",0,0,0
22046,"MirageStoreSetItem#50551","MirageStoreSetItem#0",0,0,0
22047,"MirageStoreSetItem#50551","MirageStoreSetItem#0",0,0,0
22048,"MirageStoreSetItem#50551","MirageStoreSetItem#0",0,0,0
22049,"MirageStoreSetItem#50551","MirageStoreSetItem#0",0,0,0
22050,"MirageStoreSetItem#50551","MirageStoreSetItem#0",0,0,0
22051,"MirageStoreSetItem#50552","MirageStoreSetItem#0",0,0,0
22052,"MirageStoreSetItem#50552","MirageStoreSetItem#0",0,0,0
22053,"MirageStoreSetItem#50552","MirageStoreSetItem#0",0,0,0
22054,"MirageStoreSetItem#50552","MirageStoreSetItem#0",0,0,0
22055,"MirageStoreSetItem#50552","MirageStoreSetItem#0",0,0,0
22056,"MirageStoreSetItem#50553","MirageStoreSetItem#0",0,0,0
22057,"MirageStoreSetItem#50553","MirageStoreSetItem#0",0,0,0
22058,"MirageStoreSetItem#50553","MirageStoreSetItem#0",0,0,0
22059,"MirageStoreSetItem#50553","MirageStoreSetItem#0",0,0,0
22060,"MirageStoreSetItem#50553","MirageStoreSetItem#0",0,0,0
22061,"MirageStoreSetItem#50554","MirageStoreSetItem#0",0,0,0
22062,"MirageStoreSetItem#50554","MirageStoreSetItem#0",0,0,0
22063,"MirageStoreSetItem#50554","MirageStoreSetItem#0",0,0,0
22064,"MirageStoreSetItem#50554","MirageStoreSetItem#0",0,0,0
22065,"MirageStoreSetItem#50554","MirageStoreSetItem#0",0,0,0
22066,"MirageStoreSetItem#50555","MirageStoreSetItem#0",0,0,0
22067,"MirageStoreSetItem#50555","MirageStoreSetItem#0",0,0,0
22068,"MirageStoreSetItem#50555","MirageStoreSetItem#0",0,0,0
22069,"MirageStoreSetItem#50555","MirageStoreSetItem#0",0,0,0
22070,"MirageStoreSetItem#50555","MirageStoreSetItem#0",0,0,0
22071,"MirageStoreSetItem#50556","MirageStoreSetItem#0",0,0,0
22072,"MirageStoreSetItem#50556","MirageStoreSetItem#0",0,0,0
22073,"MirageStoreSetItem#50556","MirageStoreSetItem#0",0,0,0
22074,"MirageStoreSetItem#50556","MirageStoreSetItem#0",0,0,0
22075,"MirageStoreSetItem#50556","MirageStoreSetItem#0",0,0,0
22076,"MirageStoreSetItem#50557","MirageStoreSetItem#0",0,0,0
22077,"MirageStoreSetItem#50557","MirageStoreSetItem#0",0,0,0
22078,"MirageStoreSetItem#50557","MirageStoreSetItem#0",0,0,0
22079,"MirageStoreSetItem#50557","MirageStoreSetItem#0",0,0,0
22080,"MirageStoreSetItem#50557","MirageStoreSetItem#0",0,0,0
22231,"MirageStoreSetItem#50558","MirageStoreSetItem#0",0,0,0
22232,"MirageStoreSetItem#50558","MirageStoreSetItem#0",0,0,0
22233,"MirageStoreSetItem#50558","MirageStoreSetItem#0",0,0,0
22234,"MirageStoreSetItem#50558","MirageStoreSetItem#0",0,0,0
22235,"MirageStoreSetItem#50558","MirageStoreSetItem#0",0,0,0
22236,"MirageStoreSetItem#50559","MirageStoreSetItem#0",0,0,0
22237,"MirageStoreSetItem#50559","MirageStoreSetItem#0",0,0,0
22238,"MirageStoreSetItem#50559","MirageStoreSetItem#0",0,0,0
22239,"MirageStoreSetItem#50559","MirageStoreSetItem#0",0,0,0
22240,"MirageStoreSetItem#50559","MirageStoreSetItem#0",0,0,0
22241,"MirageStoreSetItem#50560","MirageStoreSetItem#0",0,0,0
22242,"MirageStoreSetItem#50560","MirageStoreSetItem#0",0,0,0
22243,"MirageStoreSetItem#50560","MirageStoreSetItem#0",0,0,0
22244,"MirageStoreSetItem#50560","MirageStoreSetItem#0",0,0,0
22245,"MirageStoreSetItem#50560","MirageStoreSetItem#0",0,0,0
22246,"MirageStoreSetItem#50561","MirageStoreSetItem#0",0,0,0
22247,"MirageStoreSetItem#50561","MirageStoreSetItem#0",0,0,0
22248,"MirageStoreSetItem#50561","MirageStoreSetItem#0",0,0,0
22249,"MirageStoreSetItem#50561","MirageStoreSetItem#0",0,0,0
22250,"MirageStoreSetItem#50561","MirageStoreSetItem#0",0,0,0
22251,"MirageStoreSetItem#50562","MirageStoreSetItem#0",0,0,0
22252,"MirageStoreSetItem#50562","MirageStoreSetItem#0",0,0,0
22253,"MirageStoreSetItem#50562","MirageStoreSetItem#0",0,0,0
22254,"MirageStoreSetItem#50562","MirageStoreSetItem#0",0,0,0
22255,"MirageStoreSetItem#50562","MirageStoreSetItem#0",0,0,0
22256,"MirageStoreSetItem#50563","MirageStoreSetItem#0",0,0,0
22257,"MirageStoreSetItem#50563","MirageStoreSetItem#0",0,0,0
22258,"MirageStoreSetItem#50563","MirageStoreSetItem#0",0,0,0
22259,"MirageStoreSetItem#50563","MirageStoreSetItem#0",0,0,0
22260,"MirageStoreSetItem#50563","MirageStoreSetItem#0",0,0,0
22261,"MirageStoreSetItem#50564","MirageStoreSetItem#0",0,0,0
22262,"MirageStoreSetItem#50564","MirageStoreSetItem#0",0,0,0
22263,"MirageStoreSetItem#50564","MirageStoreSetItem#0",0,0,0
22264,"MirageStoreSetItem#50564","MirageStoreSetItem#0",0,0,0
22265,"MirageStoreSetItem#50564","MirageStoreSetItem#0",0,0,0
22266,"MirageStoreSetItem#50565","MirageStoreSetItem#0",0,0,0
22267,"MirageStoreSetItem#50565","MirageStoreSetItem#0",0,0,0
22268,"MirageStoreSetItem#50565","MirageStoreSetItem#0",0,0,0
22269,"MirageStoreSetItem#50565","MirageStoreSetItem#0",0,0,0
22270,"MirageStoreSetItem#50565","MirageStoreSetItem#0",0,0,0
22271,"MirageStoreSetItem#50566","MirageStoreSetItem#0",0,0,0
22272,"MirageStoreSetItem#50566","MirageStoreSetItem#0",0,0,0
22273,"MirageStoreSetItem#50566","MirageStoreSetItem#0",0,0,0
22274,"MirageStoreSetItem#50566","MirageStoreSetItem#0",0,0,0
22275,"MirageStoreSetItem#50566","MirageStoreSetItem#0",0,0,0
22276,"MirageStoreSetItem#50567","MirageStoreSetItem#0",0,0,0
22277,"MirageStoreSetItem#50567","MirageStoreSetItem#0",0,0,0
22278,"MirageStoreSetItem#50567","MirageStoreSetItem#0",0,0,0
22279,"MirageStoreSetItem#50567","MirageStoreSetItem#0",0,0,0
22280,"MirageStoreSetItem#50567","MirageStoreSetItem#0",0,0,0
22281,"MirageStoreSetItem#50568","MirageStoreSetItem#0",0,0,0
22282,"MirageStoreSetItem#50568","MirageStoreSetItem#0",0,0,0
22283,"MirageStoreSetItem#50568","MirageStoreSetItem#0",0,0,0
22284,"MirageStoreSetItem#50568","MirageStoreSetItem#0",0,0,0
22285,"MirageStoreSetItem#50568","MirageStoreSetItem#0",0,0,0
22286,"MirageStoreSetItem#50569","MirageStoreSetItem#0",0,0,0
22287,"MirageStoreSetItem#50569","MirageStoreSetItem#0",0,0,0
22288,"MirageStoreSetItem#50569","MirageStoreSetItem#0",0,0,0
22289,"MirageStoreSetItem#50569","MirageStoreSetItem#0",0,0,0
22290,"MirageStoreSetItem#50569","MirageStoreSetItem#0",0,0,0
22291,"MirageStoreSetItem#50570","MirageStoreSetItem#0",0,0,0
22292,"MirageStoreSetItem#50570","MirageStoreSetItem#0",0,0,0
22293,"MirageStoreSetItem#50570","MirageStoreSetItem#0",0,0,0
22294,"MirageStoreSetItem#50570","MirageStoreSetItem#0",0,0,0
22295,"MirageStoreSetItem#50570","MirageStoreSetItem#0",0,0,0
22296,"MirageStoreSetItem#50571","MirageStoreSetItem#0",0,0,0
22297,"MirageStoreSetItem#50571","MirageStoreSetItem#0",0,0,0
22298,"MirageStoreSetItem#50571","MirageStoreSetItem#0",0,0,0
22299,"MirageStoreSetItem#50571","MirageStoreSetItem#0",0,0,0
22300,"MirageStoreSetItem#50571","MirageStoreSetItem#0",0,0,0
22301,"MirageStoreSetItem#50572","MirageStoreSetItem#0",0,0,0
22302,"MirageStoreSetItem#50572","MirageStoreSetItem#0",0,0,0
22303,"MirageStoreSetItem#50572","MirageStoreSetItem#0",0,0,0
22304,"MirageStoreSetItem#50572","MirageStoreSetItem#0",0,0,0
22305,"MirageStoreSetItem#50572","MirageStoreSetItem#0",0,0,0
22318,"MirageStoreSetItem#45299","MirageStoreSetItem#0",0,0,0
22319,"MirageStoreSetItem#45299","MirageStoreSetItem#0",0,0,0
22320,"MirageStoreSetItem#45299","MirageStoreSetItem#0",0,0,0
22321,"MirageStoreSetItem#45299","MirageStoreSetItem#0",0,0,0
22322,"MirageStoreSetItem#45299","MirageStoreSetItem#0",0,0,0
22323,"MirageStoreSetItem#45300","MirageStoreSetItem#0",0,0,0
22324,"MirageStoreSetItem#45300","MirageStoreSetItem#0",0,0,0
22325,"MirageStoreSetItem#45300","MirageStoreSetItem#0",0,0,0
22326,"MirageStoreSetItem#45300","MirageStoreSetItem#0",0,0,0
22327,"MirageStoreSetItem#45300","MirageStoreSetItem#0",0,0,0
22328,"MirageStoreSetItem#45301","MirageStoreSetItem#0",0,0,0
22329,"MirageStoreSetItem#45301","MirageStoreSetItem#0",0,0,0
22330,"MirageStoreSetItem#45301","MirageStoreSetItem#0",0,0,0
22331,"MirageStoreSetItem#45301","MirageStoreSetItem#0",0,0,0
22332,"MirageStoreSetItem#45301","MirageStoreSetItem#0",0,0,0
22333,"MirageStoreSetItem#45302","MirageStoreSetItem#0",0,0,0
22334,"MirageStoreSetItem#45302","MirageStoreSetItem#0",0,0,0
22335,"MirageStoreSetItem#45302","MirageStoreSetItem#0",0,0,0
22336,"MirageStoreSetItem#45302","MirageStoreSetItem#0",0,0,0
22337,"MirageStoreSetItem#45302","MirageStoreSetItem#0",0,0,0
22338,"MirageStoreSetItem#45303","MirageStoreSetItem#0",0,0,0
22339,"MirageStoreSetItem#45303","MirageStoreSetItem#0",0,0,0
22340,"MirageStoreSetItem#45303","MirageStoreSetItem#0",0,0,0
22341,"MirageStoreSetItem#45303","MirageStoreSetItem#0",0,0,0
22342,"MirageStoreSetItem#45303","MirageStoreSetItem#0",0,0,0
22343,"MirageStoreSetItem#45304","MirageStoreSetItem#0",0,0,0
22344,"MirageStoreSetItem#45304","MirageStoreSetItem#0",0,0,0
22345,"MirageStoreSetItem#45304","MirageStoreSetItem#0",0,0,0
22346,"MirageStoreSetItem#45304","MirageStoreSetItem#0",0,0,0
22347,"MirageStoreSetItem#45304","MirageStoreSetItem#0",0,0,0
22348,"MirageStoreSetItem#45305","MirageStoreSetItem#0",0,0,0
22349,"MirageStoreSetItem#45305","MirageStoreSetItem#0",0,0,0
22350,"MirageStoreSetItem#45305","MirageStoreSetItem#0",0,0,0
22351,"MirageStoreSetItem#45305","MirageStoreSetItem#0",0,0,0
22352,"MirageStoreSetItem#45305","MirageStoreSetItem#0",0,0,0
22362,"MirageStoreSetItem#45306","MirageStoreSetItem#0",0,0,0
22363,"MirageStoreSetItem#45306","MirageStoreSetItem#0",0,0,0
22364,"MirageStoreSetItem#45306","MirageStoreSetItem#0",0,0,0
22365,"MirageStoreSetItem#45306","MirageStoreSetItem#0",0,0,0
22366,"MirageStoreSetItem#45306","MirageStoreSetItem#0",0,0,0
22367,"MirageStoreSetItem#45307","MirageStoreSetItem#0",0,0,0
22368,"MirageStoreSetItem#45307","MirageStoreSetItem#0",0,0,0
22369,"MirageStoreSetItem#45307","MirageStoreSetItem#0",0,0,0
22370,"MirageStoreSetItem#45307","MirageStoreSetItem#0",0,0,0
22371,"MirageStoreSetItem#45307","MirageStoreSetItem#0",0,0,0
22372,"MirageStoreSetItem#45308","MirageStoreSetItem#0",0,0,0
22373,"MirageStoreSetItem#45308","MirageStoreSetItem#0",0,0,0
22374,"MirageStoreSetItem#45308","MirageStoreSetItem#0",0,0,0
22375,"MirageStoreSetItem#45308","MirageStoreSetItem#0",0,0,0
22376,"MirageStoreSetItem#45308","MirageStoreSetItem#0",0,0,0
22452,"MirageStoreSetItem#45309","MirageStoreSetItem#0",0,0,0
22453,"MirageStoreSetItem#45309","MirageStoreSetItem#0",0,0,0
22454,"MirageStoreSetItem#45309","MirageStoreSetItem#0",0,0,0
22455,"MirageStoreSetItem#45309","MirageStoreSetItem#0",0,0,0
22456,"MirageStoreSetItem#45309","MirageStoreSetItem#0",0,0,0
22509,"MirageStoreSetItem#45310","MirageStoreSetItem#0",0,0,0
22510,"MirageStoreSetItem#45310","MirageStoreSetItem#0",0,0,0
22511,"MirageStoreSetItem#45310","MirageStoreSetItem#0",0,0,0
22512,"MirageStoreSetItem#45310","MirageStoreSetItem#0",0,0,0
22513,"MirageStoreSetItem#45310","MirageStoreSetItem#0",0,0,0
22514,"MirageStoreSetItem#45311","MirageStoreSetItem#0",0,0,0
22515,"MirageStoreSetItem#45311","MirageStoreSetItem#0",0,0,0
22516,"MirageStoreSetItem#45311","MirageStoreSetItem#0",0,0,0
22517,"MirageStoreSetItem#45311","MirageStoreSetItem#0",0,0,0
22518,"MirageStoreSetItem#45311","MirageStoreSetItem#0",0,0,0
22606,"MirageStoreSetItem#45312","MirageStoreSetItem#0",0,0,0
22607,"MirageStoreSetItem#45312","MirageStoreSetItem#0",0,0,0
22608,"MirageStoreSetItem#45312","MirageStoreSetItem#0",0,0,0
22609,"MirageStoreSetItem#45312","MirageStoreSetItem#0",0,0,0
22610,"MirageStoreSetItem#45312","MirageStoreSetItem#0",0,0,0
22611,"MirageStoreSetItem#45313","MirageStoreSetItem#0",0,0,0
22612,"MirageStoreSetItem#45313","MirageStoreSetItem#0",0,0,0
22613,"MirageStoreSetItem#45313","MirageStoreSetItem#0",0,0,0
22614,"MirageStoreSetItem#45313","MirageStoreSetItem#0",0,0,0
22615,"MirageStoreSetItem#45313","MirageStoreSetItem#0",0,0,0
22997,"MirageStoreSetItem#45314","MirageStoreSetItem#0",0,0,0
22998,"MirageStoreSetItem#45314","MirageStoreSetItem#0",0,0,0
22999,"MirageStoreSetItem#45314","MirageStoreSetItem#0",0,0,0
23000,"MirageStoreSetItem#45314","MirageStoreSetItem#0",0,0,0
23001,"MirageStoreSetItem#45315","MirageStoreSetItem#0",0,0,0
23002,"MirageStoreSetItem#45315","MirageStoreSetItem#0",0,0,0
23003,"MirageStoreSetItem#45316","MirageStoreSetItem#0",0,0,0
23004,"MirageStoreSetItem#45316","MirageStoreSetItem#0",0,0,0
23005,"MirageStoreSetItem#45316","MirageStoreSetItem#0",0,0,0
23006,"MirageStoreSetItem#45316","MirageStoreSetItem#0",0,0,0
23007,"MirageStoreSetItem#45316","MirageStoreSetItem#0",0,0,0
23008,"MirageStoreSetItem#45317","MirageStoreSetItem#0",0,0,0
23009,"MirageStoreSetItem#45317","MirageStoreSetItem#0",0,0,0
23010,"MirageStoreSetItem#45317","MirageStoreSetItem#0",0,0,0
23011,"MirageStoreSetItem#45317","MirageStoreSetItem#0",0,0,0
23012,"MirageStoreSetItem#45317","MirageStoreSetItem#0",0,0,0
23013,"MirageStoreSetItem#45318","MirageStoreSetItem#0",0,0,0
23014,"MirageStoreSetItem#45318","MirageStoreSetItem#0",0,0,0
23015,"MirageStoreSetItem#45318","MirageStoreSetItem#0",0,0,0
23016,"MirageStoreSetItem#45318","MirageStoreSetItem#0",0,0,0
23017,"MirageStoreSetItem#45319","MirageStoreSetItem#0",0,0,0
23018,"MirageStoreSetItem#45319","MirageStoreSetItem#0",0,0,0
23019,"MirageStoreSetItem#45319","MirageStoreSetItem#0",0,0,0
23038,"MirageStoreSetItem#45320","MirageStoreSetItem#0",0,0,0
23039,"MirageStoreSetItem#45320","MirageStoreSetItem#0",0,0,0
23040,"MirageStoreSetItem#45320","MirageStoreSetItem#0",0,0,0
23041,"MirageStoreSetItem#45320","MirageStoreSetItem#0",0,0,0
23042,"MirageStoreSetItem#45320","MirageStoreSetItem#0",0,0,0
23226,"MirageStoreSetItem#45319","MirageStoreSetItem#0",0,0,0
23350,"MirageStoreSetItem#45321","MirageStoreSetItem#0",0,0,0
23351,"MirageStoreSetItem#45321","MirageStoreSetItem#0",0,0,0
23352,"MirageStoreSetItem#45321","MirageStoreSetItem#0",0,0,0
23353,"MirageStoreSetItem#45321","MirageStoreSetItem#0",0,0,0
23354,"MirageStoreSetItem#45321","MirageStoreSetItem#0",0,0,0
23355,"MirageStoreSetItem#45322","MirageStoreSetItem#0",0,0,0
23356,"MirageStoreSetItem#45322","MirageStoreSetItem#0",0,0,0
23357,"MirageStoreSetItem#45322","MirageStoreSetItem#0",0,0,0
23358,"MirageStoreSetItem#45322","MirageStoreSetItem#0",0,0,0
23359,"MirageStoreSetItem#45322","MirageStoreSetItem#0",0,0,0
23373,"MirageStoreSetItem#45315","MirageStoreSetItem#0",0,0,0
23374,"MirageStoreSetItem#45315","MirageStoreSetItem#0",0,0,0
23384,"MirageStoreSetItem#45323","MirageStoreSetItem#0",0,0,0
23385,"MirageStoreSetItem#45323","MirageStoreSetItem#0",0,0,0
23386,"MirageStoreSetItem#45323","MirageStoreSetItem#0",0,0,0
23387,"MirageStoreSetItem#45323","MirageStoreSetItem#0",0,0,0
23388,"MirageStoreSetItem#45323","MirageStoreSetItem#0",0,0,0
23389,"MirageStoreSetItem#45324","MirageStoreSetItem#0",0,0,0
23390,"MirageStoreSetItem#45324","MirageStoreSetItem#0",0,0,0
23391,"MirageStoreSetItem#45324","MirageStoreSetItem#0",0,0,0
23392,"MirageStoreSetItem#45324","MirageStoreSetItem#0",0,0,0
23393,"MirageStoreSetItem#45324","MirageStoreSetItem#0",0,0,0
24004,"MirageStoreSetItem#45325","MirageStoreSetItem#0",0,0,0
24005,"MirageStoreSetItem#45325","MirageStoreSetItem#0",0,0,0
24006,"MirageStoreSetItem#45325","MirageStoreSetItem#0",0,0,0
24145,"MirageStoreSetItem#45326","MirageStoreSetItem#0",0,0,0
24146,"MirageStoreSetItem#45326","MirageStoreSetItem#0",0,0,0
24147,"MirageStoreSetItem#45326","MirageStoreSetItem#0",0,0,0
24148,"MirageStoreSetItem#45327","MirageStoreSetItem#0",0,0,0
24149,"MirageStoreSetItem#45327","MirageStoreSetItem#0",0,0,0
24150,"MirageStoreSetItem#45327","MirageStoreSetItem#0",0,0,0
24151,"MirageStoreSetItem#45327","MirageStoreSetItem#0",0,0,0
24152,"MirageStoreSetItem#45327","MirageStoreSetItem#0",0,0,0
24153,"MirageStoreSetItem#45328","MirageStoreSetItem#0",0,0,0
24154,"MirageStoreSetItem#45328","MirageStoreSetItem#0",0,0,0
24155,"MirageStoreSetItem#45328","MirageStoreSetItem#0",0,0,0
24156,"MirageStoreSetItem#45328","MirageStoreSetItem#0",0,0,0
24157,"MirageStoreSetItem#45328","MirageStoreSetItem#0",0,0,0
24158,"MirageStoreSetItem#45329","MirageStoreSetItem#0",0,0,0
24159,"MirageStoreSetItem#45329","MirageStoreSetItem#0",0,0,0
24160,"MirageStoreSetItem#45329","MirageStoreSetItem#0",0,0,0
24161,"MirageStoreSetItem#45329","MirageStoreSetItem#0",0,0,0
24162,"MirageStoreSetItem#45329","MirageStoreSetItem#0",0,0,0
24192,"MirageStoreSetItem#45330","MirageStoreSetItem#0",0,0,0
24193,"MirageStoreSetItem#45330","MirageStoreSetItem#0",0,0,0
24194,"MirageStoreSetItem#45330","MirageStoreSetItem#0",0,0,0
24195,"MirageStoreSetItem#45330","MirageStoreSetItem#0",0,0,0
24196,"MirageStoreSetItem#45330","MirageStoreSetItem#0",0,0,0
24552,"MirageStoreSetItem#50630","MirageStoreSetItem#0",0,0,0
24553,"MirageStoreSetItem#50630","MirageStoreSetItem#0",0,0,0
24554,"MirageStoreSetItem#50630","MirageStoreSetItem#0",0,0,0
24555,"MirageStoreSetItem#50630","MirageStoreSetItem#0",0,0,0
24556,"MirageStoreSetItem#50630","MirageStoreSetItem#0",0,0,0
24591,"MirageStoreSetItem#45331","MirageStoreSetItem#0",0,0,0
24592,"MirageStoreSetItem#45331","MirageStoreSetItem#0",0,0,0
24593,"MirageStoreSetItem#45331","MirageStoreSetItem#0",0,0,0
24594,"MirageStoreSetItem#45332","MirageStoreSetItem#0",0,0,0
24595,"MirageStoreSetItem#45332","MirageStoreSetItem#0",0,0,0
24596,"MirageStoreSetItem#45332","MirageStoreSetItem#0",0,0,0
24597,"MirageStoreSetItem#45332","MirageStoreSetItem#0",0,0,0
24598,"MirageStoreSetItem#45332","MirageStoreSetItem#0",0,0,0
24599,"MirageStoreSetItem#45333","MirageStoreSetItem#0",0,0,0
24600,"MirageStoreSetItem#45333","MirageStoreSetItem#0",0,0,0
24601,"MirageStoreSetItem#45333","MirageStoreSetItem#0",0,0,0
24602,"MirageStoreSetItem#45334","MirageStoreSetItem#0",0,0,0
24603,"MirageStoreSetItem#45334","MirageStoreSetItem#0",0,0,0
24604,"MirageStoreSetItem#45334","MirageStoreSetItem#0",0,0,0
24605,"MirageStoreSetItem#45335","MirageStoreSetItem#0",0,0,0
24606,"MirageStoreSetItem#45335","MirageStoreSetItem#0",0,0,0
24607,"MirageStoreSetItem#45335","MirageStoreSetItem#0",0,0,0
24608,"MirageStoreSetItem#45336","MirageStoreSetItem#0",0,0,0
24609,"MirageStoreSetItem#45336","MirageStoreSetItem#0",0,0,0
24610,"MirageStoreSetItem#45336","MirageStoreSetItem#0",0,0,0
24611,"MirageStoreSetItem#45336","MirageStoreSetItem#0",0,0,0
24999,"MirageStoreSetItem#45337","MirageStoreSetItem#0",0,0,0
25000,"MirageStoreSetItem#45337","MirageStoreSetItem#0",0,0,0
25208,"MirageStoreSetItem#50482","MirageStoreSetItem#0",0,0,0
25209,"MirageStoreSetItem#50482","MirageStoreSetItem#0",0,0,0
25210,"MirageStoreSetItem#50482","MirageStoreSetItem#0",0,0,0
25211,"MirageStoreSetItem#50482","MirageStoreSetItem#0",0,0,0
25212,"MirageStoreSetItem#50479","MirageStoreSetItem#0",0,0,0
25213,"MirageStoreSetItem#50479","MirageStoreSetItem#0",0,0,0
25214,"MirageStoreSetItem#50479","MirageStoreSetItem#0",0,0,0
25215,"MirageStoreSetItem#50479","MirageStoreSetItem#0",0,0,0
26740,"MirageStoreSetItem#45338","MirageStoreSetItem#0",0,0,0
26741,"MirageStoreSetItem#45338","MirageStoreSetItem#0",0,0,0
26742,"MirageStoreSetItem#45338","MirageStoreSetItem#0",0,0,0
26743,"MirageStoreSetItem#45338","MirageStoreSetItem#0",0,0,0
27333,"MirageStoreSetItem#45339","MirageStoreSetItem#0",0,0,0
27334,"MirageStoreSetItem#45339","MirageStoreSetItem#0",0,0,0
27335,"MirageStoreSetItem#45339","MirageStoreSetItem#0",0,0,0
27336,"MirageStoreSetItem#45339","MirageStoreSetItem#0",0,0,0
27337,"MirageStoreSetItem#45339","MirageStoreSetItem#0",0,0,0
27339,"MirageStoreSetItem#45340","MirageStoreSetItem#0",0,0,0
27340,"MirageStoreSetItem#45340","MirageStoreSetItem#0",0,0,0
27341,"MirageStoreSetItem#45340","MirageStoreSetItem#0",0,0,0
27342,"MirageStoreSetItem#45340","MirageStoreSetItem#0",0,0,0
27343,"MirageStoreSetItem#45340","MirageStoreSetItem#0",0,0,0
27933,"MirageStoreSetItem#45341","MirageStoreSetItem#0",0,0,0
27934,"MirageStoreSetItem#45341","MirageStoreSetItem#0",0,0,0
27935,"MirageStoreSetItem#45341","MirageStoreSetItem#0",0,0,0
27936,"MirageStoreSetItem#45342","MirageStoreSetItem#0",0,0,0
27937,"MirageStoreSetItem#45342","MirageStoreSetItem#0",0,0,0
27938,"MirageStoreSetItem#45343","MirageStoreSetItem#0",0,0,0
27939,"MirageStoreSetItem#45343","MirageStoreSetItem#45345",0,0,0
27940,"MirageStoreSetItem#45343","MirageStoreSetItem#45345",0,0,0
27941,"MirageStoreSetItem#45344","MirageStoreSetItem#0",0,0,0
27942,"MirageStoreSetItem#45344","MirageStoreSetItem#0",0,0,0
27991,"MirageStoreSetItem#45345","MirageStoreSetItem#0",0,0,0
28081,"MirageStoreSetItem#45357","MirageStoreSetItem#0",0,0,0
28082,"MirageStoreSetItem#45357","MirageStoreSetItem#0",0,0,0
28083,"MirageStoreSetItem#45357","MirageStoreSetItem#0",0,0,0
28084,"MirageStoreSetItem#45357","MirageStoreSetItem#0",0,0,0
28085,"MirageStoreSetItem#45357","MirageStoreSetItem#0",0,0,0
28086,"MirageStoreSetItem#45358","MirageStoreSetItem#0",0,0,0
28087,"MirageStoreSetItem#45358","MirageStoreSetItem#0",0,0,0
28088,"MirageStoreSetItem#45358","MirageStoreSetItem#0",0,0,0
28089,"MirageStoreSetItem#45358","MirageStoreSetItem#0",0,0,0
28090,"MirageStoreSetItem#45358","MirageStoreSetItem#0",0,0,0
28091,"MirageStoreSetItem#45359","MirageStoreSetItem#0",0,0,0
28092,"MirageStoreSetItem#45359","MirageStoreSetItem#0",0,0,0
28093,"MirageStoreSetItem#45359","MirageStoreSetItem#0",0,0,0
28094,"MirageStoreSetItem#45359","MirageStoreSetItem#0",0,0,0
28095,"MirageStoreSetItem#45359","MirageStoreSetItem#0",0,0,0
28096,"MirageStoreSetItem#45360","MirageStoreSetItem#0",0,0,0
28097,"MirageStoreSetItem#45360","MirageStoreSetItem#0",0,0,0
28098,"MirageStoreSetItem#45360","MirageStoreSetItem#0",0,0,0
28099,"MirageStoreSetItem#45360","MirageStoreSetItem#0",0,0,0
28100,"MirageStoreSetItem#45360","MirageStoreSetItem#0",0,0,0
28101,"MirageStoreSetItem#45361","MirageStoreSetItem#0",0,0,0
28102,"MirageStoreSetItem#45361","MirageStoreSetItem#0",0,0,0
28103,"MirageStoreSetItem#45361","MirageStoreSetItem#0",0,0,0
28104,"MirageStoreSetItem#45361","MirageStoreSetItem#0",0,0,0
28105,"MirageStoreSetItem#45361","MirageStoreSetItem#0",0,0,0
28106,"MirageStoreSetItem#45362","MirageStoreSetItem#0",0,0,0
28107,"MirageStoreSetItem#45362","MirageStoreSetItem#0",0,0,0
28108,"MirageStoreSetItem#45362","MirageStoreSetItem#0",0,0,0
28109,"MirageStoreSetItem#45362","MirageStoreSetItem#0",0,0,0
28110,"MirageStoreSetItem#45362","MirageStoreSetItem#0",0,0,0
28111,"MirageStoreSetItem#45363","MirageStoreSetItem#0",0,0,0
28112,"MirageStoreSetItem#45363","MirageStoreSetItem#0",0,0,0
28113,"MirageStoreSetItem#45363","MirageStoreSetItem#0",0,0,0
28114,"MirageStoreSetItem#45363","MirageStoreSetItem#0",0,0,0
28115,"MirageStoreSetItem#45363","MirageStoreSetItem#0",0,0,0
28553,"MirageStoreSetItem#45364","MirageStoreSetItem#0",0,0,0
28554,"MirageStoreSetItem#45364","MirageStoreSetItem#0",0,0,0
28555,"MirageStoreSetItem#45364","MirageStoreSetItem#0",0,0,0
28558,"MirageStoreSetItem#45365","MirageStoreSetItem#0",0,0,0
28559,"MirageStoreSetItem#45365","MirageStoreSetItem#0",0,0,0
28560,"MirageStoreSetItem#45365","MirageStoreSetItem#0",0,0,0
28561,"MirageStoreSetItem#45365","MirageStoreSetItem#0",0,0,0
28562,"MirageStoreSetItem#45365","MirageStoreSetItem#0",0,0,0
28563,"MirageStoreSetItem#45366","MirageStoreSetItem#0",0,0,0
28564,"MirageStoreSetItem#45366","MirageStoreSetItem#0",0,0,0
28565,"MirageStoreSetItem#45366","MirageStoreSetItem#0",0,0,0
28566,"MirageStoreSetItem#45366","MirageStoreSetItem#0",0,0,0
28567,"MirageStoreSetItem#45366","MirageStoreSetItem#0",0,0,0
28568,"MirageStoreSetItem#45367","MirageStoreSetItem#0",0,0,0
28569,"MirageStoreSetItem#45367","MirageStoreSetItem#0",0,0,0
28570,"MirageStoreSetItem#45367","MirageStoreSetItem#0",0,0,0
28571,"MirageStoreSetItem#45367","MirageStoreSetItem#0",0,0,0
28572,"MirageStoreSetItem#45367","MirageStoreSetItem#0",0,0,0
28573,"MirageStoreSetItem#45368","MirageStoreSetItem#0",0,0,0
28574,"MirageStoreSetItem#45368","MirageStoreSetItem#0",0,0,0
28575,"MirageStoreSetItem#45368","MirageStoreSetItem#0",0,0,0
28576,"MirageStoreSetItem#45368","MirageStoreSetItem#0",0,0,0
28577,"MirageStoreSetItem#45368","MirageStoreSetItem#0",0,0,0
28578,"MirageStoreSetItem#45369","MirageStoreSetItem#0",0,0,0
28579,"MirageStoreSetItem#45369","MirageStoreSetItem#0",0,0,0
28580,"MirageStoreSetItem#45369","MirageStoreSetItem#0",0,0,0
28581,"MirageStoreSetItem#45369","MirageStoreSetItem#0",0,0,0
28582,"MirageStoreSetItem#45369","MirageStoreSetItem#0",0,0,0
28583,"MirageStoreSetItem#45370","MirageStoreSetItem#0",0,0,0
28584,"MirageStoreSetItem#45370","MirageStoreSetItem#0",0,0,0
28585,"MirageStoreSetItem#45370","MirageStoreSetItem#0",0,0,0
28586,"MirageStoreSetItem#45370","MirageStoreSetItem#0",0,0,0
28587,"MirageStoreSetItem#45370","MirageStoreSetItem#0",0,0,0
28588,"MirageStoreSetItem#45371","MirageStoreSetItem#0",0,0,0
28589,"MirageStoreSetItem#45371","MirageStoreSetItem#0",0,0,0
28590,"MirageStoreSetItem#45372","MirageStoreSetItem#0",0,0,0
28591,"MirageStoreSetItem#45372","MirageStoreSetItem#0",0,0,0
28592,"MirageStoreSetItem#45373","MirageStoreSetItem#0",0,0,0
28593,"MirageStoreSetItem#45373","MirageStoreSetItem#45374",0,0,0
28594,"MirageStoreSetItem#45374","MirageStoreSetItem#0",0,0,0
28595,"MirageStoreSetItem#45375","MirageStoreSetItem#0",0,0,0
28596,"MirageStoreSetItem#45375","MirageStoreSetItem#0",0,0,0
28597,"MirageStoreSetItem#45375","MirageStoreSetItem#0",0,0,0
28598,"MirageStoreSetItem#45375","MirageStoreSetItem#0",0,0,0
28599,"MirageStoreSetItem#45375","MirageStoreSetItem#0",0,0,0
28600,"MirageStoreSetItem#45376","MirageStoreSetItem#0",0,0,0
28601,"MirageStoreSetItem#45376","MirageStoreSetItem#0",0,0,0
28602,"MirageStoreSetItem#45376","MirageStoreSetItem#0",0,0,0
28603,"MirageStoreSetItem#45376","MirageStoreSetItem#0",0,0,0
28604,"MirageStoreSetItem#45376","MirageStoreSetItem#0",0,0,0
28605,"MirageStoreSetItem#45377","MirageStoreSetItem#0",0,0,0
28606,"MirageStoreSetItem#45377","MirageStoreSetItem#0",0,0,0
28607,"MirageStoreSetItem#45377","MirageStoreSetItem#0",0,0,0
28608,"MirageStoreSetItem#45377","MirageStoreSetItem#0",0,0,0
28609,"MirageStoreSetItem#45377","MirageStoreSetItem#0",0,0,0
28709,"MirageStoreSetItem#45378","MirageStoreSetItem#0",0,0,0
28710,"MirageStoreSetItem#45378","MirageStoreSetItem#0",0,0,0
28711,"MirageStoreSetItem#45378","MirageStoreSetItem#0",0,0,0
28712,"MirageStoreSetItem#45378","MirageStoreSetItem#0",0,0,0
28713,"MirageStoreSetItem#45378","MirageStoreSetItem#0",0,0,0
28808,"MirageStoreSetItem#45379","MirageStoreSetItem#0",0,0,0
28809,"MirageStoreSetItem#45379","MirageStoreSetItem#0",0,0,0
28810,"MirageStoreSetItem#45379","MirageStoreSetItem#0",0,0,0
28811,"MirageStoreSetItem#45379","MirageStoreSetItem#0",0,0,0
28812,"MirageStoreSetItem#45379","MirageStoreSetItem#0",0,0,0
28813,"MirageStoreSetItem#45380","MirageStoreSetItem#0",0,0,0
28814,"MirageStoreSetItem#45380","MirageStoreSetItem#0",0,0,0
28815,"MirageStoreSetItem#45380","MirageStoreSetItem#0",0,0,0
28816,"MirageStoreSetItem#45380","MirageStoreSetItem#0",0,0,0
28817,"MirageStoreSetItem#45380","MirageStoreSetItem#0",0,0,0
28818,"MirageStoreSetItem#45381","MirageStoreSetItem#0",0,0,0
28819,"MirageStoreSetItem#45381","MirageStoreSetItem#0",0,0,0
28820,"MirageStoreSetItem#45381","MirageStoreSetItem#0",0,0,0
28821,"MirageStoreSetItem#45381","MirageStoreSetItem#0",0,0,0
28822,"MirageStoreSetItem#45381","MirageStoreSetItem#0",0,0,0
28823,"MirageStoreSetItem#45382","MirageStoreSetItem#0",0,0,0
28824,"MirageStoreSetItem#45382","MirageStoreSetItem#0",0,0,0
28825,"MirageStoreSetItem#45382","MirageStoreSetItem#0",0,0,0
28826,"MirageStoreSetItem#45382","MirageStoreSetItem#0",0,0,0
28827,"MirageStoreSetItem#45382","MirageStoreSetItem#0",0,0,0
28828,"MirageStoreSetItem#45383","MirageStoreSetItem#0",0,0,0
28829,"MirageStoreSetItem#45383","MirageStoreSetItem#0",0,0,0
28830,"MirageStoreSetItem#45383","MirageStoreSetItem#0",0,0,0
28831,"MirageStoreSetItem#45383","MirageStoreSetItem#0",0,0,0
28832,"MirageStoreSetItem#45383","MirageStoreSetItem#0",0,0,0
28833,"MirageStoreSetItem#45384","MirageStoreSetItem#0",0,0,0
28834,"MirageStoreSetItem#45384","MirageStoreSetItem#0",0,0,0
28835,"MirageStoreSetItem#45384","MirageStoreSetItem#0",0,0,0
28836,"MirageStoreSetItem#45384","MirageStoreSetItem#0",0,0,0
28837,"MirageStoreSetItem#45384","MirageStoreSetItem#0",0,0,0
28838,"MirageStoreSetItem#45385","MirageStoreSetItem#0",0,0,0
28839,"MirageStoreSetItem#45385","MirageStoreSetItem#0",0,0,0
28840,"MirageStoreSetItem#45385","MirageStoreSetItem#0",0,0,0
28841,"MirageStoreSetItem#45385","MirageStoreSetItem#0",0,0,0
28842,"MirageStoreSetItem#45385","MirageStoreSetItem#0",0,0,0
28843,"MirageStoreSetItem#45386","MirageStoreSetItem#0",0,0,0
28844,"MirageStoreSetItem#45386","MirageStoreSetItem#0",0,0,0
28845,"MirageStoreSetItem#45386","MirageStoreSetItem#0",0,0,0
28846,"MirageStoreSetItem#45386","MirageStoreSetItem#0",0,0,0
28847,"MirageStoreSetItem#45386","MirageStoreSetItem#0",0,0,0
28848,"MirageStoreSetItem#45387","MirageStoreSetItem#0",0,0,0
28849,"MirageStoreSetItem#45387","MirageStoreSetItem#0",0,0,0
28850,"MirageStoreSetItem#45387","MirageStoreSetItem#0",0,0,0
28851,"MirageStoreSetItem#45387","MirageStoreSetItem#0",0,0,0
28852,"MirageStoreSetItem#45387","MirageStoreSetItem#0",0,0,0
28853,"MirageStoreSetItem#45388","MirageStoreSetItem#0",0,0,0
28854,"MirageStoreSetItem#45388","MirageStoreSetItem#0",0,0,0
28855,"MirageStoreSetItem#45388","MirageStoreSetItem#0",0,0,0
28856,"MirageStoreSetItem#45388","MirageStoreSetItem#0",0,0,0
28857,"MirageStoreSetItem#45388","MirageStoreSetItem#0",0,0,0
28858,"MirageStoreSetItem#45389","MirageStoreSetItem#0",0,0,0
28859,"MirageStoreSetItem#45389","MirageStoreSetItem#0",0,0,0
28860,"MirageStoreSetItem#45389","MirageStoreSetItem#0",0,0,0
28861,"MirageStoreSetItem#45389","MirageStoreSetItem#0",0,0,0
28862,"MirageStoreSetItem#45389","MirageStoreSetItem#0",0,0,0
28863,"MirageStoreSetItem#45390","MirageStoreSetItem#0",0,0,0
28864,"MirageStoreSetItem#45390","MirageStoreSetItem#0",0,0,0
28865,"MirageStoreSetItem#45390","MirageStoreSetItem#0",0,0,0
28866,"MirageStoreSetItem#45390","MirageStoreSetItem#0",0,0,0
28867,"MirageStoreSetItem#45390","MirageStoreSetItem#0",0,0,0
28868,"MirageStoreSetItem#45391","MirageStoreSetItem#0",0,0,0
28869,"MirageStoreSetItem#45391","MirageStoreSetItem#0",0,0,0
28870,"MirageStoreSetItem#45391","MirageStoreSetItem#0",0,0,0
28871,"MirageStoreSetItem#45391","MirageStoreSetItem#0",0,0,0
28872,"MirageStoreSetItem#45391","MirageStoreSetItem#0",0,0,0
28873,"MirageStoreSetItem#45392","MirageStoreSetItem#0",0,0,0
28874,"MirageStoreSetItem#45392","MirageStoreSetItem#0",0,0,0
28875,"MirageStoreSetItem#45392","MirageStoreSetItem#0",0,0,0
28876,"MirageStoreSetItem#45392","MirageStoreSetItem#0",0,0,0
28877,"MirageStoreSetItem#45392","MirageStoreSetItem#0",0,0,0
30044,"MirageStoreSetItem#45393","MirageStoreSetItem#45394",0,0,0
30045,"MirageStoreSetItem#45393","MirageStoreSetItem#0",0,0,0
30046,"MirageStoreSetItem#45394","MirageStoreSetItem#0",0,0,0
30048,"MirageStoreSetItem#45395","MirageStoreSetItem#0",0,0,0
30049,"MirageStoreSetItem#45395","MirageStoreSetItem#0",0,0,0
30050,"MirageStoreSetItem#45395","MirageStoreSetItem#0",0,0,0
30051,"MirageStoreSetItem#45395","MirageStoreSetItem#0",0,0,0
30052,"MirageStoreSetItem#45396","MirageStoreSetItem#0",0,0,0
30053,"MirageStoreSetItem#45396","MirageStoreSetItem#0",0,0,0
30054,"MirageStoreSetItem#45396","MirageStoreSetItem#0",0,0,0
30055,"MirageStoreSetItem#45397","MirageStoreSetItem#0",0,0,0
30056,"MirageStoreSetItem#45397","MirageStoreSetItem#0",0,0,0
30057,"MirageStoreSetItem#45397","MirageStoreSetItem#0",0,0,0
30058,"MirageStoreSetItem#45398","MirageStoreSetItem#0",0,0,0
30059,"MirageStoreSetItem#45398","MirageStoreSetItem#0",0,0,0
30060,"MirageStoreSetItem#45398","MirageStoreSetItem#0",0,0,0
30061,"MirageStoreSetItem#45398","MirageStoreSetItem#0",0,0,0
30062,"MirageStoreSetItem#45399","MirageStoreSetItem#0",0,0,0
30063,"MirageStoreSetItem#45399","MirageStoreSetItem#0",0,0,0
30064,"MirageStoreSetItem#45399","MirageStoreSetItem#0",0,0,0
30065,"MirageStoreSetItem#45399","MirageStoreSetItem#0",0,0,0
30142,"MirageStoreSetItem#50573","MirageStoreSetItem#0",0,0,0
30143,"MirageStoreSetItem#50573","MirageStoreSetItem#0",0,0,0
30144,"MirageStoreSetItem#50573","MirageStoreSetItem#0",0,0,0
30145,"MirageStoreSetItem#50573","MirageStoreSetItem#0",0,0,0
30146,"MirageStoreSetItem#50573","MirageStoreSetItem#0",0,0,0
30147,"MirageStoreSetItem#50574","MirageStoreSetItem#0",0,0,0
30148,"MirageStoreSetItem#50574","MirageStoreSetItem#0",0,0,0
30149,"MirageStoreSetItem#50574","MirageStoreSetItem#0",0,0,0
30150,"MirageStoreSetItem#50574","MirageStoreSetItem#0",0,0,0
30151,"MirageStoreSetItem#50574","MirageStoreSetItem#0",0,0,0
30152,"MirageStoreSetItem#50575","MirageStoreSetItem#0",0,0,0
30153,"MirageStoreSetItem#50575","MirageStoreSetItem#0",0,0,0
30154,"MirageStoreSetItem#50575","MirageStoreSetItem#0",0,0,0
30155,"MirageStoreSetItem#50575","MirageStoreSetItem#0",0,0,0
30156,"MirageStoreSetItem#50575","MirageStoreSetItem#0",0,0,0
30157,"MirageStoreSetItem#50576","MirageStoreSetItem#0",0,0,0
30158,"MirageStoreSetItem#50576","MirageStoreSetItem#0",0,0,0
30159,"MirageStoreSetItem#50576","MirageStoreSetItem#0",0,0,0
30160,"MirageStoreSetItem#50576","MirageStoreSetItem#0",0,0,0
30161,"MirageStoreSetItem#50576","MirageStoreSetItem#0",0,0,0
30162,"MirageStoreSetItem#50577","MirageStoreSetItem#0",0,0,0
30163,"MirageStoreSetItem#50577","MirageStoreSetItem#0",0,0,0
30164,"MirageStoreSetItem#50577","MirageStoreSetItem#0",0,0,0
30165,"MirageStoreSetItem#50577","MirageStoreSetItem#0",0,0,0
30166,"MirageStoreSetItem#50577","MirageStoreSetItem#0",0,0,0
30167,"MirageStoreSetItem#50578","MirageStoreSetItem#0",0,0,0
30168,"MirageStoreSetItem#50578","MirageStoreSetItem#0",0,0,0
30169,"MirageStoreSetItem#50578","MirageStoreSetItem#0",0,0,0
30170,"MirageStoreSetItem#50578","MirageStoreSetItem#0",0,0,0
30171,"MirageStoreSetItem#50578","MirageStoreSetItem#0",0,0,0
30172,"MirageStoreSetItem#50579","MirageStoreSetItem#0",0,0,0
30173,"MirageStoreSetItem#50579","MirageStoreSetItem#0",0,0,0
30174,"MirageStoreSetItem#50579","MirageStoreSetItem#0",0,0,0
30175,"MirageStoreSetItem#50579","MirageStoreSetItem#0",0,0,0
30176,"MirageStoreSetItem#50579","MirageStoreSetItem#0",0,0,0
30177,"MirageStoreSetItem#50580","MirageStoreSetItem#0",0,0,0
30178,"MirageStoreSetItem#50580","MirageStoreSetItem#0",0,0,0
30179,"MirageStoreSetItem#50580","MirageStoreSetItem#0",0,0,0
30180,"MirageStoreSetItem#50580","MirageStoreSetItem#0",0,0,0
30181,"MirageStoreSetItem#50580","MirageStoreSetItem#0",0,0,0
30182,"MirageStoreSetItem#50581","MirageStoreSetItem#0",0,0,0
30183,"MirageStoreSetItem#50581","MirageStoreSetItem#0",0,0,0
30184,"MirageStoreSetItem#50581","MirageStoreSetItem#0",0,0,0
30185,"MirageStoreSetItem#50581","MirageStoreSetItem#0",0,0,0
30186,"MirageStoreSetItem#50581","MirageStoreSetItem#0",0,0,0
30187,"MirageStoreSetItem#50582","MirageStoreSetItem#0",0,0,0
30188,"MirageStoreSetItem#50582","MirageStoreSetItem#0",0,0,0
30189,"MirageStoreSetItem#50582","MirageStoreSetItem#0",0,0,0
30190,"MirageStoreSetItem#50582","MirageStoreSetItem#0",0,0,0
30191,"MirageStoreSetItem#50582","MirageStoreSetItem#0",0,0,0
30192,"MirageStoreSetItem#50583","MirageStoreSetItem#0",0,0,0
30193,"MirageStoreSetItem#50583","MirageStoreSetItem#0",0,0,0
30194,"MirageStoreSetItem#50583","MirageStoreSetItem#0",0,0,0
30195,"MirageStoreSetItem#50583","MirageStoreSetItem#0",0,0,0
30196,"MirageStoreSetItem#50583","MirageStoreSetItem#0",0,0,0
30197,"MirageStoreSetItem#50584","MirageStoreSetItem#0",0,0,0
30198,"MirageStoreSetItem#50584","MirageStoreSetItem#0",0,0,0
30199,"MirageStoreSetItem#50584","MirageStoreSetItem#0",0,0,0
30200,"MirageStoreSetItem#50584","MirageStoreSetItem#0",0,0,0
30201,"MirageStoreSetItem#50584","MirageStoreSetItem#0",0,0,0
30202,"MirageStoreSetItem#50585","MirageStoreSetItem#0",0,0,0
30203,"MirageStoreSetItem#50585","MirageStoreSetItem#0",0,0,0
30204,"MirageStoreSetItem#50585","MirageStoreSetItem#0",0,0,0
30205,"MirageStoreSetItem#50585","MirageStoreSetItem#0",0,0,0
30206,"MirageStoreSetItem#50585","MirageStoreSetItem#0",0,0,0
30207,"MirageStoreSetItem#50586","MirageStoreSetItem#0",0,0,0
30208,"MirageStoreSetItem#50586","MirageStoreSetItem#0",0,0,0
30209,"MirageStoreSetItem#50586","MirageStoreSetItem#0",0,0,0
30210,"MirageStoreSetItem#50586","MirageStoreSetItem#0",0,0,0
30211,"MirageStoreSetItem#50586","MirageStoreSetItem#0",0,0,0
30212,"MirageStoreSetItem#50587","MirageStoreSetItem#0",0,0,0
30213,"MirageStoreSetItem#50587","MirageStoreSetItem#0",0,0,0
30214,"MirageStoreSetItem#50587","MirageStoreSetItem#0",0,0,0
30215,"MirageStoreSetItem#50587","MirageStoreSetItem#0",0,0,0
30216,"MirageStoreSetItem#50587","MirageStoreSetItem#0",0,0,0
30217,"MirageStoreSetItem#50588","MirageStoreSetItem#0",0,0,0
30218,"MirageStoreSetItem#50588","MirageStoreSetItem#0",0,0,0
30219,"MirageStoreSetItem#50588","MirageStoreSetItem#0",0,0,0
30220,"MirageStoreSetItem#50588","MirageStoreSetItem#0",0,0,0
30221,"MirageStoreSetItem#50588","MirageStoreSetItem#0",0,0,0
30222,"MirageStoreSetItem#50589","MirageStoreSetItem#0",0,0,0
30223,"MirageStoreSetItem#50589","MirageStoreSetItem#0",0,0,0
30224,"MirageStoreSetItem#50589","MirageStoreSetItem#0",0,0,0
30225,"MirageStoreSetItem#50589","MirageStoreSetItem#0",0,0,0
30226,"MirageStoreSetItem#50589","MirageStoreSetItem#0",0,0,0
30274,"MirageStoreSetItem#45400","MirageStoreSetItem#0",0,0,0
30275,"MirageStoreSetItem#45400","MirageStoreSetItem#0",0,0,0
30276,"MirageStoreSetItem#45400","MirageStoreSetItem#0",0,0,0
30750,"MirageStoreSetItem#45401","MirageStoreSetItem#0",0,0,0
30751,"MirageStoreSetItem#45401","MirageStoreSetItem#0",0,0,0
30752,"MirageStoreSetItem#45401","MirageStoreSetItem#0",0,0,0
30753,"MirageStoreSetItem#45401","MirageStoreSetItem#0",0,0,0
30754,"MirageStoreSetItem#45401","MirageStoreSetItem#0",0,0,0
30755,"MirageStoreSetItem#45402","MirageStoreSetItem#45403",0,0,0
30756,"MirageStoreSetItem#45402","MirageStoreSetItem#0",0,0,0
30757,"MirageStoreSetItem#45403","MirageStoreSetItem#0",0,0,0
30758,"MirageStoreSetItem#45402","MirageStoreSetItem#45403",0,0,0
30759,"MirageStoreSetItem#45404","MirageStoreSetItem#0",0,0,0
30760,"MirageStoreSetItem#45404","MirageStoreSetItem#0",0,0,0
30761,"MirageStoreSetItem#45404","MirageStoreSetItem#0",0,0,0
30762,"MirageStoreSetItem#45405","MirageStoreSetItem#0",0,0,0
30763,"MirageStoreSetItem#45405","MirageStoreSetItem#0",0,0,0
30764,"MirageStoreSetItem#45405","MirageStoreSetItem#0",0,0,0
30765,"MirageStoreSetItem#45405","MirageStoreSetItem#0",0,0,0
30766,"MirageStoreSetItem#45405","MirageStoreSetItem#0",0,0,0
31408,"MirageStoreSetItem#45406","MirageStoreSetItem#0",0,0,0
31409,"MirageStoreSetItem#45406","MirageStoreSetItem#0",0,0,0
31410,"MirageStoreSetItem#45406","MirageStoreSetItem#0",0,0,0
31411,"MirageStoreSetItem#45406","MirageStoreSetItem#0",0,0,0
31412,"MirageStoreSetItem#45406","MirageStoreSetItem#0",0,0,0
31413,"MirageStoreSetItem#45407","MirageStoreSetItem#0",0,0,0
31414,"MirageStoreSetItem#45407","MirageStoreSetItem#0",0,0,0
31415,"MirageStoreSetItem#45407","MirageStoreSetItem#0",0,0,0
31416,"MirageStoreSetItem#45407","MirageStoreSetItem#0",0,0,0
31417,"MirageStoreSetItem#45407","MirageStoreSetItem#0",0,0,0
32640,"MirageStoreSetItem#50631","MirageStoreSetItem#0",0,0,0
32641,"MirageStoreSetItem#50631","MirageStoreSetItem#0",0,0,0
32642,"MirageStoreSetItem#50631","MirageStoreSetItem#0",0,0,0
32643,"MirageStoreSetItem#50631","MirageStoreSetItem#0",0,0,0
32646,"MirageStoreSetItem#50631","MirageStoreSetItem#0",0,0,0
32647,"MirageStoreSetItem#50631","MirageStoreSetItem#0",0,0,0
32648,"MirageStoreSetItem#50631","MirageStoreSetItem#0",0,0,0
32649,"MirageStoreSetItem#50631","MirageStoreSetItem#0",0,0,0
32650,"MirageStoreSetItem#50631","MirageStoreSetItem#0",0,0,0
32793,"MirageStoreSetItem#45408","MirageStoreSetItem#0",0,0,0
32794,"MirageStoreSetItem#45408","MirageStoreSetItem#0",0,0,0
32795,"MirageStoreSetItem#45408","MirageStoreSetItem#0",0,0,0
32796,"MirageStoreSetItem#45408","MirageStoreSetItem#0",0,0,0
32797,"MirageStoreSetItem#45408","MirageStoreSetItem#0",0,0,0
32798,"MirageStoreSetItem#45409","MirageStoreSetItem#0",0,0,0
32799,"MirageStoreSetItem#45409","MirageStoreSetItem#0",0,0,0
32800,"MirageStoreSetItem#45409","MirageStoreSetItem#0",0,0,0
32801,"MirageStoreSetItem#45409","MirageStoreSetItem#0",0,0,0
32802,"MirageStoreSetItem#45409","MirageStoreSetItem#0",0,0,0
32806,"MirageStoreSetItem#45410","MirageStoreSetItem#0",0,0,0
32807,"MirageStoreSetItem#45410","MirageStoreSetItem#0",0,0,0
32808,"MirageStoreSetItem#45410","MirageStoreSetItem#0",0,0,0
32809,"MirageStoreSetItem#45411","MirageStoreSetItem#0",0,0,0
32810,"MirageStoreSetItem#45411","MirageStoreSetItem#0",0,0,0
32811,"MirageStoreSetItem#45411","MirageStoreSetItem#0",0,0,0
33043,"MirageStoreSetItem#45412","MirageStoreSetItem#0",0,0,0
33044,"MirageStoreSetItem#45412","MirageStoreSetItem#0",0,0,0
33045,"MirageStoreSetItem#45412","MirageStoreSetItem#0",0,0,0
33046,"MirageStoreSetItem#45412","MirageStoreSetItem#0",0,0,0
33047,"MirageStoreSetItem#45412","MirageStoreSetItem#0",0,0,0
33048,"MirageStoreSetItem#45413","MirageStoreSetItem#0",0,0,0
33049,"MirageStoreSetItem#45413","MirageStoreSetItem#0",0,0,0
33050,"MirageStoreSetItem#45413","MirageStoreSetItem#0",0,0,0
33051,"MirageStoreSetItem#45413","MirageStoreSetItem#0",0,0,0
33052,"MirageStoreSetItem#45413","MirageStoreSetItem#0",0,0,0
33053,"MirageStoreSetItem#45414","MirageStoreSetItem#0",0,0,0
33054,"MirageStoreSetItem#45414","MirageStoreSetItem#0",0,0,0
33055,"MirageStoreSetItem#45414","MirageStoreSetItem#0",0,0,0
33056,"MirageStoreSetItem#45414","MirageStoreSetItem#0",0,0,0
33057,"MirageStoreSetItem#45414","MirageStoreSetItem#0",0,0,0
33058,"MirageStoreSetItem#45415","MirageStoreSetItem#0",0,0,0
33059,"MirageStoreSetItem#45415","MirageStoreSetItem#0",0,0,0
33060,"MirageStoreSetItem#45415","MirageStoreSetItem#0",0,0,0
33061,"MirageStoreSetItem#45415","MirageStoreSetItem#0",0,0,0
33062,"MirageStoreSetItem#45415","MirageStoreSetItem#0",0,0,0
33063,"MirageStoreSetItem#45416","MirageStoreSetItem#0",0,0,0
33064,"MirageStoreSetItem#45416","MirageStoreSetItem#0",0,0,0
33065,"MirageStoreSetItem#45416","MirageStoreSetItem#0",0,0,0
33066,"MirageStoreSetItem#45416","MirageStoreSetItem#0",0,0,0
33067,"MirageStoreSetItem#45416","MirageStoreSetItem#0",0,0,0
33068,"MirageStoreSetItem#45417","MirageStoreSetItem#0",0,0,0
33069,"MirageStoreSetItem#45417","MirageStoreSetItem#0",0,0,0
33070,"MirageStoreSetItem#45417","MirageStoreSetItem#0",0,0,0
33071,"MirageStoreSetItem#45417","MirageStoreSetItem#0",0,0,0
33072,"MirageStoreSetItem#45417","MirageStoreSetItem#0",0,0,0
33073,"MirageStoreSetItem#45418","MirageStoreSetItem#0",0,0,0
33074,"MirageStoreSetItem#45418","MirageStoreSetItem#0",0,0,0
33075,"MirageStoreSetItem#45418","MirageStoreSetItem#0",0,0,0
33076,"MirageStoreSetItem#45418","MirageStoreSetItem#0",0,0,0
33077,"MirageStoreSetItem#45418","MirageStoreSetItem#0",0,0,0
33078,"MirageStoreSetItem#45419","MirageStoreSetItem#0",0,0,0
33079,"MirageStoreSetItem#45419","MirageStoreSetItem#0",0,0,0
33080,"MirageStoreSetItem#45419","MirageStoreSetItem#0",0,0,0
33081,"MirageStoreSetItem#45419","MirageStoreSetItem#0",0,0,0
33082,"MirageStoreSetItem#45419","MirageStoreSetItem#0",0,0,0
33083,"MirageStoreSetItem#45420","MirageStoreSetItem#0",0,0,0
33084,"MirageStoreSetItem#45420","MirageStoreSetItem#0",0,0,0
33085,"MirageStoreSetItem#45420","MirageStoreSetItem#0",0,0,0
33086,"MirageStoreSetItem#45420","MirageStoreSetItem#0",0,0,0
33087,"MirageStoreSetItem#45420","MirageStoreSetItem#0",0,0,0
33088,"MirageStoreSetItem#45421","MirageStoreSetItem#0",0,0,0
33089,"MirageStoreSetItem#45421","MirageStoreSetItem#0",0,0,0
33090,"MirageStoreSetItem#45421","MirageStoreSetItem#0",0,0,0
33091,"MirageStoreSetItem#45421","MirageStoreSetItem#0",0,0,0
33092,"MirageStoreSetItem#45421","MirageStoreSetItem#0",0,0,0
33093,"MirageStoreSetItem#45422","MirageStoreSetItem#0",0,0,0
33094,"MirageStoreSetItem#45422","MirageStoreSetItem#0",0,0,0
33095,"MirageStoreSetItem#45422","MirageStoreSetItem#0",0,0,0
33096,"MirageStoreSetItem#45422","MirageStoreSetItem#0",0,0,0
33097,"MirageStoreSetItem#45422","MirageStoreSetItem#0",0,0,0
33445,"MirageStoreSetItem#45423","MirageStoreSetItem#0",0,0,0
33446,"MirageStoreSetItem#45423","MirageStoreSetItem#0",0,0,0
33447,"MirageStoreSetItem#45423","MirageStoreSetItem#0",0,0,0
33448,"MirageStoreSetItem#45423","MirageStoreSetItem#0",0,0,0
33449,"MirageStoreSetItem#45423","MirageStoreSetItem#0",0,0,0
33455,"MirageStoreSetItem#45424","MirageStoreSetItem#0",0,0,0
33456,"MirageStoreSetItem#45424","MirageStoreSetItem#0",0,0,0
33457,"MirageStoreSetItem#45424","MirageStoreSetItem#0",0,0,0
33458,"MirageStoreSetItem#45424","MirageStoreSetItem#0",0,0,0
33459,"MirageStoreSetItem#45424","MirageStoreSetItem#0",0,0,0
33653,"MirageStoreSetItem#45425","MirageStoreSetItem#0",0,0,0
33654,"MirageStoreSetItem#45425","MirageStoreSetItem#0",0,0,0
33655,"MirageStoreSetItem#45426","MirageStoreSetItem#0",0,0,0
33656,"MirageStoreSetItem#45426","MirageStoreSetItem#0",0,0,0
33657,"MirageStoreSetItem#45426","MirageStoreSetItem#0",0,0,0
33658,"MirageStoreSetItem#45426","MirageStoreSetItem#0",0,0,0
33659,"MirageStoreSetItem#45427","MirageStoreSetItem#0",0,0,0
33660,"MirageStoreSetItem#45427","MirageStoreSetItem#0",0,0,0
33661,"MirageStoreSetItem#45427","MirageStoreSetItem#0",0,0,0
33662,"MirageStoreSetItem#45427","MirageStoreSetItem#0",0,0,0
33663,"MirageStoreSetItem#45428","MirageStoreSetItem#0",0,0,0
33664,"MirageStoreSetItem#45428","MirageStoreSetItem#0",0,0,0
33665,"MirageStoreSetItem#45428","MirageStoreSetItem#0",0,0,0
33666,"MirageStoreSetItem#45428","MirageStoreSetItem#0",0,0,0
33667,"MirageStoreSetItem#45429","MirageStoreSetItem#0",0,0,0
33668,"MirageStoreSetItem#45429","MirageStoreSetItem#0",0,0,0
33669,"MirageStoreSetItem#45429","MirageStoreSetItem#0",0,0,0
33670,"MirageStoreSetItem#45429","MirageStoreSetItem#0",0,0,0
33671,"MirageStoreSetItem#45429","MirageStoreSetItem#0",0,0,0
33751,"MirageStoreSetItem#45430","MirageStoreSetItem#0",0,0,0
33752,"MirageStoreSetItem#45430","MirageStoreSetItem#0",0,0,0
33753,"MirageStoreSetItem#45430","MirageStoreSetItem#0",0,0,0
33943,"MirageStoreSetItem#50481","MirageStoreSetItem#0",0,0,0
33944,"MirageStoreSetItem#50481","MirageStoreSetItem#0",0,0,0
33945,"MirageStoreSetItem#50481","MirageStoreSetItem#0",0,0,0
33946,"MirageStoreSetItem#50481","MirageStoreSetItem#0",0,0,0
33947,"MirageStoreSetItem#50590","MirageStoreSetItem#0",0,0,0
33948,"MirageStoreSetItem#50590","MirageStoreSetItem#0",0,0,0
33949,"MirageStoreSetItem#50590","MirageStoreSetItem#0",0,0,0
33950,"MirageStoreSetItem#50590","MirageStoreSetItem#0",0,0,0
33951,"MirageStoreSetItem#50590","MirageStoreSetItem#0",0,0,0
33952,"MirageStoreSetItem#50591","MirageStoreSetItem#0",0,0,0
33953,"MirageStoreSetItem#50591","MirageStoreSetItem#0",0,0,0
33954,"MirageStoreSetItem#50591","MirageStoreSetItem#0",0,0,0
33955,"MirageStoreSetItem#50591","MirageStoreSetItem#0",0,0,0
33956,"MirageStoreSetItem#50591","MirageStoreSetItem#0",0,0,0
33957,"MirageStoreSetItem#50592","MirageStoreSetItem#0",0,0,0
33958,"MirageStoreSetItem#50592","MirageStoreSetItem#0",0,0,0
33959,"MirageStoreSetItem#50592","MirageStoreSetItem#0",0,0,0
33960,"MirageStoreSetItem#50592","MirageStoreSetItem#0",0,0,0
33961,"MirageStoreSetItem#50592","MirageStoreSetItem#0",0,0,0
33962,"MirageStoreSetItem#50593","MirageStoreSetItem#0",0,0,0
33963,"MirageStoreSetItem#50593","MirageStoreSetItem#0",0,0,0
33964,"MirageStoreSetItem#50593","MirageStoreSetItem#0",0,0,0
33965,"MirageStoreSetItem#50593","MirageStoreSetItem#0",0,0,0
33966,"MirageStoreSetItem#50593","MirageStoreSetItem#0",0,0,0
33967,"MirageStoreSetItem#50594","MirageStoreSetItem#0",0,0,0
33968,"MirageStoreSetItem#50594","MirageStoreSetItem#0",0,0,0
33969,"MirageStoreSetItem#50594","MirageStoreSetItem#0",0,0,0
33970,"MirageStoreSetItem#50594","MirageStoreSetItem#0",0,0,0
33971,"MirageStoreSetItem#50594","MirageStoreSetItem#0",0,0,0
33972,"MirageStoreSetItem#50595","MirageStoreSetItem#0",0,0,0
33973,"MirageStoreSetItem#50595","MirageStoreSetItem#0",0,0,0
33974,"MirageStoreSetItem#50595","MirageStoreSetItem#0",0,0,0
33975,"MirageStoreSetItem#50595","MirageStoreSetItem#0",0,0,0
33976,"MirageStoreSetItem#50595","MirageStoreSetItem#0",0,0,0
33977,"MirageStoreSetItem#50596","MirageStoreSetItem#0",0,0,0
33978,"MirageStoreSetItem#50596","MirageStoreSetItem#0",0,0,0
33979,"MirageStoreSetItem#50596","MirageStoreSetItem#0",0,0,0
33980,"MirageStoreSetItem#50596","MirageStoreSetItem#0",0,0,0
33981,"MirageStoreSetItem#50596","MirageStoreSetItem#0",0,0,0
33982,"MirageStoreSetItem#50597","MirageStoreSetItem#0",0,0,0
33983,"MirageStoreSetItem#50597","MirageStoreSetItem#0",0,0,0
33984,"MirageStoreSetItem#50597","MirageStoreSetItem#0",0,0,0
33985,"MirageStoreSetItem#50597","MirageStoreSetItem#0",0,0,0
33986,"MirageStoreSetItem#50597","MirageStoreSetItem#0",0,0,0
33987,"MirageStoreSetItem#50598","MirageStoreSetItem#0",0,0,0
33988,"MirageStoreSetItem#50598","MirageStoreSetItem#0",0,0,0
33989,"MirageStoreSetItem#50598","MirageStoreSetItem#0",0,0,0
33990,"MirageStoreSetItem#50598","MirageStoreSetItem#0",0,0,0
33991,"MirageStoreSetItem#50598","MirageStoreSetItem#0",0,0,0
33992,"MirageStoreSetItem#50599","MirageStoreSetItem#0",0,0,0
33993,"MirageStoreSetItem#50599","MirageStoreSetItem#0",0,0,0
33994,"MirageStoreSetItem#50599","MirageStoreSetItem#0",0,0,0
33995,"MirageStoreSetItem#50599","MirageStoreSetItem#0",0,0,0
33996,"MirageStoreSetItem#50599","MirageStoreSetItem#0",0,0,0
33997,"MirageStoreSetItem#50600","MirageStoreSetItem#0",0,0,0
33998,"MirageStoreSetItem#50600","MirageStoreSetItem#0",0,0,0
33999,"MirageStoreSetItem#50600","MirageStoreSetItem#0",0,0,0
34000,"MirageStoreSetItem#50600","MirageStoreSetItem#0",0,0,0
34001,"MirageStoreSetItem#50600","MirageStoreSetItem#0",0,0,0
34002,"MirageStoreSetItem#50601","MirageStoreSetItem#0",0,0,0
34003,"MirageStoreSetItem#50601","MirageStoreSetItem#0",0,0,0
34004,"MirageStoreSetItem#50601","MirageStoreSetItem#0",0,0,0
34005,"MirageStoreSetItem#50601","MirageStoreSetItem#0",0,0,0
34006,"MirageStoreSetItem#50601","MirageStoreSetItem#0",0,0,0
34007,"MirageStoreSetItem#50602","MirageStoreSetItem#0",0,0,0
34008,"MirageStoreSetItem#50602","MirageStoreSetItem#0",0,0,0
34009,"MirageStoreSetItem#50602","MirageStoreSetItem#0",0,0,0
34010,"MirageStoreSetItem#50602","MirageStoreSetItem#0",0,0,0
34011,"MirageStoreSetItem#50602","MirageStoreSetItem#0",0,0,0
34012,"MirageStoreSetItem#50603","MirageStoreSetItem#0",0,0,0
34013,"MirageStoreSetItem#50603","MirageStoreSetItem#0",0,0,0
34014,"MirageStoreSetItem#50603","MirageStoreSetItem#0",0,0,0
34015,"MirageStoreSetItem#50603","MirageStoreSetItem#0",0,0,0
34016,"MirageStoreSetItem#50603","MirageStoreSetItem#0",0,0,0
34017,"MirageStoreSetItem#50604","MirageStoreSetItem#0",0,0,0
34018,"MirageStoreSetItem#50604","MirageStoreSetItem#0",0,0,0
34019,"MirageStoreSetItem#50604","MirageStoreSetItem#0",0,0,0
34020,"MirageStoreSetItem#50604","MirageStoreSetItem#0",0,0,0
34021,"MirageStoreSetItem#50604","MirageStoreSetItem#0",0,0,0
34022,"MirageStoreSetItem#50605","MirageStoreSetItem#0",0,0,0
34023,"MirageStoreSetItem#50605","MirageStoreSetItem#0",0,0,0
34024,"MirageStoreSetItem#50605","MirageStoreSetItem#0",0,0,0
34025,"MirageStoreSetItem#50605","MirageStoreSetItem#0",0,0,0
34026,"MirageStoreSetItem#50605","MirageStoreSetItem#0",0,0,0
34027,"MirageStoreSetItem#50606","MirageStoreSetItem#0",0,0,0
34028,"MirageStoreSetItem#50606","MirageStoreSetItem#0",0,0,0
34029,"MirageStoreSetItem#50606","MirageStoreSetItem#0",0,0,0
34030,"MirageStoreSetItem#50606","MirageStoreSetItem#0",0,0,0
34031,"MirageStoreSetItem#50606","MirageStoreSetItem#0",0,0,0
34032,"MirageStoreSetItem#50608","MirageStoreSetItem#0",0,0,0
34033,"MirageStoreSetItem#50608","MirageStoreSetItem#0",0,0,0
34034,"MirageStoreSetItem#50608","MirageStoreSetItem#0",0,0,0
34035,"MirageStoreSetItem#50608","MirageStoreSetItem#0",0,0,0
34036,"MirageStoreSetItem#50608","MirageStoreSetItem#0",0,0,0
34037,"MirageStoreSetItem#50607","MirageStoreSetItem#0",0,0,0
34038,"MirageStoreSetItem#50607","MirageStoreSetItem#0",0,0,0
34039,"MirageStoreSetItem#50607","MirageStoreSetItem#0",0,0,0
34040,"MirageStoreSetItem#50607","MirageStoreSetItem#0",0,0,0
34041,"MirageStoreSetItem#50607","MirageStoreSetItem#0",0,0,0
35479,"MirageStoreSetItem#50692","MirageStoreSetItem#0",0,0,0
35480,"MirageStoreSetItem#50692","MirageStoreSetItem#0",0,0,0
35481,"MirageStoreSetItem#50692","MirageStoreSetItem#0",0,0,0
35482,"MirageStoreSetItem#50692","MirageStoreSetItem#0",0,0,0
35483,"MirageStoreSetItem#50692","MirageStoreSetItem#0",0,0,0
35484,"MirageStoreSetItem#50693","MirageStoreSetItem#0",0,0,0
35485,"MirageStoreSetItem#50693","MirageStoreSetItem#0",0,0,0
35486,"MirageStoreSetItem#50693","MirageStoreSetItem#0",0,0,0
35487,"MirageStoreSetItem#50693","MirageStoreSetItem#0",0,0,0
35488,"MirageStoreSetItem#50693","MirageStoreSetItem#0",0,0,0
35489,"MirageStoreSetItem#50694","MirageStoreSetItem#0",0,0,0
35490,"MirageStoreSetItem#50694","MirageStoreSetItem#0",0,0,0
35491,"MirageStoreSetItem#50694","MirageStoreSetItem#0",0,0,0
35492,"MirageStoreSetItem#50694","MirageStoreSetItem#0",0,0,0
35493,"MirageStoreSetItem#50694","MirageStoreSetItem#0",0,0,0
35494,"MirageStoreSetItem#50695","MirageStoreSetItem#0",0,0,0
35495,"MirageStoreSetItem#50695","MirageStoreSetItem#0",0,0,0
35496,"MirageStoreSetItem#50695","MirageStoreSetItem#0",0,0,0
35497,"MirageStoreSetItem#50695","MirageStoreSetItem#0",0,0,0
35498,"MirageStoreSetItem#50695","MirageStoreSetItem#0",0,0,0
35499,"MirageStoreSetItem#50696","MirageStoreSetItem#0",0,0,0
35500,"MirageStoreSetItem#50696","MirageStoreSetItem#0",0,0,0
35501,"MirageStoreSetItem#50696","MirageStoreSetItem#0",0,0,0
35502,"MirageStoreSetItem#50696","MirageStoreSetItem#0",0,0,0
35503,"MirageStoreSetItem#50696","MirageStoreSetItem#0",0,0,0
35504,"MirageStoreSetItem#50697","MirageStoreSetItem#0",0,0,0
35505,"MirageStoreSetItem#50697","MirageStoreSetItem#0",0,0,0
35506,"MirageStoreSetItem#50697","MirageStoreSetItem#0",0,0,0
35507,"MirageStoreSetItem#50697","MirageStoreSetItem#0",0,0,0
35508,"MirageStoreSetItem#50697","MirageStoreSetItem#0",0,0,0
35509,"MirageStoreSetItem#50698","MirageStoreSetItem#0",0,0,0
35510,"MirageStoreSetItem#50698","MirageStoreSetItem#0",0,0,0
35511,"MirageStoreSetItem#50698","MirageStoreSetItem#0",0,0,0
35512,"MirageStoreSetItem#50698","MirageStoreSetItem#0",0,0,0
35513,"MirageStoreSetItem#50698","MirageStoreSetItem#0",0,0,0
35514,"MirageStoreSetItem#50699","MirageStoreSetItem#0",0,0,0
35515,"MirageStoreSetItem#50699","MirageStoreSetItem#0",0,0,0
35516,"MirageStoreSetItem#50699","MirageStoreSetItem#0",0,0,0
35517,"MirageStoreSetItem#50699","MirageStoreSetItem#0",0,0,0
35518,"MirageStoreSetItem#50699","MirageStoreSetItem#0",0,0,0
35519,"MirageStoreSetItem#50700","MirageStoreSetItem#0",0,0,0
35520,"MirageStoreSetItem#50700","MirageStoreSetItem#0",0,0,0
35521,"MirageStoreSetItem#50700","MirageStoreSetItem#0",0,0,0
35522,"MirageStoreSetItem#50700","MirageStoreSetItem#0",0,0,0
35523,"MirageStoreSetItem#50700","MirageStoreSetItem#0",0,0,0
35524,"MirageStoreSetItem#50701","MirageStoreSetItem#0",0,0,0
35525,"MirageStoreSetItem#50701","MirageStoreSetItem#0",0,0,0
35526,"MirageStoreSetItem#50701","MirageStoreSetItem#0",0,0,0
35527,"MirageStoreSetItem#50701","MirageStoreSetItem#0",0,0,0
35528,"MirageStoreSetItem#50701","MirageStoreSetItem#0",0,0,0
35529,"MirageStoreSetItem#50702","MirageStoreSetItem#0",0,0,0
35530,"MirageStoreSetItem#50702","MirageStoreSetItem#0",0,0,0
35531,"MirageStoreSetItem#50702","MirageStoreSetItem#0",0,0,0
35532,"MirageStoreSetItem#50702","MirageStoreSetItem#0",0,0,0
35533,"MirageStoreSetItem#50702","MirageStoreSetItem#0",0,0,0
35852,"MirageStoreSetItem#50484","MirageStoreSetItem#0",0,0,0
35853,"MirageStoreSetItem#45431","MirageStoreSetItem#0",0,0,0
35854,"MirageStoreSetItem#45431","MirageStoreSetItem#0",0,0,0
35855,"MirageStoreSetItem#45431","MirageStoreSetItem#0",0,0,0
35856,"MirageStoreSetItem#45431","MirageStoreSetItem#0",0,0,0
35863,"MirageStoreSetItem#45432","MirageStoreSetItem#0",0,0,0
35864,"MirageStoreSetItem#45432","MirageStoreSetItem#0",0,0,0
35865,"MirageStoreSetItem#45432","MirageStoreSetItem#0",0,0,0
35866,"MirageStoreSetItem#45432","MirageStoreSetItem#0",0,0,0
35867,"MirageStoreSetItem#45432","MirageStoreSetItem#0",0,0,0
35868,"MirageStoreSetItem#45433","MirageStoreSetItem#0",0,0,0
35869,"MirageStoreSetItem#45433","MirageStoreSetItem#0",0,0,0
35870,"MirageStoreSetItem#45433","MirageStoreSetItem#0",0,0,0
35871,"MirageStoreSetItem#45433","MirageStoreSetItem#0",0,0,0
36160,"MirageStoreSetItem#50484","MirageStoreSetItem#0",0,0,0
36161,"MirageStoreSetItem#50484","MirageStoreSetItem#0",0,0,0
36336,"MirageStoreSetItem#45434","MirageStoreSetItem#0",0,0,0
36337,"MirageStoreSetItem#45435","MirageStoreSetItem#0",0,0,0
36338,"MirageStoreSetItem#45434","MirageStoreSetItem#0",0,0,0
36339,"MirageStoreSetItem#45435","MirageStoreSetItem#0",0,0,0
36638,"MirageStoreSetItem#45436","MirageStoreSetItem#0",0,0,0
36639,"MirageStoreSetItem#45436","MirageStoreSetItem#0",0,0,0
36821,"MirageStoreSetItem#45437","MirageStoreSetItem#0",0,0,0
36822,"MirageStoreSetItem#45437","MirageStoreSetItem#0",0,0,0
36823,"MirageStoreSetItem#45437","MirageStoreSetItem#0",0,0,0
36824,"MirageStoreSetItem#45437","MirageStoreSetItem#0",0,0,0
36825,"MirageStoreSetItem#45437","MirageStoreSetItem#0",0,0,0
36826,"MirageStoreSetItem#45438","MirageStoreSetItem#45439",0,0,0
36827,"MirageStoreSetItem#45438","MirageStoreSetItem#0",0,0,0
36828,"MirageStoreSetItem#45438","MirageStoreSetItem#45439",0,0,0
36829,"MirageStoreSetItem#45438","MirageStoreSetItem#45439",0,0,0
36830,"MirageStoreSetItem#45438","MirageStoreSetItem#45439",0,0,0
36831,"MirageStoreSetItem#45439","MirageStoreSetItem#0",0,0,0
36832,"MirageStoreSetItem#45440","MirageStoreSetItem#0",0,0,0
36833,"MirageStoreSetItem#45440","MirageStoreSetItem#0",0,0,0
36834,"MirageStoreSetItem#45440","MirageStoreSetItem#0",0,0,0
36835,"MirageStoreSetItem#45440","MirageStoreSetItem#0",0,0,0
36836,"MirageStoreSetItem#45440","MirageStoreSetItem#0",0,0,0
36837,"MirageStoreSetItem#45441","MirageStoreSetItem#45442",0,0,0
36838,"MirageStoreSetItem#45441","MirageStoreSetItem#0",0,0,0
36839,"MirageStoreSetItem#45441","MirageStoreSetItem#0",0,0,0
36840,"MirageStoreSetItem#45441","MirageStoreSetItem#45442",0,0,0
36841,"MirageStoreSetItem#45442","MirageStoreSetItem#0",0,0,0
36842,"MirageStoreSetItem#45442","MirageStoreSetItem#0",0,0,0
36844,"MirageStoreSetItem#45443","MirageStoreSetItem#0",0,0,0
36845,"MirageStoreSetItem#45443","MirageStoreSetItem#0",0,0,0
36846,"MirageStoreSetItem#45443","MirageStoreSetItem#0",0,0,0
36847,"MirageStoreSetItem#45443","MirageStoreSetItem#0",0,0,0
36848,"MirageStoreSetItem#45443","MirageStoreSetItem#0",0,0,0
36983,"MirageStoreSetItem#45444","MirageStoreSetItem#0",0,0,0
36984,"MirageStoreSetItem#45444","MirageStoreSetItem#0",0,0,0
36985,"MirageStoreSetItem#45444","MirageStoreSetItem#0",0,0,0
36986,"MirageStoreSetItem#45444","MirageStoreSetItem#0",0,0,0
36987,"MirageStoreSetItem#45444","MirageStoreSetItem#0",0,0,0
36988,"MirageStoreSetItem#45445","MirageStoreSetItem#0",0,0,0
36989,"MirageStoreSetItem#45445","MirageStoreSetItem#0",0,0,0
36990,"MirageStoreSetItem#45445","MirageStoreSetItem#0",0,0,0
36991,"MirageStoreSetItem#45445","MirageStoreSetItem#0",0,0,0
36992,"MirageStoreSetItem#45445","MirageStoreSetItem#0",0,0,0
36993,"MirageStoreSetItem#45446","MirageStoreSetItem#0",0,0,0
36994,"MirageStoreSetItem#45446","MirageStoreSetItem#0",0,0,0
36995,"MirageStoreSetItem#45446","MirageStoreSetItem#0",0,0,0
36996,"MirageStoreSetItem#45446","MirageStoreSetItem#0",0,0,0
36997,"MirageStoreSetItem#45446","MirageStoreSetItem#0",0,0,0
36998,"MirageStoreSetItem#45447","MirageStoreSetItem#0",0,0,0
36999,"MirageStoreSetItem#45447","MirageStoreSetItem#0",0,0,0
37000,"MirageStoreSetItem#45447","MirageStoreSetItem#0",0,0,0
37001,"MirageStoreSetItem#45447","MirageStoreSetItem#0",0,0,0
37002,"MirageStoreSetItem#45447","MirageStoreSetItem#0",0,0,0
37003,"MirageStoreSetItem#45448","MirageStoreSetItem#0",0,0,0
37004,"MirageStoreSetItem#45448","MirageStoreSetItem#0",0,0,0
37005,"MirageStoreSetItem#45448","MirageStoreSetItem#0",0,0,0
37006,"MirageStoreSetItem#45448","MirageStoreSetItem#0",0,0,0
37007,"MirageStoreSetItem#45448","MirageStoreSetItem#0",0,0,0
37008,"MirageStoreSetItem#45449","MirageStoreSetItem#0",0,0,0
37009,"MirageStoreSetItem#45449","MirageStoreSetItem#0",0,0,0
37010,"MirageStoreSetItem#45449","MirageStoreSetItem#0",0,0,0
37011,"MirageStoreSetItem#45449","MirageStoreSetItem#0",0,0,0
37012,"MirageStoreSetItem#45449","MirageStoreSetItem#0",0,0,0
37013,"MirageStoreSetItem#45450","MirageStoreSetItem#0",0,0,0
37014,"MirageStoreSetItem#45450","MirageStoreSetItem#0",0,0,0
37015,"MirageStoreSetItem#45450","MirageStoreSetItem#0",0,0,0
37016,"MirageStoreSetItem#45450","MirageStoreSetItem#0",0,0,0
37017,"MirageStoreSetItem#45450","MirageStoreSetItem#0",0,0,0
37018,"MirageStoreSetItem#45451","MirageStoreSetItem#0",0,0,0
37019,"MirageStoreSetItem#45451","MirageStoreSetItem#0",0,0,0
37020,"MirageStoreSetItem#45451","MirageStoreSetItem#0",0,0,0
37021,"MirageStoreSetItem#45451","MirageStoreSetItem#0",0,0,0
37022,"MirageStoreSetItem#45451","MirageStoreSetItem#0",0,0,0
37023,"MirageStoreSetItem#45452","MirageStoreSetItem#0",0,0,0
37024,"MirageStoreSetItem#45452","MirageStoreSetItem#0",0,0,0
37025,"MirageStoreSetItem#45452","MirageStoreSetItem#0",0,0,0
37026,"MirageStoreSetItem#45452","MirageStoreSetItem#0",0,0,0
37027,"MirageStoreSetItem#45452","MirageStoreSetItem#0",0,0,0
37028,"MirageStoreSetItem#45453","MirageStoreSetItem#0",0,0,0
37029,"MirageStoreSetItem#45453","MirageStoreSetItem#0",0,0,0
37030,"MirageStoreSetItem#45453","MirageStoreSetItem#0",0,0,0
37031,"MirageStoreSetItem#45453","MirageStoreSetItem#0",0,0,0
37032,"MirageStoreSetItem#45453","MirageStoreSetItem#0",0,0,0
37033,"MirageStoreSetItem#45454","MirageStoreSetItem#0",0,0,0
37034,"MirageStoreSetItem#45454","MirageStoreSetItem#0",0,0,0
37035,"MirageStoreSetItem#45454","MirageStoreSetItem#0",0,0,0
37036,"MirageStoreSetItem#45454","MirageStoreSetItem#0",0,0,0
37037,"MirageStoreSetItem#45454","MirageStoreSetItem#0",0,0,0
37038,"MirageStoreSetItem#45455","MirageStoreSetItem#0",0,0,0
37039,"MirageStoreSetItem#45455","MirageStoreSetItem#0",0,0,0
37040,"MirageStoreSetItem#45455","MirageStoreSetItem#0",0,0,0
37041,"MirageStoreSetItem#45455","MirageStoreSetItem#0",0,0,0
37042,"MirageStoreSetItem#45455","MirageStoreSetItem#0",0,0,0
37043,"MirageStoreSetItem#45456","MirageStoreSetItem#0",0,0,0
37044,"MirageStoreSetItem#45456","MirageStoreSetItem#0",0,0,0
37045,"MirageStoreSetItem#45456","MirageStoreSetItem#0",0,0,0
37046,"MirageStoreSetItem#45456","MirageStoreSetItem#0",0,0,0
37047,"MirageStoreSetItem#45456","MirageStoreSetItem#0",0,0,0
37048,"MirageStoreSetItem#45457","MirageStoreSetItem#0",0,0,0
37049,"MirageStoreSetItem#45457","MirageStoreSetItem#0",0,0,0
37050,"MirageStoreSetItem#45457","MirageStoreSetItem#0",0,0,0
37051,"MirageStoreSetItem#45457","MirageStoreSetItem#0",0,0,0
37052,"MirageStoreSetItem#45457","MirageStoreSetItem#0",0,0,0
37053,"MirageStoreSetItem#45458","MirageStoreSetItem#0",0,0,0
37054,"MirageStoreSetItem#45458","MirageStoreSetItem#0",0,0,0
37055,"MirageStoreSetItem#45458","MirageStoreSetItem#0",0,0,0
37056,"MirageStoreSetItem#45458","MirageStoreSetItem#0",0,0,0
37057,"MirageStoreSetItem#45458","MirageStoreSetItem#0",0,0,0
37058,"MirageStoreSetItem#45459","MirageStoreSetItem#0",0,0,0
37059,"MirageStoreSetItem#45459","MirageStoreSetItem#0",0,0,0
37060,"MirageStoreSetItem#45459","MirageStoreSetItem#0",0,0,0
37061,"MirageStoreSetItem#45459","MirageStoreSetItem#0",0,0,0
37062,"MirageStoreSetItem#45459","MirageStoreSetItem#0",0,0,0
37063,"MirageStoreSetItem#45460","MirageStoreSetItem#0",0,0,0
37064,"MirageStoreSetItem#45460","MirageStoreSetItem#0",0,0,0
37065,"MirageStoreSetItem#45460","MirageStoreSetItem#0",0,0,0
37066,"MirageStoreSetItem#45460","MirageStoreSetItem#0",0,0,0
37067,"MirageStoreSetItem#45460","MirageStoreSetItem#0",0,0,0
37068,"MirageStoreSetItem#45461","MirageStoreSetItem#0",0,0,0
37069,"MirageStoreSetItem#45461","MirageStoreSetItem#0",0,0,0
37070,"MirageStoreSetItem#45461","MirageStoreSetItem#0",0,0,0
37071,"MirageStoreSetItem#45461","MirageStoreSetItem#0",0,0,0
37072,"MirageStoreSetItem#45461","MirageStoreSetItem#0",0,0,0
37073,"MirageStoreSetItem#45462","MirageStoreSetItem#0",0,0,0
37074,"MirageStoreSetItem#45462","MirageStoreSetItem#0",0,0,0
37075,"MirageStoreSetItem#45462","MirageStoreSetItem#0",0,0,0
37076,"MirageStoreSetItem#45462","MirageStoreSetItem#0",0,0,0
37077,"MirageStoreSetItem#45462","MirageStoreSetItem#0",0,0,0
37078,"MirageStoreSetItem#45463","MirageStoreSetItem#0",0,0,0
37079,"MirageStoreSetItem#45463","MirageStoreSetItem#0",0,0,0
37080,"MirageStoreSetItem#45463","MirageStoreSetItem#0",0,0,0
37081,"MirageStoreSetItem#45463","MirageStoreSetItem#0",0,0,0
37082,"MirageStoreSetItem#45463","MirageStoreSetItem#0",0,0,0
37442,"MirageStoreSetItem#50502","MirageStoreSetItem#0",0,0,0
37443,"MirageStoreSetItem#50502","MirageStoreSetItem#0",0,0,0
37444,"MirageStoreSetItem#50502","MirageStoreSetItem#0",0,0,0
37445,"MirageStoreSetItem#50502","MirageStoreSetItem#0",0,0,0
37446,"MirageStoreSetItem#50502","MirageStoreSetItem#0",0,0,0
37447,"MirageStoreSetItem#50503","MirageStoreSetItem#0",0,0,0
37448,"MirageStoreSetItem#50503","MirageStoreSetItem#0",0,0,0
37449,"MirageStoreSetItem#50503","MirageStoreSetItem#0",0,0,0
37450,"MirageStoreSetItem#50503","MirageStoreSetItem#0",0,0,0
37451,"MirageStoreSetItem#50503","MirageStoreSetItem#0",0,0,0
37452,"MirageStoreSetItem#50504","MirageStoreSetItem#0",0,0,0
37453,"MirageStoreSetItem#50504","MirageStoreSetItem#0",0,0,0
37454,"MirageStoreSetItem#50504","MirageStoreSetItem#0",0,0,0
37455,"MirageStoreSetItem#50504","MirageStoreSetItem#0",0,0,0
37456,"MirageStoreSetItem#50504","MirageStoreSetItem#0",0,0,0
37457,"MirageStoreSetItem#50505","MirageStoreSetItem#0",0,0,0
37458,"MirageStoreSetItem#50505","MirageStoreSetItem#0",0,0,0
37459,"MirageStoreSetItem#50505","MirageStoreSetItem#0",0,0,0
37460,"MirageStoreSetItem#50505","MirageStoreSetItem#0",0,0,0
37461,"MirageStoreSetItem#50505","MirageStoreSetItem#0",0,0,0
37462,"MirageStoreSetItem#45464","MirageStoreSetItem#0",0,0,0
37463,"MirageStoreSetItem#45464","MirageStoreSetItem#0",0,0,0
37464,"MirageStoreSetItem#45464","MirageStoreSetItem#0",0,0,0
37465,"MirageStoreSetItem#45464","MirageStoreSetItem#0",0,0,0
37466,"MirageStoreSetItem#45464","MirageStoreSetItem#0",0,0,0
37467,"MirageStoreSetItem#45465","MirageStoreSetItem#0",0,0,0
37468,"MirageStoreSetItem#45465","MirageStoreSetItem#0",0,0,0
37469,"MirageStoreSetItem#45465","MirageStoreSetItem#0",0,0,0
37470,"MirageStoreSetItem#45465","MirageStoreSetItem#0",0,0,0
37471,"MirageStoreSetItem#45465","MirageStoreSetItem#0",0,0,0
37472,"MirageStoreSetItem#45466","MirageStoreSetItem#0",0,0,0
37473,"MirageStoreSetItem#45466","MirageStoreSetItem#0",0,0,0
37474,"MirageStoreSetItem#45466","MirageStoreSetItem#0",0,0,0
37475,"MirageStoreSetItem#45466","MirageStoreSetItem#0",0,0,0
37476,"MirageStoreSetItem#45466","MirageStoreSetItem#0",0,0,0
37477,"MirageStoreSetItem#45467","MirageStoreSetItem#0",0,0,0
37478,"MirageStoreSetItem#45467","MirageStoreSetItem#0",0,0,0
37479,"MirageStoreSetItem#45467","MirageStoreSetItem#0",0,0,0
37480,"MirageStoreSetItem#45467","MirageStoreSetItem#0",0,0,0
37481,"MirageStoreSetItem#45467","MirageStoreSetItem#0",0,0,0
38212,"MirageStoreSetItem#45479","MirageStoreSetItem#45480",0,0,0
38213,"MirageStoreSetItem#45479","MirageStoreSetItem#45480",0,0,0
38214,"MirageStoreSetItem#45479","MirageStoreSetItem#0",0,0,0
38215,"MirageStoreSetItem#45479","MirageStoreSetItem#45480",0,0,0
38216,"MirageStoreSetItem#45480","MirageStoreSetItem#0",0,0,0
38217,"MirageStoreSetItem#45481","MirageStoreSetItem#45482",0,0,0
38218,"MirageStoreSetItem#45481","MirageStoreSetItem#45482",0,0,0
38219,"MirageStoreSetItem#45481","MirageStoreSetItem#45482",0,0,0
38220,"MirageStoreSetItem#45481","MirageStoreSetItem#0",0,0,0
38221,"MirageStoreSetItem#45481","MirageStoreSetItem#45482",0,0,0
38222,"MirageStoreSetItem#45482","MirageStoreSetItem#0",0,0,0
38223,"MirageStoreSetItem#45483","MirageStoreSetItem#0",0,0,0
38224,"MirageStoreSetItem#45483","MirageStoreSetItem#0",0,0,0
38225,"MirageStoreSetItem#45483","MirageStoreSetItem#0",0,0,0
38226,"MirageStoreSetItem#45483","MirageStoreSetItem#0",0,0,0
38227,"MirageStoreSetItem#45483","MirageStoreSetItem#0",0,0,0
38228,"MirageStoreSetItem#45484","MirageStoreSetItem#0",0,0,0
38229,"MirageStoreSetItem#45484","MirageStoreSetItem#0",0,0,0
38230,"MirageStoreSetItem#45484","MirageStoreSetItem#0",0,0,0
38231,"MirageStoreSetItem#45484","MirageStoreSetItem#0",0,0,0
38232,"MirageStoreSetItem#45484","MirageStoreSetItem#0",0,0,0
38233,"MirageStoreSetItem#45485","MirageStoreSetItem#0",0,0,0
38234,"MirageStoreSetItem#45485","MirageStoreSetItem#0",0,0,0
38235,"MirageStoreSetItem#45485","MirageStoreSetItem#0",0,0,0
38236,"MirageStoreSetItem#45485","MirageStoreSetItem#0",0,0,0
38237,"MirageStoreSetItem#45485","MirageStoreSetItem#0",0,0,0
38238,"MirageStoreSetItem#45486","MirageStoreSetItem#45487",0,0,0
38239,"MirageStoreSetItem#45486","MirageStoreSetItem#45487",0,0,0
38240,"MirageStoreSetItem#45486","MirageStoreSetItem#0",0,0,0
38241,"MirageStoreSetItem#45486","MirageStoreSetItem#45487",0,0,0
38242,"MirageStoreSetItem#45487","MirageStoreSetItem#0",0,0,0
38243,"MirageStoreSetItem#45488","MirageStoreSetItem#0",0,0,0
38244,"MirageStoreSetItem#45488","MirageStoreSetItem#0",0,0,0
38245,"MirageStoreSetItem#45488","MirageStoreSetItem#0",0,0,0
38246,"MirageStoreSetItem#45488","MirageStoreSetItem#0",0,0,0
38247,"MirageStoreSetItem#45488","MirageStoreSetItem#0",0,0,0
38248,"MirageStoreSetItem#45489","MirageStoreSetItem#0",0,0,0
38249,"MirageStoreSetItem#45489","MirageStoreSetItem#0",0,0,0
38250,"MirageStoreSetItem#45489","MirageStoreSetItem#0",0,0,0
38251,"MirageStoreSetItem#45489","MirageStoreSetItem#0",0,0,0
38252,"MirageStoreSetItem#45489","MirageStoreSetItem#0",0,0,0
38253,"MirageStoreSetItem#45490","MirageStoreSetItem#0",0,0,0
38254,"MirageStoreSetItem#45490","MirageStoreSetItem#0",0,0,0
38255,"MirageStoreSetItem#45490","MirageStoreSetItem#0",0,0,0
38256,"MirageStoreSetItem#45490","MirageStoreSetItem#0",0,0,0
38257,"MirageStoreSetItem#45491","MirageStoreSetItem#0",0,0,0
38258,"MirageStoreSetItem#45491","MirageStoreSetItem#0",0,0,0
38259,"MirageStoreSetItem#45491","MirageStoreSetItem#0",0,0,0
38260,"MirageStoreSetItem#45491","MirageStoreSetItem#0",0,0,0
39245,"MirageStoreSetItem#45492","MirageStoreSetItem#0",0,0,0
39246,"MirageStoreSetItem#45492","MirageStoreSetItem#0",0,0,0
39247,"MirageStoreSetItem#45493","MirageStoreSetItem#0",0,0,0
39248,"MirageStoreSetItem#45493","MirageStoreSetItem#0",0,0,0
39249,"MirageStoreSetItem#45493","MirageStoreSetItem#0",0,0,0
39250,"MirageStoreSetItem#45493","MirageStoreSetItem#0",0,0,0
39251,"MirageStoreSetItem#45493","MirageStoreSetItem#0",0,0,0
39252,"MirageStoreSetItem#45494","MirageStoreSetItem#45495",0,0,0
39253,"MirageStoreSetItem#45494","MirageStoreSetItem#0",0,0,0
39254,"MirageStoreSetItem#45494","MirageStoreSetItem#45495",0,0,0
39255,"MirageStoreSetItem#45494","MirageStoreSetItem#0",0,0,0
39256,"MirageStoreSetItem#45494","MirageStoreSetItem#0",0,0,0
39257,"MirageStoreSetItem#45495","MirageStoreSetItem#0",0,0,0
39258,"MirageStoreSetItem#45495","MirageStoreSetItem#0",0,0,0
39259,"MirageStoreSetItem#45495","MirageStoreSetItem#0",0,0,0
39260,"MirageStoreSetItem#45496","MirageStoreSetItem#0",0,0,0
39261,"MirageStoreSetItem#45496","MirageStoreSetItem#0",0,0,0
39262,"MirageStoreSetItem#45496","MirageStoreSetItem#0",0,0,0
39263,"MirageStoreSetItem#45496","MirageStoreSetItem#0",0,0,0
39264,"MirageStoreSetItem#45496","MirageStoreSetItem#0",0,0,0
39265,"MirageStoreSetItem#45497","MirageStoreSetItem#0",0,0,0
39266,"MirageStoreSetItem#45497","MirageStoreSetItem#0",0,0,0
39267,"MirageStoreSetItem#45497","MirageStoreSetItem#0",0,0,0
39268,"MirageStoreSetItem#45497","MirageStoreSetItem#0",0,0,0
39269,"MirageStoreSetItem#45497","MirageStoreSetItem#0",0,0,0
39270,"MirageStoreSetItem#45498","MirageStoreSetItem#0",0,0,0
39271,"MirageStoreSetItem#45498","MirageStoreSetItem#0",0,0,0
39272,"MirageStoreSetItem#45498","MirageStoreSetItem#0",0,0,0
39273,"MirageStoreSetItem#45498","MirageStoreSetItem#0",0,0,0
39274,"MirageStoreSetItem#45498","MirageStoreSetItem#0",0,0,0
39275,"MirageStoreSetItem#45499","MirageStoreSetItem#0",0,0,0
39276,"MirageStoreSetItem#45499","MirageStoreSetItem#0",0,0,0
39277,"MirageStoreSetItem#45499","MirageStoreSetItem#0",0,0,0
39278,"MirageStoreSetItem#45499","MirageStoreSetItem#0",0,0,0
39279,"MirageStoreSetItem#45499","MirageStoreSetItem#0",0,0,0
39280,"MirageStoreSetItem#45500","MirageStoreSetItem#0",0,0,0
39281,"MirageStoreSetItem#45500","MirageStoreSetItem#0",0,0,0
39282,"MirageStoreSetItem#45500","MirageStoreSetItem#0",0,0,0
39283,"MirageStoreSetItem#45500","MirageStoreSetItem#0",0,0,0
39284,"MirageStoreSetItem#45500","MirageStoreSetItem#0",0,0,0
39285,"MirageStoreSetItem#45501","MirageStoreSetItem#0",0,0,0
39286,"MirageStoreSetItem#45501","MirageStoreSetItem#0",0,0,0
39287,"MirageStoreSetItem#45501","MirageStoreSetItem#0",0,0,0
39288,"MirageStoreSetItem#45501","MirageStoreSetItem#0",0,0,0
39289,"MirageStoreSetItem#45501","MirageStoreSetItem#0",0,0,0
39290,"MirageStoreSetItem#45502","MirageStoreSetItem#0",0,0,0
39291,"MirageStoreSetItem#45502","MirageStoreSetItem#0",0,0,0
39292,"MirageStoreSetItem#45502","MirageStoreSetItem#0",0,0,0
39293,"MirageStoreSetItem#45502","MirageStoreSetItem#0",0,0,0
39294,"MirageStoreSetItem#45502","MirageStoreSetItem#0",0,0,0
39295,"MirageStoreSetItem#45503","MirageStoreSetItem#0",0,0,0
39296,"MirageStoreSetItem#45503","MirageStoreSetItem#0",0,0,0
39297,"MirageStoreSetItem#45503","MirageStoreSetItem#0",0,0,0
39298,"MirageStoreSetItem#45503","MirageStoreSetItem#0",0,0,0
39299,"MirageStoreSetItem#45504","MirageStoreSetItem#0",0,0,0
39300,"MirageStoreSetItem#45504","MirageStoreSetItem#0",0,0,0
39301,"MirageStoreSetItem#45504","MirageStoreSetItem#0",0,0,0
39303,"MirageStoreSetItem#45505","MirageStoreSetItem#0",0,0,0
39304,"MirageStoreSetItem#45505","MirageStoreSetItem#0",0,0,0
39305,"MirageStoreSetItem#45505","MirageStoreSetItem#0",0,0,0
39306,"MirageStoreSetItem#45505","MirageStoreSetItem#0",0,0,0
39307,"MirageStoreSetItem#45505","MirageStoreSetItem#0",0,0,0
39308,"MirageStoreSetItem#45506","MirageStoreSetItem#45507",0,0,0
39309,"MirageStoreSetItem#45506","MirageStoreSetItem#0",0,0,0
39310,"MirageStoreSetItem#45506","MirageStoreSetItem#0",0,0,0
39311,"MirageStoreSetItem#45506","MirageStoreSetItem#0",0,0,0
39312,"MirageStoreSetItem#45506","MirageStoreSetItem#45507",0,0,0
39313,"MirageStoreSetItem#45507","MirageStoreSetItem#0",0,0,0
39314,"MirageStoreSetItem#45507","MirageStoreSetItem#0",0,0,0
39315,"MirageStoreSetItem#45507","MirageStoreSetItem#0",0,0,0
39359,"MirageStoreSetItem#45508","MirageStoreSetItem#0",0,0,0
39360,"MirageStoreSetItem#45508","MirageStoreSetItem#0",0,0,0
39361,"MirageStoreSetItem#45508","MirageStoreSetItem#0",0,0,0
39362,"MirageStoreSetItem#45508","MirageStoreSetItem#0",0,0,0
39363,"MirageStoreSetItem#45508","MirageStoreSetItem#0",0,0,0
39509,"MirageStoreSetItem#45509","MirageStoreSetItem#45510",0,0,0
39510,"MirageStoreSetItem#45509","MirageStoreSetItem#45510",0,0,0
39511,"MirageStoreSetItem#45509","MirageStoreSetItem#0",0,0,0
39512,"MirageStoreSetItem#45509","MirageStoreSetItem#45510",0,0,0
39513,"MirageStoreSetItem#45510","MirageStoreSetItem#0",0,0,0
39514,"MirageStoreSetItem#45511","MirageStoreSetItem#0",0,0,0
39515,"MirageStoreSetItem#45511","MirageStoreSetItem#0",0,0,0
39516,"MirageStoreSetItem#45511","MirageStoreSetItem#0",0,0,0
39517,"MirageStoreSetItem#45511","MirageStoreSetItem#0",0,0,0
39518,"MirageStoreSetItem#45511","MirageStoreSetItem#0",0,0,0
39519,"MirageStoreSetItem#45512","MirageStoreSetItem#0",0,0,0
39520,"MirageStoreSetItem#45512","MirageStoreSetItem#0",0,0,0
39521,"MirageStoreSetItem#45512","MirageStoreSetItem#0",0,0,0
39522,"MirageStoreSetItem#45512","MirageStoreSetItem#0",0,0,0
39523,"MirageStoreSetItem#45512","MirageStoreSetItem#0",0,0,0
39524,"MirageStoreSetItem#45513","MirageStoreSetItem#0",0,0,0
39525,"MirageStoreSetItem#45513","MirageStoreSetItem#0",0,0,0
39526,"MirageStoreSetItem#45513","MirageStoreSetItem#0",0,0,0
39527,"MirageStoreSetItem#45513","MirageStoreSetItem#0",0,0,0
39528,"MirageStoreSetItem#45513","MirageStoreSetItem#0",0,0,0
39529,"MirageStoreSetItem#45514","MirageStoreSetItem#0",0,0,0
39530,"MirageStoreSetItem#45514","MirageStoreSetItem#0",0,0,0
39531,"MirageStoreSetItem#45514","MirageStoreSetItem#0",0,0,0
39532,"MirageStoreSetItem#45514","MirageStoreSetItem#0",0,0,0
39533,"MirageStoreSetItem#45514","MirageStoreSetItem#0",0,0,0
39534,"MirageStoreSetItem#45515","MirageStoreSetItem#0",0,0,0
39535,"MirageStoreSetItem#45515","MirageStoreSetItem#0",0,0,0
39536,"MirageStoreSetItem#45515","MirageStoreSetItem#0",0,0,0
39537,"MirageStoreSetItem#45515","MirageStoreSetItem#0",0,0,0
39538,"MirageStoreSetItem#45515","MirageStoreSetItem#0",0,0,0
39539,"MirageStoreSetItem#45516","MirageStoreSetItem#0",0,0,0
39540,"MirageStoreSetItem#45516","MirageStoreSetItem#0",0,0,0
39541,"MirageStoreSetItem#45516","MirageStoreSetItem#0",0,0,0
39542,"MirageStoreSetItem#45516","MirageStoreSetItem#0",0,0,0
39543,"MirageStoreSetItem#45516","MirageStoreSetItem#0",0,0,0
39544,"MirageStoreSetItem#45517","MirageStoreSetItem#0",0,0,0
39545,"MirageStoreSetItem#45517","MirageStoreSetItem#0",0,0,0
39546,"MirageStoreSetItem#45517","MirageStoreSetItem#0",0,0,0
39547,"MirageStoreSetItem#45517","MirageStoreSetItem#0",0,0,0
39548,"MirageStoreSetItem#45517","MirageStoreSetItem#0",0,0,0
40346,"MirageStoreSetItem#50632","MirageStoreSetItem#0",0,0,0
40347,"MirageStoreSetItem#50632","MirageStoreSetItem#0",0,0,0
40348,"MirageStoreSetItem#50632","MirageStoreSetItem#0",0,0,0
40349,"MirageStoreSetItem#50632","MirageStoreSetItem#0",0,0,0
40350,"MirageStoreSetItem#50632","MirageStoreSetItem#0",0,0,0
40351,"MirageStoreSetItem#50632","MirageStoreSetItem#0",0,0,0
40352,"MirageStoreSetItem#50632","MirageStoreSetItem#0",0,0,0
40353,"MirageStoreSetItem#50632","MirageStoreSetItem#0",0,0,0
40354,"MirageStoreSetItem#50632","MirageStoreSetItem#0",0,0,0
40404,"MirageStoreSetItem#45518","MirageStoreSetItem#0",0,0,0
40405,"MirageStoreSetItem#45518","MirageStoreSetItem#0",0,0,0
40406,"MirageStoreSetItem#45518","MirageStoreSetItem#0",0,0,0
40407,"MirageStoreSetItem#45518","MirageStoreSetItem#0",0,0,0
40408,"MirageStoreSetItem#45519","MirageStoreSetItem#0",0,0,0
40409,"MirageStoreSetItem#45519","MirageStoreSetItem#0",0,0,0
40410,"MirageStoreSetItem#45519","MirageStoreSetItem#0",0,0,0
40411,"MirageStoreSetItem#45519","MirageStoreSetItem#0",0,0,0
40412,"MirageStoreSetItem#45520","MirageStoreSetItem#0",0,0,0
40413,"MirageStoreSetItem#45520","MirageStoreSetItem#0",0,0,0
40414,"MirageStoreSetItem#45520","MirageStoreSetItem#0",0,0,0
40415,"MirageStoreSetItem#45520","MirageStoreSetItem#0",0,0,0
40416,"MirageStoreSetItem#45521","MirageStoreSetItem#0",0,0,0
40417,"MirageStoreSetItem#45521","MirageStoreSetItem#0",0,0,0
40418,"MirageStoreSetItem#45521","MirageStoreSetItem#0",0,0,0
40419,"MirageStoreSetItem#45521","MirageStoreSetItem#0",0,0,0
40420,"MirageStoreSetItem#45521","MirageStoreSetItem#0",0,0,0
40421,"MirageStoreSetItem#45522","MirageStoreSetItem#0",0,0,0
40422,"MirageStoreSetItem#45522","MirageStoreSetItem#0",0,0,0
40423,"MirageStoreSetItem#45522","MirageStoreSetItem#0",0,0,0
40424,"MirageStoreSetItem#45522","MirageStoreSetItem#0",0,0,0
40425,"MirageStoreSetItem#45522","MirageStoreSetItem#0",0,0,0
40426,"MirageStoreSetItem#45523","MirageStoreSetItem#0",0,0,0
40427,"MirageStoreSetItem#45523","MirageStoreSetItem#0",0,0,0
40428,"MirageStoreSetItem#45523","MirageStoreSetItem#0",0,0,0
40429,"MirageStoreSetItem#45523","MirageStoreSetItem#0",0,0,0
40430,"MirageStoreSetItem#45523","MirageStoreSetItem#0",0,0,0
40431,"MirageStoreSetItem#45524","MirageStoreSetItem#0",0,0,0
40432,"MirageStoreSetItem#45524","MirageStoreSetItem#0",0,0,0
40433,"MirageStoreSetItem#45524","MirageStoreSetItem#0",0,0,0
40434,"MirageStoreSetItem#45524","MirageStoreSetItem#0",0,0,0
40435,"MirageStoreSetItem#45524","MirageStoreSetItem#0",0,0,0
40441,"MirageStoreSetItem#45525","MirageStoreSetItem#0",0,0,0
40442,"MirageStoreSetItem#45525","MirageStoreSetItem#0",0,0,0
40443,"MirageStoreSetItem#45525","MirageStoreSetItem#0",0,0,0
40444,"MirageStoreSetItem#45525","MirageStoreSetItem#45526",0,0,0
40445,"MirageStoreSetItem#45526","MirageStoreSetItem#0",0,0,0
40446,"MirageStoreSetItem#45526","MirageStoreSetItem#0",0,0,0
40447,"MirageStoreSetItem#45526","MirageStoreSetItem#0",0,0,0
40448,"MirageStoreSetItem#45527","MirageStoreSetItem#0",0,0,0
40449,"MirageStoreSetItem#45527","MirageStoreSetItem#0",0,0,0
40450,"MirageStoreSetItem#45527","MirageStoreSetItem#0",0,0,0
40451,"MirageStoreSetItem#45527","MirageStoreSetItem#0",0,0,0
40452,"MirageStoreSetItem#45528","MirageStoreSetItem#0",0,0,0
40453,"MirageStoreSetItem#45528","MirageStoreSetItem#0",0,0,0
40454,"MirageStoreSetItem#45528","MirageStoreSetItem#0",0,0,0
40455,"MirageStoreSetItem#45528","MirageStoreSetItem#0",0,0,0
41518,"MirageStoreSetItem#45529","MirageStoreSetItem#0",0,0,0
41519,"MirageStoreSetItem#45529","MirageStoreSetItem#0",0,0,0
41520,"MirageStoreSetItem#45529","MirageStoreSetItem#0",0,0,0
41521,"MirageStoreSetItem#45529","MirageStoreSetItem#0",0,0,0
41522,"MirageStoreSetItem#45529","MirageStoreSetItem#0",0,0,0
41524,"MirageStoreSetItem#45530","MirageStoreSetItem#0",0,0,0
41525,"MirageStoreSetItem#45530","MirageStoreSetItem#0",0,0,0
41526,"MirageStoreSetItem#45530","MirageStoreSetItem#0",0,0,0
41527,"MirageStoreSetItem#45530","MirageStoreSetItem#0",0,0,0
41528,"MirageStoreSetItem#45530","MirageStoreSetItem#0",0,0,0
41529,"MirageStoreSetItem#45531","MirageStoreSetItem#0",0,0,0
41530,"MirageStoreSetItem#45531","MirageStoreSetItem#0",0,0,0
41531,"MirageStoreSetItem#45531","MirageStoreSetItem#0",0,0,0
41532,"MirageStoreSetItem#45531","MirageStoreSetItem#0",0,0,0
41533,"MirageStoreSetItem#45531","MirageStoreSetItem#0",0,0,0
41534,"MirageStoreSetItem#45532","MirageStoreSetItem#0",0,0,0
41535,"MirageStoreSetItem#45532","MirageStoreSetItem#0",0,0,0
41536,"MirageStoreSetItem#45532","MirageStoreSetItem#0",0,0,0
41537,"MirageStoreSetItem#45532","MirageStoreSetItem#0",0,0,0
41538,"MirageStoreSetItem#45532","MirageStoreSetItem#0",0,0,0
41539,"MirageStoreSetItem#45533","MirageStoreSetItem#0",0,0,0
41540,"MirageStoreSetItem#45533","MirageStoreSetItem#0",0,0,0
41541,"MirageStoreSetItem#45533","MirageStoreSetItem#0",0,0,0
41542,"MirageStoreSetItem#45533","MirageStoreSetItem#0",0,0,0
41543,"MirageStoreSetItem#45533","MirageStoreSetItem#0",0,0,0
41544,"MirageStoreSetItem#45534","MirageStoreSetItem#0",0,0,0
41545,"MirageStoreSetItem#45534","MirageStoreSetItem#0",0,0,0
41546,"MirageStoreSetItem#45534","MirageStoreSetItem#0",0,0,0
41547,"MirageStoreSetItem#45534","MirageStoreSetItem#0",0,0,0
41548,"MirageStoreSetItem#45534","MirageStoreSetItem#0",0,0,0
41549,"MirageStoreSetItem#45535","MirageStoreSetItem#0",0,0,0
41550,"MirageStoreSetItem#45535","MirageStoreSetItem#0",0,0,0
41551,"MirageStoreSetItem#45535","MirageStoreSetItem#0",0,0,0
41552,"MirageStoreSetItem#45535","MirageStoreSetItem#0",0,0,0
41553,"MirageStoreSetItem#45535","MirageStoreSetItem#0",0,0,0
41555,"MirageStoreSetItem#45536","MirageStoreSetItem#0",0,0,0
41556,"MirageStoreSetItem#45536","MirageStoreSetItem#0",0,0,0
41557,"MirageStoreSetItem#45536","MirageStoreSetItem#0",0,0,0
41558,"MirageStoreSetItem#45536","MirageStoreSetItem#0",0,0,0
41560,"MirageStoreSetItem#45537","MirageStoreSetItem#0",0,0,0
41561,"MirageStoreSetItem#45537","MirageStoreSetItem#0",0,0,0
41562,"MirageStoreSetItem#45537","MirageStoreSetItem#0",0,0,0
41563,"MirageStoreSetItem#45537","MirageStoreSetItem#0",0,0,0
41565,"MirageStoreSetItem#45538","MirageStoreSetItem#0",0,0,0
41566,"MirageStoreSetItem#45538","MirageStoreSetItem#0",0,0,0
41567,"MirageStoreSetItem#45539","MirageStoreSetItem#45540",0,0,0
41568,"MirageStoreSetItem#45539","MirageStoreSetItem#45540",0,0,0
41569,"MirageStoreSetItem#45539","MirageStoreSetItem#0",0,0,0
41570,"MirageStoreSetItem#45539","MirageStoreSetItem#45540",0,0,0
41571,"MirageStoreSetItem#45540","MirageStoreSetItem#0",0,0,0
41572,"MirageStoreSetItem#45541","MirageStoreSetItem#0",0,0,0
41573,"MirageStoreSetItem#45541","MirageStoreSetItem#0",0,0,0
41574,"MirageStoreSetItem#45541","MirageStoreSetItem#0",0,0,0
41575,"MirageStoreSetItem#45541","MirageStoreSetItem#0",0,0,0
41576,"MirageStoreSetItem#45542","MirageStoreSetItem#0",0,0,0
41577,"MirageStoreSetItem#45542","MirageStoreSetItem#0",0,0,0
41578,"MirageStoreSetItem#45542","MirageStoreSetItem#0",0,0,0
41579,"MirageStoreSetItem#45542","MirageStoreSetItem#0",0,0,0
41580,"MirageStoreSetItem#45542","MirageStoreSetItem#0",0,0,0
41581,"MirageStoreSetItem#45543","MirageStoreSetItem#0",0,0,0
41582,"MirageStoreSetItem#45543","MirageStoreSetItem#0",0,0,0
41583,"MirageStoreSetItem#45543","MirageStoreSetItem#0",0,0,0
41584,"MirageStoreSetItem#45543","MirageStoreSetItem#0",0,0,0
41587,"MirageStoreSetItem#45544","MirageStoreSetItem#0",0,0,0
41588,"MirageStoreSetItem#45544","MirageStoreSetItem#0",0,0,0
41589,"MirageStoreSetItem#45544","MirageStoreSetItem#0",0,0,0
41590,"MirageStoreSetItem#45544","MirageStoreSetItem#0",0,0,0
41591,"MirageStoreSetItem#45544","MirageStoreSetItem#0",0,0,0
41592,"MirageStoreSetItem#45545","MirageStoreSetItem#0",0,0,0
41593,"MirageStoreSetItem#45545","MirageStoreSetItem#45546",0,0,0
41594,"MirageStoreSetItem#45545","MirageStoreSetItem#45546",0,0,0
41595,"MirageStoreSetItem#45546","MirageStoreSetItem#0",0,0,0
41596,"MirageStoreSetItem#45547","MirageStoreSetItem#0",0,0,0
41597,"MirageStoreSetItem#45547","MirageStoreSetItem#0",0,0,0
41598,"MirageStoreSetItem#45547","MirageStoreSetItem#0",0,0,0
41599,"MirageStoreSetItem#45547","MirageStoreSetItem#0",0,0,0
41790,"MirageStoreSetItem#50480","MirageStoreSetItem#0",0,0,0
41791,"MirageStoreSetItem#50480","MirageStoreSetItem#0",0,0,0
41792,"MirageStoreSetItem#50480","MirageStoreSetItem#0",0,0,0
41793,"MirageStoreSetItem#50480","MirageStoreSetItem#0",0,0,0
42591,"MirageStoreSetItem#50609","MirageStoreSetItem#0",0,0,0
42592,"MirageStoreSetItem#50609","MirageStoreSetItem#0",0,0,0
42593,"MirageStoreSetItem#50609","MirageStoreSetItem#0",0,0,0
42594,"MirageStoreSetItem#50609","MirageStoreSetItem#0",0,0,0
42595,"MirageStoreSetItem#50609","MirageStoreSetItem#0",0,0,0
42596,"MirageStoreSetItem#50610","MirageStoreSetItem#0",0,0,0
42597,"MirageStoreSetItem#50610","MirageStoreSetItem#0",0,0,0
42598,"MirageStoreSetItem#50610","MirageStoreSetItem#0",0,0,0
42599,"MirageStoreSetItem#50610","MirageStoreSetItem#0",0,0,0
42600,"MirageStoreSetItem#50610","MirageStoreSetItem#0",0,0,0
42601,"MirageStoreSetItem#50611","MirageStoreSetItem#0",0,0,0
42602,"MirageStoreSetItem#50611","MirageStoreSetItem#0",0,0,0
42603,"MirageStoreSetItem#50611","MirageStoreSetItem#0",0,0,0
42604,"MirageStoreSetItem#50611","MirageStoreSetItem#0",0,0,0
42605,"MirageStoreSetItem#50611","MirageStoreSetItem#0",0,0,0
42606,"MirageStoreSetItem#50612","MirageStoreSetItem#0",0,0,0
42607,"MirageStoreSetItem#50612","MirageStoreSetItem#0",0,0,0
42608,"MirageStoreSetItem#50612","MirageStoreSetItem#0",0,0,0
42609,"MirageStoreSetItem#50612","MirageStoreSetItem#0",0,0,0
42610,"MirageStoreSetItem#50612","MirageStoreSetItem#0",0,0,0
42611,"MirageStoreSetItem#50613","MirageStoreSetItem#0",0,0,0
42612,"MirageStoreSetItem#50613","MirageStoreSetItem#0",0,0,0
42613,"MirageStoreSetItem#50613","MirageStoreSetItem#0",0,0,0
42614,"MirageStoreSetItem#50613","MirageStoreSetItem#0",0,0,0
42615,"MirageStoreSetItem#50613","MirageStoreSetItem#0",0,0,0
42616,"MirageStoreSetItem#50614","MirageStoreSetItem#0",0,0,0
42617,"MirageStoreSetItem#50614","MirageStoreSetItem#0",0,0,0
42618,"MirageStoreSetItem#50614","MirageStoreSetItem#0",0,0,0
42619,"MirageStoreSetItem#50614","MirageStoreSetItem#0",0,0,0
42620,"MirageStoreSetItem#50614","MirageStoreSetItem#0",0,0,0
42621,"MirageStoreSetItem#50615","MirageStoreSetItem#0",0,0,0
42622,"MirageStoreSetItem#50615","MirageStoreSetItem#0",0,0,0
42623,"MirageStoreSetItem#50615","MirageStoreSetItem#0",0,0,0
42624,"MirageStoreSetItem#50615","MirageStoreSetItem#0",0,0,0
42625,"MirageStoreSetItem#50615","MirageStoreSetItem#0",0,0,0
42626,"MirageStoreSetItem#50616","MirageStoreSetItem#0",0,0,0
42627,"MirageStoreSetItem#50616","MirageStoreSetItem#0",0,0,0
42628,"MirageStoreSetItem#50616","MirageStoreSetItem#0",0,0,0
42629,"MirageStoreSetItem#50616","MirageStoreSetItem#0",0,0,0
42630,"MirageStoreSetItem#50616","MirageStoreSetItem#0",0,0,0
42631,"MirageStoreSetItem#50617","MirageStoreSetItem#0",0,0,0
42632,"MirageStoreSetItem#50617","MirageStoreSetItem#0",0,0,0
42633,"MirageStoreSetItem#50617","MirageStoreSetItem#0",0,0,0
42634,"MirageStoreSetItem#50617","MirageStoreSetItem#0",0,0,0
42635,"MirageStoreSetItem#50617","MirageStoreSetItem#0",0,0,0
42636,"MirageStoreSetItem#50618","MirageStoreSetItem#0",0,0,0
42637,"MirageStoreSetItem#50618","MirageStoreSetItem#0",0,0,0
42638,"MirageStoreSetItem#50618","MirageStoreSetItem#0",0,0,0
42639,"MirageStoreSetItem#50618","MirageStoreSetItem#0",0,0,0
42640,"MirageStoreSetItem#50618","MirageStoreSetItem#0",0,0,0
42641,"MirageStoreSetItem#50619","MirageStoreSetItem#0",0,0,0
42642,"MirageStoreSetItem#50619","MirageStoreSetItem#0",0,0,0
42643,"MirageStoreSetItem#50619","MirageStoreSetItem#0",0,0,0
42644,"MirageStoreSetItem#50619","MirageStoreSetItem#0",0,0,0
42645,"MirageStoreSetItem#50619","MirageStoreSetItem#0",0,0,0
42646,"MirageStoreSetItem#50620","MirageStoreSetItem#0",0,0,0
42647,"MirageStoreSetItem#50620","MirageStoreSetItem#0",0,0,0
42648,"MirageStoreSetItem#50620","MirageStoreSetItem#0",0,0,0
42649,"MirageStoreSetItem#50620","MirageStoreSetItem#0",0,0,0
42650,"MirageStoreSetItem#50620","MirageStoreSetItem#0",0,0,0
42651,"MirageStoreSetItem#50621","MirageStoreSetItem#0",0,0,0
42652,"MirageStoreSetItem#50621","MirageStoreSetItem#0",0,0,0
42653,"MirageStoreSetItem#50621","MirageStoreSetItem#0",0,0,0
42654,"MirageStoreSetItem#50621","MirageStoreSetItem#0",0,0,0
42655,"MirageStoreSetItem#50621","MirageStoreSetItem#0",0,0,0
42656,"MirageStoreSetItem#50622","MirageStoreSetItem#0",0,0,0
42657,"MirageStoreSetItem#50622","MirageStoreSetItem#0",0,0,0
42658,"MirageStoreSetItem#50622","MirageStoreSetItem#0",0,0,0
42659,"MirageStoreSetItem#50622","MirageStoreSetItem#0",0,0,0
42660,"MirageStoreSetItem#50622","MirageStoreSetItem#0",0,0,0
42661,"MirageStoreSetItem#50623","MirageStoreSetItem#0",0,0,0
42662,"MirageStoreSetItem#50623","MirageStoreSetItem#0",0,0,0
42663,"MirageStoreSetItem#50623","MirageStoreSetItem#0",0,0,0
42664,"MirageStoreSetItem#50623","MirageStoreSetItem#0",0,0,0
42665,"MirageStoreSetItem#50623","MirageStoreSetItem#0",0,0,0
42666,"MirageStoreSetItem#50624","MirageStoreSetItem#0",0,0,0
42667,"MirageStoreSetItem#50624","MirageStoreSetItem#0",0,0,0
42668,"MirageStoreSetItem#50624","MirageStoreSetItem#0",0,0,0
42669,"MirageStoreSetItem#50624","MirageStoreSetItem#0",0,0,0
42670,"MirageStoreSetItem#50624","MirageStoreSetItem#0",0,0,0
42671,"MirageStoreSetItem#50625","MirageStoreSetItem#0",0,0,0
42672,"MirageStoreSetItem#50625","MirageStoreSetItem#0",0,0,0
42673,"MirageStoreSetItem#50625","MirageStoreSetItem#0",0,0,0
42674,"MirageStoreSetItem#50625","MirageStoreSetItem#0",0,0,0
42675,"MirageStoreSetItem#50625","MirageStoreSetItem#0",0,0,0
42676,"MirageStoreSetItem#50626","MirageStoreSetItem#0",0,0,0
42677,"MirageStoreSetItem#50626","MirageStoreSetItem#0",0,0,0
42678,"MirageStoreSetItem#50626","MirageStoreSetItem#0",0,0,0
42679,"MirageStoreSetItem#50626","MirageStoreSetItem#0",0,0,0
42680,"MirageStoreSetItem#50626","MirageStoreSetItem#0",0,0,0
42681,"MirageStoreSetItem#50627","MirageStoreSetItem#0",0,0,0
42682,"MirageStoreSetItem#50627","MirageStoreSetItem#0",0,0,0
42683,"MirageStoreSetItem#50627","MirageStoreSetItem#0",0,0,0
42684,"MirageStoreSetItem#50627","MirageStoreSetItem#0",0,0,0
42685,"MirageStoreSetItem#50627","MirageStoreSetItem#0",0,0,0
42686,"MirageStoreSetItem#50628","MirageStoreSetItem#0",0,0,0
42687,"MirageStoreSetItem#50628","MirageStoreSetItem#0",0,0,0
42688,"MirageStoreSetItem#50628","MirageStoreSetItem#0",0,0,0
42689,"MirageStoreSetItem#50628","MirageStoreSetItem#0",0,0,0
42690,"MirageStoreSetItem#50628","MirageStoreSetItem#0",0,0,0
42691,"MirageStoreSetItem#50629","MirageStoreSetItem#0",0,0,0
42692,"MirageStoreSetItem#50629","MirageStoreSetItem#0",0,0,0
42693,"MirageStoreSetItem#50629","MirageStoreSetItem#0",0,0,0
42694,"MirageStoreSetItem#50629","MirageStoreSetItem#0",0,0,0
42695,"MirageStoreSetItem#50629","MirageStoreSetItem#0",0,0,0
43359,"MirageStoreSetItem#50703","MirageStoreSetItem#0",0,0,0
43360,"MirageStoreSetItem#50703","MirageStoreSetItem#0",0,0,0
43361,"MirageStoreSetItem#50703","MirageStoreSetItem#0",0,0,0
43362,"MirageStoreSetItem#50703","MirageStoreSetItem#0",0,0,0
43363,"MirageStoreSetItem#50703","MirageStoreSetItem#0",0,0,0
43364,"MirageStoreSetItem#50704","MirageStoreSetItem#0",0,0,0
43365,"MirageStoreSetItem#50704","MirageStoreSetItem#0",0,0,0
43366,"MirageStoreSetItem#50704","MirageStoreSetItem#0",0,0,0
43367,"MirageStoreSetItem#50704","MirageStoreSetItem#0",0,0,0
43368,"MirageStoreSetItem#50704","MirageStoreSetItem#0",0,0,0
43369,"MirageStoreSetItem#50705","MirageStoreSetItem#0",0,0,0
43370,"MirageStoreSetItem#50705","MirageStoreSetItem#0",0,0,0
43371,"MirageStoreSetItem#50705","MirageStoreSetItem#0",0,0,0
43372,"MirageStoreSetItem#50705","MirageStoreSetItem#0",0,0,0
43373,"MirageStoreSetItem#50705","MirageStoreSetItem#0",0,0,0
43374,"MirageStoreSetItem#50706","MirageStoreSetItem#0",0,0,0
43375,"MirageStoreSetItem#50706","MirageStoreSetItem#0",0,0,0
43376,"MirageStoreSetItem#50706","MirageStoreSetItem#0",0,0,0
43377,"MirageStoreSetItem#50706","MirageStoreSetItem#0",0,0,0
43378,"MirageStoreSetItem#50706","MirageStoreSetItem#0",0,0,0
43379,"MirageStoreSetItem#50707","MirageStoreSetItem#0",0,0,0
43380,"MirageStoreSetItem#50707","MirageStoreSetItem#0",0,0,0
43381,"MirageStoreSetItem#50707","MirageStoreSetItem#0",0,0,0
43382,"MirageStoreSetItem#50707","MirageStoreSetItem#0",0,0,0
43383,"MirageStoreSetItem#50707","MirageStoreSetItem#0",0,0,0
43384,"MirageStoreSetItem#50708","MirageStoreSetItem#0",0,0,0
43385,"MirageStoreSetItem#50708","MirageStoreSetItem#0",0,0,0
43386,"MirageStoreSetItem#50708","MirageStoreSetItem#0",0,0,0
43387,"MirageStoreSetItem#50708","MirageStoreSetItem#0",0,0,0
43388,"MirageStoreSetItem#50708","MirageStoreSetItem#0",0,0,0
43389,"MirageStoreSetItem#50709","MirageStoreSetItem#0",0,0,0
43390,"MirageStoreSetItem#50709","MirageStoreSetItem#0",0,0,0
43391,"MirageStoreSetItem#50709","MirageStoreSetItem#0",0,0,0
43392,"MirageStoreSetItem#50709","MirageStoreSetItem#0",0,0,0
43393,"MirageStoreSetItem#50709","MirageStoreSetItem#0",0,0,0
43394,"MirageStoreSetItem#50710","MirageStoreSetItem#0",0,0,0
43395,"MirageStoreSetItem#50710","MirageStoreSetItem#0",0,0,0
43396,"MirageStoreSetItem#50710","MirageStoreSetItem#0",0,0,0
43397,"MirageStoreSetItem#50710","MirageStoreSetItem#0",0,0,0
43398,"MirageStoreSetItem#50710","MirageStoreSetItem#0",0,0,0
43399,"MirageStoreSetItem#50711","MirageStoreSetItem#0",0,0,0
43400,"MirageStoreSetItem#50711","MirageStoreSetItem#0",0,0,0
43401,"MirageStoreSetItem#50711","MirageStoreSetItem#0",0,0,0
43402,"MirageStoreSetItem#50711","MirageStoreSetItem#0",0,0,0
43403,"MirageStoreSetItem#50711","MirageStoreSetItem#0",0,0,0
43404,"MirageStoreSetItem#50712","MirageStoreSetItem#0",0,0,0
43405,"MirageStoreSetItem#50712","MirageStoreSetItem#0",0,0,0
43406,"MirageStoreSetItem#50712","MirageStoreSetItem#0",0,0,0
43407,"MirageStoreSetItem#50712","MirageStoreSetItem#0",0,0,0
43408,"MirageStoreSetItem#50712","MirageStoreSetItem#0",0,0,0
43409,"MirageStoreSetItem#50713","MirageStoreSetItem#0",0,0,0
43410,"MirageStoreSetItem#50713","MirageStoreSetItem#0",0,0,0
43411,"MirageStoreSetItem#50713","MirageStoreSetItem#0",0,0,0
43412,"MirageStoreSetItem#50713","MirageStoreSetItem#0",0,0,0
43413,"MirageStoreSetItem#50713","MirageStoreSetItem#0",0,0,0
43469,"MirageStoreSetItem#45559","MirageStoreSetItem#0",0,0,0
43470,"MirageStoreSetItem#45559","MirageStoreSetItem#0",0,0,0
43471,"MirageStoreSetItem#45560","MirageStoreSetItem#0",0,0,0
43472,"MirageStoreSetItem#45560","MirageStoreSetItem#0",0,0,0
43473,"MirageStoreSetItem#45560","MirageStoreSetItem#0",0,0,0
43474,"MirageStoreSetItem#45560","MirageStoreSetItem#0",0,0,0
43475,"MirageStoreSetItem#45560","MirageStoreSetItem#0",0,0,0
44246,"MirageStoreSetItem#45561","MirageStoreSetItem#0",0,0,0
44247,"MirageStoreSetItem#45561","MirageStoreSetItem#45562",0,0,0
44248,"MirageStoreSetItem#45561","MirageStoreSetItem#0",0,0,0
44249,"MirageStoreSetItem#45562","MirageStoreSetItem#0",0,0,0
44250,"MirageStoreSetItem#45562","MirageStoreSetItem#0",0,0,0
44251,"MirageStoreSetItem#45563","MirageStoreSetItem#0",0,0,0
44252,"MirageStoreSetItem#45563","MirageStoreSetItem#0",0,0,0
44253,"MirageStoreSetItem#45563","MirageStoreSetItem#0",0,0,0
44254,"MirageStoreSetItem#45563","MirageStoreSetItem#0",0,0,0
44255,"MirageStoreSetItem#45563","MirageStoreSetItem#0",0,0,0
44640,"MirageStoreSetItem#45564","MirageStoreSetItem#0",0,0,0
44641,"MirageStoreSetItem#45564","MirageStoreSetItem#0",0,0,0
44642,"MirageStoreSetItem#45564","MirageStoreSetItem#0",0,0,0
44643,"MirageStoreSetItem#45564","MirageStoreSetItem#0",0,0,0
44644,"MirageStoreSetItem#45564","MirageStoreSetItem#0",0,0,0
44645,"MirageStoreSetItem#45565","MirageStoreSetItem#0",0,0,0
44646,"MirageStoreSetItem#45565","MirageStoreSetItem#0",0,0,0
44647,"MirageStoreSetItem#45565","MirageStoreSetItem#0",0,0,0
44648,"MirageStoreSetItem#45565","MirageStoreSetItem#0",0,0,0
44649,"MirageStoreSetItem#45565","MirageStoreSetItem#0",0,0,0
44650,"MirageStoreSetItem#45566","MirageStoreSetItem#45567",0,0,0
44651,"MirageStoreSetItem#45566","MirageStoreSetItem#45567",0,0,0
44652,"MirageStoreSetItem#45566","MirageStoreSetItem#0",0,0,0
44653,"MirageStoreSetItem#45566","MirageStoreSetItem#45567",0,0,0
44654,"MirageStoreSetItem#45567","MirageStoreSetItem#0",0,0,0
44655,"MirageStoreSetItem#45568","MirageStoreSetItem#0",0,0,0
44656,"MirageStoreSetItem#45568","MirageStoreSetItem#0",0,0,0
44657,"MirageStoreSetItem#45568","MirageStoreSetItem#0",0,0,0
44658,"MirageStoreSetItem#45568","MirageStoreSetItem#0",0,0,0
44659,"MirageStoreSetItem#45568","MirageStoreSetItem#0",0,0,0
44661,"MirageStoreSetItem#45569","MirageStoreSetItem#45570",0,0,0
44662,"MirageStoreSetItem#45569","MirageStoreSetItem#0",0,0,0
44664,"MirageStoreSetItem#45569","MirageStoreSetItem#45570",0,0,0
44665,"MirageStoreSetItem#45569","MirageStoreSetItem#45570",0,0,0
44666,"MirageStoreSetItem#45570","MirageStoreSetItem#0",0,0,0
44668,"MirageStoreSetItem#45571","MirageStoreSetItem#45572",0,0,0
44669,"MirageStoreSetItem#45571","MirageStoreSetItem#0",0,0,0
44670,"MirageStoreSetItem#45571","MirageStoreSetItem#45572",0,0,0
44671,"MirageStoreSetItem#45571","MirageStoreSetItem#0",0,0,0
44672,"MirageStoreSetItem#45571","MirageStoreSetItem#0",0,0,0
44673,"MirageStoreSetItem#45572","MirageStoreSetItem#0",0,0,0
44674,"MirageStoreSetItem#45572","MirageStoreSetItem#0",0,0,0
44675,"MirageStoreSetItem#45572","MirageStoreSetItem#0",0,0,0
44676,"MirageStoreSetItem#45573","MirageStoreSetItem#0",0,0,0
44677,"MirageStoreSetItem#45573","MirageStoreSetItem#0",0,0,0
44678,"MirageStoreSetItem#45573","MirageStoreSetItem#0",0,0,0
44679,"MirageStoreSetItem#45573","MirageStoreSetItem#0",0,0,0
44680,"MirageStoreSetItem#45574","MirageStoreSetItem#0",0,0,0
44681,"MirageStoreSetItem#45574","MirageStoreSetItem#0",0,0,0
44682,"MirageStoreSetItem#45574","MirageStoreSetItem#0",0,0,0
44683,"MirageStoreSetItem#45574","MirageStoreSetItem#0",0,0,0
44684,"MirageStoreSetItem#45575","MirageStoreSetItem#0",0,0,0
44685,"MirageStoreSetItem#45575","MirageStoreSetItem#0",0,0,0
44686,"MirageStoreSetItem#45575","MirageStoreSetItem#0",0,0,0
44687,"MirageStoreSetItem#45575","MirageStoreSetItem#0",0,0,0
44688,"MirageStoreSetItem#45576","MirageStoreSetItem#0",0,0,0
44690,"MirageStoreSetItem#45576","MirageStoreSetItem#0",0,0,0
44691,"MirageStoreSetItem#45576","MirageStoreSetItem#0",0,0,0
47202,"MirageStoreSetItem#47704","MirageStoreSetItem#0",0,0,0
47203,"MirageStoreSetItem#47704","MirageStoreSetItem#0",0,0,0
47204,"MirageStoreSetItem#47704","MirageStoreSetItem#0",0,0,0
47205,"MirageStoreSetItem#47704","MirageStoreSetItem#0",0,0,0
47206,"MirageStoreSetItem#47704","MirageStoreSetItem#0",0,0,0
47207,"MirageStoreSetItem#47705","MirageStoreSetItem#0",0,0,0
47208,"MirageStoreSetItem#47705","MirageStoreSetItem#0",0,0,0
47209,"MirageStoreSetItem#47705","MirageStoreSetItem#0",0,0,0
47210,"MirageStoreSetItem#47705","MirageStoreSetItem#0",0,0,0
47211,"MirageStoreSetItem#47705","MirageStoreSetItem#0",0,0,0
47230,"MirageStoreSetItem#47706","MirageStoreSetItem#0",0,0,0
47231,"MirageStoreSetItem#47706","MirageStoreSetItem#0",0,0,0
47232,"MirageStoreSetItem#47706","MirageStoreSetItem#0",0,0,0
47233,"MirageStoreSetItem#47706","MirageStoreSetItem#0",0,0,0
47234,"MirageStoreSetItem#47706","MirageStoreSetItem#0",0,0,0
47235,"MirageStoreSetItem#47707","MirageStoreSetItem#0",0,0,0
47236,"MirageStoreSetItem#47707","MirageStoreSetItem#0",0,0,0
47237,"MirageStoreSetItem#47707","MirageStoreSetItem#0",0,0,0
47238,"MirageStoreSetItem#47707","MirageStoreSetItem#0",0,0,0
47239,"MirageStoreSetItem#47707","MirageStoreSetItem#0",0,0,0
47240,"MirageStoreSetItem#47708","MirageStoreSetItem#0",0,0,0
47241,"MirageStoreSetItem#47708","MirageStoreSetItem#0",0,0,0
47242,"MirageStoreSetItem#47708","MirageStoreSetItem#0",0,0,0
47243,"MirageStoreSetItem#47708","MirageStoreSetItem#0",0,0,0
47244,"MirageStoreSetItem#47708","MirageStoreSetItem#0",0,0,0
47245,"MirageStoreSetItem#47709","MirageStoreSetItem#0",0,0,0
47246,"MirageStoreSetItem#47709","MirageStoreSetItem#0",0,0,0
47247,"MirageStoreSetItem#47709","MirageStoreSetItem#0",0,0,0
47248,"MirageStoreSetItem#47709","MirageStoreSetItem#0",0,0,0
47249,"MirageStoreSetItem#47709","MirageStoreSetItem#0",0,0,0
47250,"MirageStoreSetItem#47710","MirageStoreSetItem#0",0,0,0
47251,"MirageStoreSetItem#47710","MirageStoreSetItem#0",0,0,0
47252,"MirageStoreSetItem#47710","MirageStoreSetItem#0",0,0,0
47253,"MirageStoreSetItem#47710","MirageStoreSetItem#0",0,0,0
47254,"MirageStoreSetItem#47711","MirageStoreSetItem#0",0,0,0
47255,"MirageStoreSetItem#47711","MirageStoreSetItem#0",0,0,0
47256,"MirageStoreSetItem#47711","MirageStoreSetItem#0",0,0,0
47257,"MirageStoreSetItem#47711","MirageStoreSetItem#0",0,0,0
47258,"MirageStoreSetItem#47712","MirageStoreSetItem#0",0,0,0
47259,"MirageStoreSetItem#47712","MirageStoreSetItem#0",0,0,0
47260,"MirageStoreSetItem#47712","MirageStoreSetItem#0",0,0,0
47261,"MirageStoreSetItem#47713","MirageStoreSetItem#0",0,0,0
47262,"MirageStoreSetItem#47713","MirageStoreSetItem#0",0,0,0
47263,"MirageStoreSetItem#50714","MirageStoreSetItem#0",0,0,0
47264,"MirageStoreSetItem#50714","MirageStoreSetItem#0",0,0,0
47265,"MirageStoreSetItem#50714","MirageStoreSetItem#0",0,0,0
47266,"MirageStoreSetItem#50714","MirageStoreSetItem#50715",0,0,0
47267,"MirageStoreSetItem#50715","MirageStoreSetItem#0",0,0,0
47268,"MirageStoreSetItem#50715","MirageStoreSetItem#0",0,0,0
47269,"MirageStoreSetItem#50715","MirageStoreSetItem#0",0,0,0
47270,"MirageStoreSetItem#47714","MirageStoreSetItem#0",0,0,0
47271,"MirageStoreSetItem#47714","MirageStoreSetItem#0",0,0,0
47272,"MirageStoreSetItem#47714","MirageStoreSetItem#0",0,0,0
47273,"MirageStoreSetItem#47714","MirageStoreSetItem#0",0,0,0
47274,"MirageStoreSetItem#47714","MirageStoreSetItem#0",0,0,0
47275,"MirageStoreSetItem#47715","MirageStoreSetItem#0",0,0,0
47276,"MirageStoreSetItem#47715","MirageStoreSetItem#0",0,0,0
47277,"MirageStoreSetItem#47715","MirageStoreSetItem#0",0,0,0
47278,"MirageStoreSetItem#47715","MirageStoreSetItem#0",0,0,0
47279,"MirageStoreSetItem#47718","MirageStoreSetItem#0",0,0,0
47280,"MirageStoreSetItem#47718","MirageStoreSetItem#0",0,0,0
47281,"MirageStoreSetItem#47718","MirageStoreSetItem#0",0,0,0
47282,"MirageStoreSetItem#47718","MirageStoreSetItem#0",0,0,0
47283,"MirageStoreSetItem#47718","MirageStoreSetItem#0",0,0,0
47284,"MirageStoreSetItem#47720","MirageStoreSetItem#0",0,0,0
47285,"MirageStoreSetItem#47720","MirageStoreSetItem#0",0,0,0
47286,"MirageStoreSetItem#47720","MirageStoreSetItem#0",0,0,0
47287,"MirageStoreSetItem#47720","MirageStoreSetItem#0",0,0,0
47288,"MirageStoreSetItem#47722","MirageStoreSetItem#0",0,0,0
47289,"MirageStoreSetItem#47722","MirageStoreSetItem#0",0,0,0
47290,"MirageStoreSetItem#47722","MirageStoreSetItem#0",0,0,0
47291,"MirageStoreSetItem#47722","MirageStoreSetItem#0",0,0,0
47292,"MirageStoreSetItem#47722","MirageStoreSetItem#0",0,0,0
47293,"MirageStoreSetItem#47724","MirageStoreSetItem#0",0,0,0
47294,"MirageStoreSetItem#47724","MirageStoreSetItem#0",0,0,0
47295,"MirageStoreSetItem#47724","MirageStoreSetItem#0",0,0,0
47296,"MirageStoreSetItem#47724","MirageStoreSetItem#0",0,0,0
47301,"MirageStoreSetItem#47725","MirageStoreSetItem#0",0,0,0
47302,"MirageStoreSetItem#47725","MirageStoreSetItem#0",0,0,0
47303,"MirageStoreSetItem#47725","MirageStoreSetItem#0",0,0,0
47304,"MirageStoreSetItem#47726","MirageStoreSetItem#0",0,0,0
47305,"MirageStoreSetItem#47726","MirageStoreSetItem#0",0,0,0
47306,"MirageStoreSetItem#47726","MirageStoreSetItem#0",0,0,0
47307,"MirageStoreSetItem#47727","MirageStoreSetItem#0",0,0,0
47308,"MirageStoreSetItem#47727","MirageStoreSetItem#0",0,0,0
47309,"MirageStoreSetItem#47727","MirageStoreSetItem#0",0,0,0
47310,"MirageStoreSetItem#47727","MirageStoreSetItem#0",0,0,0
47311,"MirageStoreSetItem#47727","MirageStoreSetItem#0",0,0,0
47341,"MirageStoreSetItem#47724","MirageStoreSetItem#0",0,0,0
47891,"MirageStoreSetItem#48745","MirageStoreSetItem#0",0,0,0
47892,"MirageStoreSetItem#48745","MirageStoreSetItem#0",0,0,0
47893,"MirageStoreSetItem#48745","MirageStoreSetItem#0",0,0,0
47894,"MirageStoreSetItem#48745","MirageStoreSetItem#0",0,0,0
47895,"MirageStoreSetItem#48745","MirageStoreSetItem#0",0,0,0
47896,"MirageStoreSetItem#48746","MirageStoreSetItem#0",0,0,0
47897,"MirageStoreSetItem#48746","MirageStoreSetItem#0",0,0,0
47898,"MirageStoreSetItem#48746","MirageStoreSetItem#0",0,0,0
47899,"MirageStoreSetItem#48746","MirageStoreSetItem#0",0,0,0
47900,"MirageStoreSetItem#48746","MirageStoreSetItem#0",0,0,0
47901,"MirageStoreSetItem#48747","MirageStoreSetItem#0",0,0,0
47902,"MirageStoreSetItem#48747","MirageStoreSetItem#0",0,0,0
47903,"MirageStoreSetItem#48747","MirageStoreSetItem#0",0,0,0
47904,"MirageStoreSetItem#48747","MirageStoreSetItem#0",0,0,0
47905,"MirageStoreSetItem#48747","MirageStoreSetItem#0",0,0,0
47906,"MirageStoreSetItem#48737","MirageStoreSetItem#0",0,0,0
47907,"MirageStoreSetItem#48737","MirageStoreSetItem#0",0,0,0
47908,"MirageStoreSetItem#48737","MirageStoreSetItem#0",0,0,0
47909,"MirageStoreSetItem#48737","MirageStoreSetItem#0",0,0,0
47910,"MirageStoreSetItem#48737","MirageStoreSetItem#0",0,0,0
47911,"MirageStoreSetItem#48738","MirageStoreSetItem#0",0,0,0
47912,"MirageStoreSetItem#48738","MirageStoreSetItem#0",0,0,0
47913,"MirageStoreSetItem#48738","MirageStoreSetItem#0",0,0,0
47914,"MirageStoreSetItem#48738","MirageStoreSetItem#0",0,0,0
47915,"MirageStoreSetItem#48739","MirageStoreSetItem#0",0,0,0
47916,"MirageStoreSetItem#48739","MirageStoreSetItem#0",0,0,0
47917,"MirageStoreSetItem#48739","MirageStoreSetItem#0",0,0,0
47918,"MirageStoreSetItem#48739","MirageStoreSetItem#0",0,0,0
47919,"MirageStoreSetItem#48740","MirageStoreSetItem#0",0,0,0
47920,"MirageStoreSetItem#48741","MirageStoreSetItem#0",0,0,0
47921,"MirageStoreSetItem#48740","MirageStoreSetItem#48741",0,0,0
47922,"MirageStoreSetItem#48741","MirageStoreSetItem#0",0,0,0
47923,"MirageStoreSetItem#48740","MirageStoreSetItem#48741",0,0,0
47924,"MirageStoreSetItem#48742","MirageStoreSetItem#0",0,0,0
47925,"MirageStoreSetItem#48742","MirageStoreSetItem#0",0,0,0
47926,"MirageStoreSetItem#48742","MirageStoreSetItem#0",0,0,0
47927,"MirageStoreSetItem#48742","MirageStoreSetItem#0",0,0,0
47928,"MirageStoreSetItem#48740","MirageStoreSetItem#0",0,0,0
47929,"MirageStoreSetItem#48743","MirageStoreSetItem#0",0,0,0
47930,"MirageStoreSetItem#48743","MirageStoreSetItem#0",0,0,0
47931,"MirageStoreSetItem#48743","MirageStoreSetItem#0",0,0,0
47932,"MirageStoreSetItem#48743","MirageStoreSetItem#0",0,0,0
47933,"MirageStoreSetItem#48744","MirageStoreSetItem#0",0,0,0
47934,"MirageStoreSetItem#48744","MirageStoreSetItem#0",0,0,0
47935,"MirageStoreSetItem#48744","MirageStoreSetItem#0",0,0,0
47936,"MirageStoreSetItem#48744","MirageStoreSetItem#0",0,0,0
48727,"MirageStoreSetItem#48737","MirageStoreSetItem#0",0,0,0
50252,"MirageStoreSetItem#50716","MirageStoreSetItem#0",0,0,0
50253,"MirageStoreSetItem#50716","MirageStoreSetItem#0",0,0,0
50254,"MirageStoreSetItem#50716","MirageStoreSetItem#0",0,0,0
50255,"MirageStoreSetItem#50716","MirageStoreSetItem#0",0,0,0
50256,"MirageStoreSetItem#50716","MirageStoreSetItem#0",0,0,0
50257,"MirageStoreSetItem#50717","MirageStoreSetItem#0",0,0,0
50258,"MirageStoreSetItem#50717","MirageStoreSetItem#0",0,0,0
50259,"MirageStoreSetItem#50717","MirageStoreSetItem#0",0,0,0
50260,"MirageStoreSetItem#50717","MirageStoreSetItem#0",0,0,0
50261,"MirageStoreSetItem#50717","MirageStoreSetItem#0",0,0,0
50262,"MirageStoreSetItem#50718","MirageStoreSetItem#0",0,0,0
50263,"MirageStoreSetItem#50718","MirageStoreSetItem#0",0,0,0
50264,"MirageStoreSetItem#50718","MirageStoreSetItem#0",0,0,0
50265,"MirageStoreSetItem#50718","MirageStoreSetItem#0",0,0,0
50266,"MirageStoreSetItem#50718","MirageStoreSetItem#0",0,0,0
50267,"MirageStoreSetItem#50719","MirageStoreSetItem#0",0,0,0
50268,"MirageStoreSetItem#50719","MirageStoreSetItem#0",0,0,0
50269,"MirageStoreSetItem#50719","MirageStoreSetItem#0",0,0,0
50270,"MirageStoreSetItem#50719","MirageStoreSetItem#0",0,0,0
50271,"MirageStoreSetItem#50719","MirageStoreSetItem#0",0,0,0
50272,"MirageStoreSetItem#50720","MirageStoreSetItem#0",0,0,0
50273,"MirageStoreSetItem#50720","MirageStoreSetItem#0",0,0,0
50274,"MirageStoreSetItem#50720","MirageStoreSetItem#0",0,0,0
50275,"MirageStoreSetItem#50720","MirageStoreSetItem#0",0,0,0
50276,"MirageStoreSetItem#50720","MirageStoreSetItem#0",0,0,0
50277,"MirageStoreSetItem#50721","MirageStoreSetItem#0",0,0,0
50278,"MirageStoreSetItem#50721","MirageStoreSetItem#0",0,0,0
50279,"MirageStoreSetItem#50721","MirageStoreSetItem#0",0,0,0
50280,"MirageStoreSetItem#50722","MirageStoreSetItem#0",0,0,0
50281,"MirageStoreSetItem#50722","MirageStoreSetItem#0",0,0,0
50282,"MirageStoreSetItem#50722","MirageStoreSetItem#0",0,0,0
50283,"MirageStoreSetItem#50722","MirageStoreSetItem#0",0,0,0
50284,"MirageStoreSetItem#50722","MirageStoreSetItem#0",0,0,0
50301,"MirageStoreSetItem#50725","MirageStoreSetItem#0",0,0,0
50302,"MirageStoreSetItem#50725","MirageStoreSetItem#0",0,0,0
50303,"MirageStoreSetItem#50726","MirageStoreSetItem#0",0,0,0
50304,"MirageStoreSetItem#50726","MirageStoreSetItem#0",0,0,0
50305,"MirageStoreSetItem#50726","MirageStoreSetItem#0",0,0,0
50306,"MirageStoreSetItem#50726","MirageStoreSetItem#0",0,0,0
50307,"MirageStoreSetItem#50726","MirageStoreSetItem#0",0,0,0
50811,"MirageStoreSetItem#50822","MirageStoreSetItem#0",0,0,0
50812,"MirageStoreSetItem#50822","MirageStoreSetItem#0",0,0,0
50813,"MirageStoreSetItem#50822","MirageStoreSetItem#0",0,0,0
50814,"MirageStoreSetItem#50822","MirageStoreSetItem#0",0,0,0
50815,"MirageStoreSetItem#50822","MirageStoreSetItem#0",0,0,0
50816,"MirageStoreSetItem#50822","MirageStoreSetItem#0",0,0,0
50817,"MirageStoreSetItem#50822","MirageStoreSetItem#0",0,0,0
50818,"MirageStoreSetItem#50822","MirageStoreSetItem#0",0,0,0
50819,"MirageStoreSetItem#50822","MirageStoreSetItem#0",0,0,0
50820,"MirageStoreSetItem#50823","MirageStoreSetItem#0",0,0,0
50821,"MirageStoreSetItem#50823","MirageStoreSetItem#0",0,0,0
